# World cities >=100k population, from GeoNames cities15000 (CC-BY 4.0, geonames.org)
# name	ascii	country_code	timezone	population
Shanghai	Shanghai	CN	Asia/Shanghai	24874500
Beijing	Beijing	CN	Asia/Shanghai	18960744
Shenzhen	Shenzhen	CN	Asia/Shanghai	17494398
Guangzhou	Guangzhou	CN	Asia/Shanghai	16096724
Kinshasa	Kinshasa	CD	Africa/Kinshasa	16000000
Istanbul	Istanbul	TR	Europe/Istanbul	15701602
Lagos	Lagos	NG	Africa/Lagos	15388000
Ho Chi Minh City	Ho Chi Minh City	VN	Asia/Ho_Chi_Minh	14002598
Chengdu	Chengdu	CN	Asia/Shanghai	13568357
Lahore	Lahore	PK	Asia/Karachi	13004135
Mumbai	Mumbai	IN	Asia/Kolkata	12691836
São Paulo	Sao Paulo	BR	America/Sao_Paulo	12400232
Mexico City	Mexico City	MX	America/Mexico_City	12294193
Karachi	Karachi	PK	Asia/Karachi	11624219
Tianjin	Tianjin	CN	Asia/Shanghai	11090314
Delhi	Delhi	IN	Asia/Kolkata	11034555
Wuhan	Wuhan	CN	Asia/Shanghai	10392693
Moscow	Moscow	RU	Europe/Moscow	10381222
Dhaka	Dhaka	BD	Asia/Dhaka	10356500
Seoul	Seoul	KR	Asia/Seoul	10349312
Tokyo	Tokyo	JP	Asia/Tokyo	9733276
Dongguan	Dongguan	CN	Asia/Shanghai	9644871
Cairo	Cairo	EG	Africa/Cairo	9606916
Xi’an	Xi'an	CN	Asia/Shanghai	9600000
Johannesburg	Johannesburg	ZA	Africa/Johannesburg	9418183
Nanjing	Nanjing	CN	Asia/Shanghai	9314685
Hangzhou	Hangzhou	CN	Asia/Shanghai	9236032
Foshan	Foshan	CN	Asia/Shanghai	9042509
London	London	GB	Europe/London	8961989
New York City	New York City	US	America/New_York	8804190
Jakarta	Jakarta	ID	Asia/Jakarta	8540121
Bengaluru	Bengaluru	IN	Asia/Kolkata	8495492
Hanoi	Hanoi	VN	Asia/Bangkok	8053663
Taipei	Taipei	TW	Asia/Taipei	7871900
Lima	Lima	PE	America/Lima	7737002
Bogotá	Bogota	CO	America/Bogota	7674366
Chongqing	Chongqing	CN	Asia/Shanghai	7457599
Hong Kong	Hong Kong	HK	Asia/Hong_Kong	7396076
Baghdad	Baghdad	IQ	Asia/Baghdad	7216000
Wuzhong	Wuzhong	CN	Asia/Shanghai	7202654
Qingdao	Qingdao	CN	Asia/Shanghai	7172451
Tehran	Tehran	IR	Asia/Tehran	7153309
Shenyang	Shenyang	CN	Asia/Shanghai	7050000
Hyderabad	Hyderabad	IN	Asia/Kolkata	6993262
Rio de Janeiro	Rio de Janeiro	BR	America/Sao_Paulo	6747815
Suzhou	Suzhou	CN	Asia/Shanghai	6715559
Puxi	Puxi	CN	Asia/Shanghai	6683712
Ahmedabad	Ahmedabad	IN	Asia/Kolkata	6357693
Abidjan	Abidjan	CI	Africa/Abidjan	6321017
Pudong	Pudong	CN	Asia/Shanghai	5681512
Sydney	Sydney	AU	Australia/Sydney	5638830
Singapore	Singapore	SG	Asia/Singapore	5638700
Melbourne	Melbourne	AU	Australia/Melbourne	5435590
Dar es Salaam	Dar es Salaam	TZ	Africa/Dar_es_Salaam	5383728
Saint Petersburg	Saint Petersburg	RU	Europe/Moscow	5351935
Alexandria	Alexandria	EG	Africa/Cairo	5263542
Harbin	Harbin	CN	Asia/Shanghai	5242897
Bangkok	Bangkok	TH	Asia/Bangkok	5104476
Hefei	Hefei	CN	Asia/Shanghai	5050000
Dalian	Dalian	CN	Asia/Shanghai	4913879
Kano	Kano	NG	Africa/Lagos	4910000
Santiago	Santiago	CL	America/Santiago	4837295
Cape Town	Cape Town	ZA	Africa/Johannesburg	4772846
Peshawar	Peshawar	PK	Asia/Karachi	4758762
Changchun	Changchun	CN	Asia/Shanghai	4714996
Jeddah	Jeddah	SA	Asia/Riyadh	4697000
Chennai	Chennai	IN	Asia/Kolkata	4681087
Kolkata	Kolkata	IN	Asia/Kolkata	4631392
Xiamen	Xiamen	CN	Asia/Shanghai	4617251
Surat	Surat	IN	Asia/Kolkata	4591246
Yangon	Yangon	MM	Asia/Yangon	4477638
Bao'an	Bao'an	CN	Asia/Shanghai	4476554
Kabul	Kabul	AF	Asia/Kabul	4434550
Nairobi	Nairobi	KE	Africa/Nairobi	4397073
Wuxi	Wuxi	CN	Asia/Shanghai	4396835
Giza	Giza	EG	Africa/Cairo	4367343
Jinan	Jinan	CN	Asia/Shanghai	4335989
Taiyuan	Taiyuan	CN	Asia/Shanghai	4303673
Zhengzhou	Zhengzhou	CN	Asia/Shanghai	4253913
Bamako	Bamako	ML	Africa/Bamako	4227569
Riyadh	Riyadh	SA	Asia/Riyadh	4205961
New Taipei City	New Taipei City	TW	Asia/Taipei	4004367
New Territories	New Territories	HK	Asia/Hong_Kong	3984077
Shijiazhuang	Shijiazhuang	CN	Asia/Shanghai	3938513
Chattogram	Chattogram	BD	Asia/Dhaka	3920222
Addis Ababa	Addis Ababa	ET	Africa/Addis_Ababa	3860000
Kunming	Kunming	CN	Asia/Shanghai	3855346
Zhongshan	Zhongshan	CN	Asia/Shanghai	3841873
Nanning	Nanning	CN	Asia/Shanghai	3839800
Shantou	Shantou	CN	Asia/Shanghai	3838900
Los Angeles	Los Angeles	US	America/Los_Angeles	3820914
Faisalabad	Faisalabad	PK	Asia/Karachi	3800193
Dubai	Dubai	AE	Asia/Dubai	3790000
Yokohama	Yokohama	JP	Asia/Tokyo	3777491
Fuzhou	Fuzhou	CN	Asia/Shanghai	3740000
Ningbo	Ningbo	CN	Asia/Shanghai	3731203
Casablanca	Casablanca	MA	Africa/Casablanca	3665954
Ibadan	Ibadan	NG	Africa/Lagos	3649000
Puyang	Puyang	CN	Asia/Shanghai	3590000
Ankara	Ankara	TR	Europe/Istanbul	3517182
Shiyan	Shiyan	CN	Asia/Shanghai	3460000
Berlin	Berlin	DE	Europe/Berlin	3426354
Tangshan	Tangshan	CN	Asia/Shanghai	3372102
Rawalpindi	Rawalpindi	PK	Asia/Karachi	3357612
Lüliang	Lueliang	CN	Asia/Shanghai	3346500
Durban	Durban	ZA	Africa/Johannesburg	3338026
Changzhou	Changzhou	CN	Asia/Shanghai	3290918
Busan	Busan	KR	Asia/Seoul	3285147
Madrid	Madrid	ES	Europe/Madrid	3255944
Pyongyang	Pyongyang	KP	Asia/Pyongyang	3222000
Zibo	Zibo	CN	Asia/Shanghai	3129228
Pune	Pune	IN	Asia/Kolkata	3124458
Bursa	Bursa	TR	Europe/Istanbul	3101833
Changsha	Changsha	CN	Asia/Shanghai	3093980
Quezon City	Quezon City	PH	Asia/Manila	3084270
Jaipur	Jaipur	IN	Asia/Kolkata	3046163
Guiyang	Guiyang	CN	Asia/Shanghai	3037159
Ürümqi	UEruemqi	CN	Asia/Urumqi	3029372
Surabaya	Surabaya	ID	Asia/Jakarta	3018022
Incheon	Incheon	KR	Asia/Seoul	3015482
Lanzhou	Lanzhou	CN	Asia/Shanghai	3000000
Caracas	Caracas	VE	America/Caracas	3000000
Kyiv	Kyiv	UA	Europe/Kyiv	2952301
İzmir	Izmir	TR	Europe/Istanbul	2938292
Huizhou	Huizhou	CN	Asia/Shanghai	2900113
Buenos Aires	Buenos Aires	AR	America/Argentina/Buenos_Aires	2891082
Haikou	Haikou	CN	Asia/Shanghai	2873358
Taichung	Taichung	TW	Asia/Taipei	2850285
Kanpur	Kanpur	IN	Asia/Kolkata	2823249
Toronto	Toronto	CA	America/Toronto	2794356
Quito	Quito	EC	America/Guayaquil	2781641
Brisbane	Brisbane	AU	Australia/Brisbane	2780063
Luanda	Luanda	AO	Africa/Luanda	2776168
Osaka	Osaka	JP	Asia/Tokyo	2753862
Linyi	Linyi	CN	Asia/Shanghai	2743843
Baoding	Baoding	CN	Asia/Shanghai	2739887
Kaohsiung	Kaohsiung	TW	Asia/Taipei	2737660
Brooklyn	Brooklyn	US	America/New_York	2736074
Guayaquil	Guayaquil	EC	America/Guayaquil	2723665
Belo Horizonte	Belo Horizonte	BR	America/Sao_Paulo	2721564
Minhang	Minhang	CN	Asia/Shanghai	2716600
Bazhong	Bazhong	CN	Asia/Shanghai	2712894
Salvador	Salvador	BR	America/Bahia	2711840
Abuja	Abuja	NG	Africa/Lagos	2690000
Gazipur	Gazipur	BD	Asia/Dhaka	2674697
Chicago	Chicago	US	America/Chicago	2664452
Wenzhou	Wenzhou	CN	Asia/Shanghai	2650000
Bekasi	Bekasi	ID	Asia/Jakarta	2648272
Dakar	Dakar	SN	Africa/Dakar	2646503
Haiphong	Haiphong	VN	Asia/Bangkok	2625200
Yunfu	Yunfu	CN	Asia/Shanghai	2612800
Navi Mumbai	Navi Mumbai	IN	Asia/Kolkata	2600000
Mogadishu	Mogadishu	SO	Africa/Mogadishu	2587183
Kumasi	Kumasi	GH	Africa/Accra	2544530
Bandung	Bandung	ID	Asia/Jakarta	2528163
Gujranwala	Gujranwala	PK	Asia/Karachi	2511118
Huai'an	Huai'an	CN	Asia/Shanghai	2494013
Medan	Medan	ID	Asia/Jakarta	2486283
Lucknow	Lucknow	IN	Asia/Kolkata	2472011
Ouagadougou	Ouagadougou	BF	Africa/Ouagadougou	2415266
Nagpur	Nagpur	IN	Asia/Kolkata	2405665
Fortaleza	Fortaleza	BR	America/Fortaleza	2400000
Cali	Cali	CO	America/Bogota	2392877
Perth	Perth	AU	Australia/Perth	2384371
Daegu	Daegu	KR	Asia/Seoul	2365523
Algiers	Algiers	DZ	Africa/Algiers	2364230
Nanchang	Nanchang	CN	Asia/Shanghai	2357839
Baku	Baku	AZ	Asia/Baku	2351300
Hohhot	Hohhot	CN	Asia/Shanghai	2350000
Nagoya	Nagoya	JP	Asia/Tokyo	2332176
Rome	Rome	IT	Europe/Rome	2318895
Queens	Queens	US	America/New_York	2316841
Houston	Houston	US	America/Chicago	2314157
Mashhad	Mashhad	IR	Asia/Tehran	2307177
Shaoxing	Shaoxing	CN	Asia/Shanghai	2300000
Nantong	Nantong	CN	Asia/Shanghai	2273326
Baoshan	Baoshan	CN	Asia/Shanghai	2265900
Kowloon	Kowloon	HK	Asia/Hong_Kong	2232339
Yantai	Yantai	CN	Asia/Shanghai	2227733
Gaziantep	Gaziantep	TR	Europe/Istanbul	2222415
Lubumbashi	Lubumbashi	CD	Africa/Lubumbashi	2221925
Manaus	Manaus	BR	America/Manaus	2219580
Lusaka	Lusaka	ZM	Africa/Lusaka	2212301
Brasília	Brasilia	BR	America/Sao_Paulo	2207718
Zhuhai	Zhuhai	CN	Asia/Shanghai	2207090
Santo Domingo	Santo Domingo	DO	America/Santo_Domingo	2201941
Lomé	Lome	TG	Africa/Lome	2188376
Multan	Multan	PK	Asia/Karachi	2169915
Havana	Havana	CU	America/Havana	2163824
Depok	Depok	ID	Asia/Jakarta	2163635
Baotou	Baotou	CN	Asia/Shanghai	2150000
Paris	Paris	FR	Europe/Paris	2138551
Coimbatore	Coimbatore	IN	Asia/Kolkata	2136916
Qingyang	Qingyang	CN	Asia/Shanghai	2125400
Port Harcourt	Port Harcourt	NG	Africa/Lagos	2120000
Pretoria	Pretoria	ZA	Africa/Johannesburg	2112693
Córdoba	Cordoba	AR	America/Argentina/Cordoba	2106734
Mbuji-Mayi	Mbuji-Mayi	CD	Africa/Lubumbashi	2101332
Aleppo	Aleppo	SY	Asia/Damascus	2098210
Kunshan	Kunshan	CN	Asia/Shanghai	2092496
Al Mawşil al Jadīdah	Al Mawsil al Jadidah	IQ	Asia/Baghdad	2065597
Weifang	Weifang	CN	Asia/Shanghai	2044028
Zunyi	Zunyi	CN	Asia/Shanghai	2037775
Al Başrah al Qadīmah	Al Basrah al Qadimah	IQ	Asia/Baghdad	2015483
La Paz	La Paz	BO	America/La_Paz	2004652
Lianyungang	Lianyungang	CN	Asia/Shanghai	2001009
Medellín	Medellin	CO	America/Bogota	1999979
Indore	Indore	IN	Asia/Kolkata	1994397
Brazzaville	Brazzaville	CG	Africa/Brazzaville	1982000
Tashkent	Tashkent	UZ	Asia/Tashkent	1978028
Ganzhou	Ganzhou	CN	Asia/Shanghai	1977253
Almaty	Almaty	KZ	Asia/Almaty	1977011
Khartoum	Khartoum	SD	Africa/Khartoum	1974647
Hamburg	Hamburg	DE	Europe/Berlin	1973896
Sapporo	Sapporo	JP	Asia/Tokyo	1973832
Songjiang	Songjiang	CN	Asia/Shanghai	1973500
Accra	Accra	GH	Africa/Accra	1963264
Curitiba	Curitiba	BR	America/Sao_Paulo	1948626
Ordos	Ordos	CN	Asia/Shanghai	1940653
Sanaa	Sanaa	YE	Asia/Aden	1937451
Conakry	Conakry	GN	Africa/Conakry	1928389
Tangerang	Tangerang	ID	Asia/Jakarta	1927815
Tijuana	Tijuana	MX	America/Tijuana	1922523
Hyderabad	Hyderabad	PK	Asia/Karachi	1921275
Beirut	Beirut	LB	Asia/Beirut	1916100
Jieyang	Jieyang	CN	Asia/Shanghai	1899394
Jilin	Jilin	CN	Asia/Shanghai	1895865
Jiading	Jiading	CN	Asia/Shanghai	1886100
Bucharest	Bucharest	RO	Europe/Bucharest	1877155
Camayenne	Camayenne	GN	Africa/Conakry	1871242
Kakamega	Kakamega	KE	Africa/Nairobi	1867579
Shangqiu	Shangqiu	CN	Asia/Shanghai	1859723
Nanchong	Nanchong	CN	Asia/Shanghai	1858875
Tainan	Tainan	TW	Asia/Taipei	1856642
Datong	Datong	CN	Asia/Shanghai	1850000
Kaduna	Kaduna	NG	Africa/Lagos	1850000
Omdurman	Omdurman	SD	Africa/Khartoum	1849659
Davao	Davao	PH	Asia/Manila	1848947
Thāne	Thane	IN	Asia/Kolkata	1841488
Iztapalapa	Iztapalapa	MX	America/Mexico_City	1835486
Diyarbakır	Diyarbakir	TR	Europe/Istanbul	1833684
Santa Cruz de la Sierra	Santa Cruz de la Sierra	BO	America/La_Paz	1831434
Vadodara	Vadodara	IN	Asia/Kolkata	1822221
Adana	Adana	TR	Europe/Istanbul	1816750
Nanyang	Nanyang	CN	Asia/Shanghai	1811812
Abu Dhabi	Abu Dhabi	AE	Asia/Dubai	1807000
Palembang	Palembang	ID	Asia/Jakarta	1801367
Sharjah	Sharjah	AE	Asia/Dubai	1800000
Bhopal	Bhopal	IN	Asia/Kolkata	1798218
Jiangmen	Jiangmen	CN	Asia/Shanghai	1795459
Benin City	Benin City	NG	Africa/Lagos	1782000
Jiangyin	Jiangyin	CN	Asia/Shanghai	1779515
Fuyang	Fuyang	CN	Asia/Shanghai	1768947
Montréal	Montreal	CA	America/Toronto	1762949
Bayan Nur	Bayan Nur	CN	Asia/Shanghai	1760000
Maracaibo	Maracaibo	VE	America/Caracas	1752602
Chaozhou	Chaozhou	CN	Asia/Shanghai	1750945
Minsk	Minsk	BY	Europe/Minsk	1742124
Budapest	Budapest	HU	Europe/Budapest	1741041
Qingyuan	Qingyuan	CN	Asia/Shanghai	1738424
Tai’an	Tai'an	CN	Asia/Shanghai	1735425
Rasapūdipalem	Rasapudipalem	IN	Asia/Kolkata	1728128
Pimpri-Chinchwad	Pimpri-Chinchwad	IN	Asia/Kolkata	1727692
Caloocan	Caloocan	PH	Asia/Manila	1712945
Warsaw	Warsaw	PL	Europe/Warsaw	1702139
Soweto	Soweto	ZA	Africa/Johannesburg	1695047
Semarang	Semarang	ID	Asia/Jakarta	1694740
Puebla	Puebla	MX	America/Mexico_City	1692181
Vienna	Vienna	AT	Europe/Vienna	1691468
Barcelona	Barcelona	ES	Europe/Madrid	1686208
Patna	Patna	IN	Asia/Kolkata	1684297
Mosul	Mosul	IQ	Asia/Baghdad	1683000
Kallakurichi	Kallakurichi	IN	Asia/Kolkata	1682687
Kampala	Kampala	UG	Africa/Kampala	1680600
Xining	Xining	CN	Asia/Shanghai	1677177
Changshu	Changshu	CN	Asia/Shanghai	1677050
Huainan	Huainan	CN	Asia/Shanghai	1666826
Rabat	Rabat	MA	Africa/Casablanca	1655753
Recife	Recife	BR	America/Recife	1653461
Phoenix	Phoenix	US	America/Phoenix	1650070
Suzhou	Suzhou	CN	Asia/Shanghai	1647642
Ecatepec de Morelos	Ecatepec de Morelos	MX	America/Mexico_City	1645352
Lu’an	Lu'an	CN	Asia/Shanghai	1644344
Valencia	Valencia	VE	America/Caracas	1619470
Ludhiana	Ludhiana	IN	Asia/Kolkata	1618879
Yancheng	Yancheng	CN	Asia/Shanghai	1615717
Novosibirsk	Novosibirsk	RU	Asia/Novosibirsk	1612833
Erbil	Erbil	IQ	Asia/Baghdad	1612700
Fukuoka	Fukuoka	JP	Asia/Tokyo	1612392
Taizhou	Taizhou	CN	Asia/Shanghai	1607108
Daqing	Daqing	CN	Asia/Shanghai	1604027
Manila	Manila	PH	Asia/Manila	1600000
Wuhu	Wuhu	CN	Asia/Shanghai	1598165
Santiago de Querétaro	Santiago de Queretaro	MX	America/Mexico_City	1594212
Dazhou	Dazhou	CN	Asia/Shanghai	1589435
Yangzhou	Yangzhou	CN	Asia/Shanghai	1584237
León de los Aldama	Leon de los Aldama	MX	America/Mexico_City	1579803
Makkah	Makkah	SA	Asia/Riyadh	1578722
Philadelphia	Philadelphia	US	America/New_York	1573916
Phnom Penh	Phnom Penh	KH	Asia/Phnom_Penh	1573544
Guilin	Guilin	CN	Asia/Shanghai	1572300
Damascus	Damascus	SY	Asia/Damascus	1569394
Quetta	Quetta	PK	Asia/Karachi	1565546
Zhaoqing	Zhaoqing	CN	Asia/Shanghai	1553109
Onitsha	Onitsha	NG	Africa/Lagos	1553000
Mianyang	Mianyang	CN	Asia/Shanghai	1550000
Auckland	Auckland	NZ	Pacific/Auckland	1547200
Isfahan	Isfahan	IR	Asia/Tehran	1547164
Wanzhou	Wanzhou	CN	Asia/Shanghai	1545900
Astana	Astana	KZ	Asia/Almaty	1544142
Harare	Harare	ZW	Africa/Harare	1542813
Monrovia	Monrovia	LR	Africa/Monrovia	1542549
Putian	Putian	CN	Asia/Shanghai	1539389
Kawasaki	Kawasaki	JP	Asia/Tokyo	1538262
Goiânia	Goiania	BR	America/Sao_Paulo	1536097
San Antonio	San Antonio	US	America/Chicago	1526656
Kobe	Kobe	JP	Asia/Tokyo	1525152
Stockholm	Stockholm	SE	Europe/Stockholm	1515017
Ciudad Juárez	Ciudad Juarez	MX	America/Ciudad_Juarez	1512450
Cần Thơ	Can Tho	VN	Asia/Ho_Chi_Minh	1507187
Munich	Munich	DE	Europe/Berlin	1505005
Khulna	Khulna	BD	Asia/Dhaka	1500689
Belém	Belem	BR	America/Belem	1499641
Yekaterinburg	Yekaterinburg	RU	Asia/Yekaterinburg	1495066
Porto Alegre	Porto Alegre	BR	America/Sao_Paulo	1488252
Yinchuan	Yinchuan	CN	Asia/Shanghai	1487579
Manhattan	Manhattan	US	America/New_York	1487536
Nashik	Nashik	IN	Asia/Kolkata	1486053
Taizhou	Taizhou	CN	Asia/Shanghai	1485502
Asunción	Asuncion	PY	America/Asuncion	1482200
Yiwu	Yiwu	CN	Asia/Shanghai	1481384
Zapopan	Zapopan	MX	America/Mexico_City	1476491
Makassar	Makassar	ID	Asia/Makassar	1474393
Adelaide	Adelaide	AU	Australia/Adelaide	1469163
Quanzhou	Quanzhou	CN	Asia/Shanghai	1469157
Madurai	Madurai	IN	Asia/Kolkata	1465625
Jinhua	Jinhua	CN	Asia/Shanghai	1463990
Kyoto	Kyoto	JP	Asia/Tokyo	1463723
Cixi	Cixi	CN	Asia/Shanghai	1457510
Changde	Changde	CN	Asia/Shanghai	1457419
Kuala Lumpur	Kuala Lumpur	MY	Asia/Kuala_Lumpur	1453975
Kayseri	Kayseri	TR	Europe/Istanbul	1452458
Kaifeng	Kaifeng	CN	Asia/Shanghai	1451741
Anshan	Anshan	CN	Asia/Shanghai	1450000
Karaj	Karaj	IR	Asia/Tehran	1448075
Kathmandu	Kathmandu	NP	Asia/Kathmandu	1442271
Daejeon	Daejeon	KR	Asia/Seoul	1441203
Baoji	Baoji	CN	Asia/Shanghai	1437802
Suqian	Suqian	CN	Asia/Shanghai	1437685
Liuzhou	Liuzhou	CN	Asia/Shanghai	1436599
Tirunelveli	Tirunelveli	IN	Asia/Kolkata	1435844
Konya	Konya	TR	Europe/Istanbul	1433861
Zhangjiagang	Zhangjiagang	CN	Asia/Shanghai	1432044
Agra	Agra	IN	Asia/Kolkata	1430055
South Tangerang	South Tangerang	ID	Asia/Jakarta	1429529
Tabriz	Tabriz	IR	Asia/Tehran	1424641
Kharkiv	Kharkiv	UA	Europe/Kyiv	1421125
Jinjiang	Jinjiang	CN	Asia/Shanghai	1416151
Faridabad	Faridabad	IN	Asia/Kolkata	1414050
Bozhou	Bozhou	CN	Asia/Shanghai	1409436
Qujing	Qujing	CN	Asia/Shanghai	1408500
San Diego	San Diego	US	America/Los_Angeles	1404452
Gwangju	Gwangju	KR	Asia/Seoul	1401235
Zhanjiang	Zhanjiang	CN	Asia/Shanghai	1400709
Fushun	Fushun	CN	Asia/Shanghai	1400646
Rājkot	Rajkot	IN	Asia/Kolkata	1390640
Luoyang	Luoyang	CN	Asia/Shanghai	1390581
Guadalajara	Guadalajara	MX	America/Mexico_City	1385629
The Bronx	The Bronx	US	America/New_York	1385108
Guankou	Guankou	CN	Asia/Shanghai	1380000
Huế	Hue	VN	Asia/Bangkok	1380000
Milan	Milan	IT	Europe/Rome	1371498
Najafgarh	Najafgarh	IN	Asia/Kolkata	1365000
N'Djamena	N'Djamena	TD	Africa/Ndjamena	1359526
Handan	Handan	CN	Asia/Shanghai	1358318
Bannu	Bannu	PK	Asia/Karachi	1357890
Yichang	Yichang	CN	Asia/Shanghai	1350150
Antananarivo	Antananarivo	MG	Indian/Antananarivo	1349501
Heze	Heze	CN	Asia/Shanghai	1346717
Guarulhos	Guarulhos	BR	America/Sao_Paulo	1345364
Abobo	Abobo	CI	Africa/Abidjan	1340083
Jamshedpur	Jamshedpur	IN	Asia/Kolkata	1339438
Douala	Douala	CM	Africa/Douala	1338082
Antalya	Antalya	TR	Europe/Istanbul	1335002
Basrah	Basrah	IQ	Asia/Baghdad	1326564
Dallas	Dallas	US	America/Chicago	1326087
Saitama	Saitama	JP	Asia/Tokyo	1324854
Gorakhpur	Gorakhpur	IN	Asia/Kolkata	1324570
Niamey	Niamey	NE	Africa/Niamey	1323691
Liupanshui	Liupanshui	CN	Asia/Shanghai	1320825
Taguig	Taguig	PH	Asia/Manila	1308085
Maoming	Maoming	CN	Asia/Shanghai	1307802
Calgary	Calgary	CA	America/Edmonton	1306784
Tripoli	Tripoli	LY	Africa/Tripoli	1302947
Madinah	Madinah	SA	Asia/Riyadh	1300000
Yaoundé	Yaounde	CM	Africa/Douala	1299369
Batam	Batam	ID	Asia/Jakarta	1296960
Qinzhou	Qinzhou	CN	Asia/Shanghai	1296300
Luohe	Luohe	CN	Asia/Shanghai	1294974
Xiangyang	Xiangyang	CN	Asia/Shanghai	1294733
Yangjiang	Yangjiang	CN	Asia/Shanghai	1292987
Yixing	Yixing	CN	Asia/Shanghai	1285785
Pimpri	Pimpri	IN	Asia/Kolkata	1284606
Da Nang	Da Nang	VN	Asia/Ho_Chi_Minh	1276000
Amman	Amman	JO	Asia/Amman	1275857
Budta	Budta	PH	Asia/Manila	1273715
Belgrade	Belgrade	RS	Europe/Belgrade	1273651
Biên Hòa	Bien Hoa	VN	Asia/Ho_Chi_Minh	1272235
Qingpu	Qingpu	CN	Asia/Shanghai	1271424
Montevideo	Montevideo	UY	America/Montevideo	1270737
Xuchang	Xuchang	CN	Asia/Shanghai	1265536
Kalyān	Kalyan	IN	Asia/Kolkata	1262255
Zigong	Zigong	CN	Asia/Shanghai	1262064
Nizhniy Novgorod	Nizhniy Novgorod	RU	Europe/Moscow	1259013
Jepara	Jepara	ID	Asia/Jakarta	1257912
Maputo	Maputo	MZ	Africa/Maputo	1254837
Xuzhou	Xuzhou	CN	Asia/Shanghai	1253991
Dammam	Dammam	SA	Asia/Riyadh	1252523
Ra’s Bayrūt	Ra's Bayrut	LB	Asia/Beirut	1251739
Neijiang	Neijiang	CN	Asia/Shanghai	1251095
Shiraz	Shiraz	IR	Asia/Tehran	1249942
Heshan	Heshan	CN	Asia/Shanghai	1249807
Dombivali	Dombivali	IN	Asia/Kolkata	1247327
Kananga	Kananga	CD	Africa/Lubumbashi	1247168
Kazan	Kazan	RU	Europe/Moscow	1243500
Jining	Jining	CN	Asia/Shanghai	1241012
Barquisimeto	Barquisimeto	VE	America/Caracas	1240714
Shubrā al Khaymah	Shubra al Khaymah	EG	Africa/Cairo	1240289
Putuo	Putuo	CN	Asia/Shanghai	1239100
Port-au-Prince	Port-au-Prince	HT	America/Port-au-Prince	1234742
Suwon	Suwon	KR	Asia/Seoul	1234582
Xinyang	Xinyang	CN	Asia/Shanghai	1230042
Liaocheng	Liaocheng	CN	Asia/Shanghai	1229768
Jinzhong	Jinzhong	CN	Asia/Shanghai	1226617
Callao	Callao	PE	America/Lima	1226200
Meerut	Meerut	IN	Asia/Kolkata	1223184
Virār	Virar	IN	Asia/Kolkata	1222390
Nowrangapur	Nowrangapur	IN	Asia/Kolkata	1220946
Karbala	Karbala	IQ	Asia/Baghdad	1218732
Changzhi	Changzhi	CN	Asia/Shanghai	1214940
Tianshui	Tianshui	CN	Asia/Shanghai	1212791
Sadr City	Sadr City	IQ	Asia/Baghdad	1211849
Yangpu	Yangpu	CN	Asia/Shanghai	1210800
Mombasa	Mombasa	KE	Africa/Nairobi	1208333
Mandalay	Mandalay	MM	Asia/Yangon	1208099
Srinagar	Srinagar	IN	Asia/Kolkata	1206419
Barranquilla	Barranquilla	CO	America/Bogota	1206319
Chelyabinsk	Chelyabinsk	RU	Asia/Yekaterinburg	1202371
Mérida	Merida	MX	America/Merida	1201000
Hiroshima	Hiroshima	JP	Asia/Tokyo	1200754
Santiago de los Caballeros	Santiago de los Caballeros	DO	America/Santo_Domingo	1200000
Shymkent	Shymkent	KZ	Asia/Almaty	1200000
Weinan	Weinan	CN	Asia/Shanghai	1199290
Ghāziābād	Ghaziabad	IN	Asia/Kolkata	1199191
Matola	Matola	MZ	Africa/Maputo	1198988
Dhanbad	Dhanbad	IN	Asia/Kolkata	1196214
Arequipa	Arequipa	PE	America/Lima	1195700
Hong Kong Island	Hong Kong Island	HK	Asia/Hong_Kong	1195529
Fes	Fes	MA	Africa/Casablanca	1191905
Gustavo Adolfo Madero	Gustavo Adolfo Madero	MX	America/Mexico_City	1185772
Nouakchott	Nouakchott	MR	Africa/Nouakchott	1184530
Kisangani	Kisangani	CD	Africa/Lubumbashi	1181788
Jiaxing	Jiaxing	CN	Asia/Shanghai	1180000
Aurangabad	Aurangabad	IN	Asia/Kolkata	1175116
Zhongwei	Zhongwei	CN	Asia/Shanghai	1174600
Omsk	Omsk	RU	Asia/Omsk	1172070
Pikine	Pikine	SN	Africa/Dakar	1170791
Pekanbaru	Pekanbaru	ID	Asia/Jakarta	1167599
Panjin	Panjin	CN	Asia/Shanghai	1166481
Bandar Lampung	Bandar Lampung	ID	Asia/Jakarta	1166066
Prague	Prague	CZ	Europe/Prague	1165581
Varanasi	Varanasi	IN	Asia/Kolkata	1164404
Jiujiang	Jiujiang	CN	Asia/Shanghai	1164268
Samara	Samara	RU	Europe/Samara	1163399
Aba	Aba	NG	Africa/Lagos	1160000
Amritsar	Amritsar	IN	Asia/Kolkata	1159227
Birmingham	Birmingham	GB	Europe/London	1157603
Copenhagen	Copenhagen	DK	Europe/Copenhagen	1153615
Sofia	Sofia	BG	Europe/Sofia	1152556
Anyang	Anyang	CN	Asia/Shanghai	1146839
Yerevan	Yerevan	AM	Asia/Yerevan	1144700
Luohu District	Luohu District	CN	Asia/Shanghai	1143801
Vijayawada	Vijayawada	IN	Asia/Kolkata	1143232
Fengxiang	Fengxiang	CN	Asia/Shanghai	1140872
Bijie	Bijie	CN	Asia/Shanghai	1137383
Monterrey	Monterrey	MX	America/Monterrey	1135512
Kigali	Kigali	RW	Africa/Kigali	1132686
Rostov-on-Don	Rostov-on-Don	RU	Europe/Moscow	1130305
Zhuzhou	Zhuzhou	CN	Asia/Shanghai	1129687
Malingao	Malingao	PH	Asia/Manila	1121974
Touba	Touba	SN	Africa/Dakar	1120824
Ufa	Ufa	RU	Asia/Yekaterinburg	1120547
Ranchi	Ranchi	IN	Asia/Kolkata	1120374
Shangrao	Shangrao	CN	Asia/Shanghai	1116486
Lilongwe	Lilongwe	MW	Africa/Blantyre	1115815
Huaibei	Huaibei	CN	Asia/Shanghai	1113321
Maiduguri	Maiduguri	NG	Africa/Lagos	1110000
Xuhui	Xuhui	CN	Asia/Shanghai	1109800
Meishan	Meishan	CN	Asia/Shanghai	1107742
Mwanza	Mwanza	TZ	Africa/Dar_es_Salaam	1104521
Ulsan	Ulsan	KR	Asia/Seoul	1098421
Sendai	Sendai	JP	Asia/Tokyo	1096704
Krasnoyarsk	Krasnoyarsk	RU	Asia/Krasnoyarsk	1090811
Fuzhou	Fuzhou	CN	Asia/Shanghai	1089888
Guigang	Guigang	CN	Asia/Shanghai	1086327
Oslo	Oslo	NO	Europe/Oslo	1082575
Jabalpur	Jabalpur	IN	Asia/Kolkata	1081677
Ilorin	Ilorin	NG	Africa/Lagos	1080000
Aden	Aden	YE	Asia/Aden	1079670
Bogor	Bogor	ID	Asia/Jakarta	1078351
Ciudad Nezahualcoyotl	Ciudad Nezahualcoyotl	MX	America/Mexico_City	1077208
Hengyang	Hengyang	CN	Asia/Shanghai	1075516
Prayagraj	Prayagraj	IN	Asia/Kolkata	1073438
Trujillo	Trujillo	PE	America/Lima	1067700
Visakhapatnam	Visakhapatnam	IN	Asia/Kolkata	1063178
Goyang-si	Goyang-si	KR	Asia/Seoul	1061752
Yulin	Yulin	CN	Asia/Shanghai	1056743
Jodhpur	Jodhpur	IN	Asia/Kolkata	1056191
Gwalior	Gwalior	IN	Asia/Kolkata	1054420
Jingzhou	Jingzhou	CN	Asia/Shanghai	1052282
Gqeberha	Gqeberha	ZA	Africa/Johannesburg	1050078
Tbilisi	Tbilisi	GE	Asia/Tbilisi	1049498
Voronezh	Voronezh	RU	Europe/Moscow	1047549
Xinxiang	Xinxiang	CN	Asia/Shanghai	1047088
Yichun	Yichun	CN	Asia/Shanghai	1045952
Sokoto	Sokoto	NG	Africa/Lagos	1040000
Jos	Jos	NG	Africa/Lagos	1040000
Tangier	Tangier	MA	Africa/Casablanca	1035141
Teni	Teni	IN	Asia/Kolkata	1034724
Xianyang	Xianyang	CN	Asia/Shanghai	1034081
Mexicali	Mexicali	MX	America/Tijuana	1032686
Pointe-Noire	Pointe-Noire	CG	Africa/Brazzaville	1032000
Maceió	Maceio	BR	America/Maceio	1031597
Campinas	Campinas	BR	America/Sao_Paulo	1031554
Sanya	Sanya	CN	Asia/Shanghai	1031396
Rangpur	Rangpur	BD	Asia/Dhaka	1031388
Kirkuk	Kirkuk	IQ	Asia/Baghdad	1031000
Ashgabat	Ashgabat	TM	Asia/Ashgabat	1030063
Shaoguan	Shaoguan	CN	Asia/Shanghai	1028460
Howrah	Howrah	IN	Asia/Kolkata	1027672
Raipur	Raipur	IN	Asia/Kolkata	1027264
Changwon	Changwon	KR	Asia/Seoul	1025702
Longyan	Longyan	CN	Asia/Shanghai	1025087
Köln	Koeln	DE	Europe/Berlin	1024621
Dublin	Dublin	IE	Europe/Dublin	1024027
Tiruchirappalli	Tiruchirappalli	IN	Asia/Kolkata	1022518
Yongzhou	Yongzhou	CN	Asia/Shanghai	1020715
Brussels	Brussels	BE	Europe/Brussels	1019022
Zamboanga	Zamboanga	PH	Asia/Manila	1018849
Ottawa	Ottawa	CA	America/Toronto	1017449
Huzhou	Huzhou	CN	Asia/Shanghai	1015937
Volgograd	Volgograd	RU	Europe/Volgograd	1013533
Khartoum North	Khartoum North	SD	Africa/Khartoum	1012211
Edmonton	Edmonton	CA	America/Edmonton	1010899
Odesa	Odesa	UA	Europe/Kyiv	1010537
Wuwei	Wuwei	CN	Asia/Shanghai	1010295
Jacksonville	Jacksonville	US	America/New_York	1009833
Fort Worth	Fort Worth	US	America/Chicago	1008106
Hanzhong	Hanzhong	CN	Asia/Shanghai	1006557
Hezhou	Hezhou	CN	Asia/Shanghai	1005490
Pest	Pest	HU	Europe/Budapest	1001748
Kota	Kota	IN	Asia/Kolkata	1001694
Zhu Cheng City	Zhu Cheng City	CN	Asia/Shanghai	1000000
Shivaji Nagar	Shivaji Nagar	IN	Asia/Kolkata	1000000
Dongying	Dongying	CN	Asia/Shanghai	998968
Luzhou	Luzhou	CN	Asia/Shanghai	998900
San Jose	San Jose	US	America/Los_Angeles	997368
Sholapur	Sholapur	IN	Asia/Kolkata	997281
Marrakesh	Marrakesh	MA	Africa/Casablanca	995871
Guatemala City	Guatemala City	GT	America/Guatemala	994938
Meizhou	Meizhou	CN	Asia/Shanghai	992351
Yueyang	Yueyang	CN	Asia/Shanghai	991465
Laiwu	Laiwu	CN	Asia/Shanghai	989535
Benxi	Benxi	CN	Asia/Shanghai	987717
Esenyurt	Esenyurt	TR	Europe/Istanbul	983571
Perm	Perm	RU	Asia/Yekaterinburg	982419
Zaria	Zaria	NG	Africa/Lagos	980000
Kennedy	Kennedy	CO	America/Bogota	979914
Chiba	Chiba	JP	Asia/Tokyo	979768
Pingdingshan	Pingdingshan	CN	Asia/Shanghai	979130
Ciudad Guayana	Ciudad Guayana	VE	America/Caracas	978202
Sargodha	Sargodha	PK	Asia/Karachi	975886
Austin	Austin	US	America/Chicago	974447
Managua	Managua	NI	America/Managua	973087
Bengbu	Bengbu	CN	Asia/Shanghai	972784
Salé	Sale	MA	Africa/Casablanca	972299
Jerusalem	Jerusalem	IL	Asia/Jerusalem	971800
Chandigarh	Chandigarh	IN	Asia/Kolkata	970602
Dnipro	Dnipro	UA	Europe/Kyiv	968502
Cebu City	Cebu City	PH	Asia/Manila	965332
Sanhe	Sanhe	CN	Asia/Shanghai	965075
Tiruppur	Tiruppur	IN	Asia/Kolkata	963173
Guwahati	Guwahati	IN	Asia/Kolkata	962334
Xiangtan	Xiangtan	CN	Asia/Shanghai	959303
Linfen	Linfen	CN	Asia/Shanghai	959198
Victoria	Victoria	HK	Asia/Hong_Kong	956800
Zhenjiang	Zhenjiang	CN	Asia/Shanghai	950516
Enugu	Enugu	NG	Africa/Lagos	950000
Rosario	Rosario	AR	America/Argentina/Cordoba	948312
Sulţānah	Sultanah	SA	Asia/Riyadh	946697
Huludao	Huludao	CN	Asia/Shanghai	944495
Hubballi	Hubballi	IN	Asia/Kolkata	943788
Padang	Padang	ID	Asia/Jakarta	942938
Kitakyushu	Kitakyushu	JP	Asia/Tokyo	940978
Taiz	Taiz	YE	Asia/Aden	940600
Setagaya	Setagaya	JP	Asia/Tokyo	940071
Kingston	Kingston	JM	America/Jamaica	937700
Jing’an	Jing'an	CN	Asia/Shanghai	936500
Baoshan	Baoshan	CN	Asia/Shanghai	935618
Rui’an	Rui'an	CN	Asia/Shanghai	927383
Chihuahua	Chihuahua	MX	America/Chihuahua	925762
Nay Pyi Taw	Nay Pyi Taw	MM	Asia/Yangon	925000
Eskişehir	Eskisehir	TR	Europe/Istanbul	921630
Mysuru	Mysuru	IN	Asia/Kolkata	920550
Salem	Salem	IN	Asia/Kolkata	917414
São Luís	Sao Luis	BR	America/Fortaleza	917237
Seongnam-si	Seongnam-si	KR	Asia/Seoul	914832
Cartagena	Cartagena	CO	America/Bogota	914552
Antipolo	Antipolo	PH	Asia/Manila	913712
Columbus	Columbus	US	America/New_York	913175
Sialkot	Sialkot	PK	Asia/Karachi	911817
Charlotte	Charlotte	US	America/New_York	911311
Laibin	Laibin	CN	Asia/Shanghai	910282
Warri	Warri	NG	Africa/Lagos	910000
Naples	Naples	IT	Europe/Rome	909048
Xiaogan	Xiaogan	CN	Asia/Shanghai	908266
Campo Grande	Campo Grande	BR	America/Campo_Grande	906092
Ziyang	Ziyang	CN	Asia/Shanghai	905729
Bobo-Dioulasso	Bobo-Dioulasso	BF	Africa/Ouagadougou	904920
Bahawalpur	Bahawalpur	PK	Asia/Karachi	903795
Quzhou	Quzhou	CN	Asia/Shanghai	902767
Blantyre	Blantyre	MW	Africa/Blantyre	902588
Donetsk	Donetsk	UA	Europe/Kyiv	901645
Abū Ghurayb	Abu Ghurayb	IQ	Asia/Baghdad	900000
Qom	Qom	IR	Asia/Tehran	900000
Bishkek	Bishkek	KG	Asia/Bishkek	900000
Zaozhuang	Zaozhuang	CN	Asia/Shanghai	899753
Krasnodar	Krasnodar	RU	Europe/Moscow	899541
Natal	Natal	BR	America/Fortaleza	896708
Pingxiang	Pingxiang	CN	Asia/Shanghai	893550
Malang	Malang	ID	Asia/Jakarta	889359
Cancún	Cancun	MX	America/Cancun	888797
Indianapolis	Indianapolis	US	America/Indiana/Indianapolis	887642
Gurugram	Gurugram	IN	Asia/Kolkata	886519
Bhubaneswar	Bhubaneswar	IN	Asia/Kolkata	885363
Zhoushan	Zhoushan	CN	Asia/Shanghai	882932
Qiqihar	Qiqihar	CN	Asia/Shanghai	882364
Mulenvos	Mulenvos	AO	Africa/Luanda	882014
Sulaymaniyah	Sulaymaniyah	IQ	Asia/Baghdad	878146
Marseille	Marseille	FR	Europe/Paris	877215
Puning	Puning	CN	Asia/Shanghai	874954
Bhiwandi	Bhiwandi	IN	Asia/Kolkata	874032
Soshanguve	Soshanguve	ZA	Africa/Johannesburg	872309
Teresina	Teresina	BR	America/Fortaleza	871126
Ankang	Ankang	CN	Asia/Shanghai	870126
Jalandhar	Jalandhar	IN	Asia/Kolkata	868929
Rotterdam	Rotterdam	NL	Europe/Amsterdam	868135
Langfang	Langfang	CN	Asia/Shanghai	868066
Duque de Caxias	Duque de Caxias	BR	America/Sao_Paulo	866347
Viana	Viana	AO	Africa/Luanda	865863
Jiaozuo	Jiaozuo	CN	Asia/Shanghai	865413
Samarinda	Samarinda	ID	Asia/Makassar	865306
Rohini	Rohini	IN	Asia/Kolkata	860000
Wanxian	Wanxian	CN	Asia/Shanghai	859662
Guang’an	Guang'an	CN	Asia/Shanghai	858159
Johor Bahru	Johor Bahru	MY	Asia/Kuala_Lumpur	858118
Arifwala	Arifwala	PK	Asia/Karachi	854462
Pasig City	Pasig City	PH	Asia/Manila	853050
Cheongju-si	Cheongju-si	KR	Asia/Seoul	852147
Kanayannur	Kanayannur	IN	Asia/Kolkata	851406
Tegucigalpa	Tegucigalpa	HN	America/Tegucigalpa	850848
Bucheon-si	Bucheon-si	KR	Asia/Seoul	850731
Thanh Hóa	Thanh Hoa	VN	Asia/Bangkok	850000
Turin	Turin	IT	Europe/Rome	847287
Al Ain City	Al Ain City	AE	Asia/Dubai	846747
Libreville	Libreville	GA	Africa/Libreville	846090
Saratov	Saratov	RU	Europe/Saratov	844858
Ulan Bator	Ulan Bator	MN	Asia/Ulaanbaatar	844818
Weihai	Weihai	CN	Asia/Shanghai	844310
Takeo	Takeo	KH	Asia/Phnom_Penh	843931
Nova Iguaçu	Nova Iguacu	BR	America/Sao_Paulo	843046
Cochabamba	Cochabamba	BO	America/La_Paz	841276
Ahvaz	Ahvaz	IR	Asia/Tehran	841145
Vientiane	Vientiane	LA	Asia/Vientiane	840940
São Bernardo do Campo	Sao Bernardo do Campo	BR	America/Sao_Paulo	840499
Zhabei	Zhabei	CN	Asia/Shanghai	840000
Xinyu	Xinyu	CN	Asia/Shanghai	839488
Pietermaritzburg	Pietermaritzburg	ZA	Africa/Johannesburg	839327
Yibin	Yibin	CN	Asia/Shanghai	836340
Naucalpan de Juárez	Naucalpan de Juarez	MX	America/Mexico_City	834434
Kampung Baru Subang	Kampung Baru Subang	MY	Asia/Kuala_Lumpur	833571
Bouaké	Bouake	CI	Africa/Abidjan	832371
Taicang	Taicang	CN	Asia/Shanghai	831113
San Francisco	San Francisco	US	America/Los_Angeles	827526
Sakai	Sakai	JP	Asia/Tokyo	826161
Valencia	Valencia	ES	Europe/Madrid	824340
Jinshan	Jinshan	CN	Asia/Shanghai	822776
Chenzhou	Chenzhou	CN	Asia/Shanghai	822534
João Pessoa	Joao Pessoa	BR	America/Fortaleza	817511
Bukavu	Bukavu	CD	Africa/Lubumbashi	816811
Kraków	Krakow	PL	Europe/Warsaw	816614
Barcelona	Barcelona	VE	America/Caracas	815141
Bangui	Bangui	CF	Africa/Bangui	812407
Hermosillo	Hermosillo	MX	America/Hermosillo	812229
Bhayandar	Bhayandar	IN	Asia/Kolkata	809378
Culiacán	Culiacan	MX	America/Mazatlan	808416
Petaling Jaya	Petaling Jaya	MY	Asia/Kuala_Lumpur	807879
Anqing	Anqing	CN	Asia/Shanghai	804493
Oran	Oran	DZ	Africa/Algiers	803329
Freetown	Freetown	SL	Africa/Freetown	802639
San Pedro Sula	San Pedro Sula	HN	America/Tegucigalpa	801259
Narela	Narela	IN	Asia/Kolkata	800000
Xingtai	Xingtai	CN	Asia/Shanghai	798770
Niigata	Niigata	JP	Asia/Tokyo	797591
Muscat	Muscat	OM	Asia/Muscat	797000
Zarqa	Zarqa	JO	Asia/Amman	792665
Çankaya	Cankaya	TR	Europe/Istanbul	792189
Küçükçekmece	Kuecuekcekmece	TR	Europe/Istanbul	792030
Hamamatsu	Hamamatsu	JP	Asia/Tokyo	791707
Kolwezi	Kolwezi	CD	Africa/Lubumbashi	790248
Vinh	Vinh	VN	Asia/Bangkok	790000
Thiruvananthapuram	Thiruvananthapuram	IN	Asia/Kolkata	788271
Zhaotong	Zhaotong	CN	Asia/Shanghai	787845
Panzhihua	Panzhihua	CN	Asia/Shanghai	787177
Chuzhou	Chuzhou	CN	Asia/Shanghai	782671
Seattle	Seattle	US	America/Los_Angeles	780995
Port Said	Port Said	EG	Africa/Cairo	780515
Cúcuta	Cucuta	CO	America/Bogota	777106
Homs	Homs	SY	Asia/Damascus	775404
Xuancheng	Xuancheng	CN	Asia/Shanghai	774332
Ibb	Ibb	YE	Asia/Aden	771514
Tasikmalaya	Tasikmalaya	ID	Asia/Jakarta	770839
Nampula	Nampula	MZ	Africa/Maputo	770379
Shangyu	Shangyu	CN	Asia/Shanghai	770000
Bujumbura	Bujumbura	BI	Africa/Bujumbura	769317
Tyumen	Tyumen	RU	Asia/Yekaterinburg	768358
Erzurum	Erzurum	TR	Europe/Istanbul	767848
Anshun	Anshun	CN	Asia/Shanghai	765313
Dodoma	Dodoma	TZ	Africa/Dar_es_Salaam	765179
Rajshahi	Rajshahi	BD	Asia/Dhaka	763580
Dera Ismail Khan	Dera Ismail Khan	PK	Asia/Karachi	763195
Sorocaba	Sorocaba	BR	America/Sao_Paulo	762172
Wuzhou	Wuzhou	CN	Asia/Shanghai	761948
Ipoh	Ipoh	MY	Asia/Kuala_Lumpur	759952
Qinhuangdao	Qinhuangdao	CN	Asia/Shanghai	759718
Benghazi	Benghazi	LY	Africa/Tripoli	757490
Uberlândia	Uberlandia	BR	America/Sao_Paulo	754954
Alīgarh	Aligarh	IN	Asia/Kolkata	753207
Shaoyang	Shaoyang	CN	Asia/Shanghai	753194
Malatya	Malatya	TR	Europe/Istanbul	750491
Winnipeg	Winnipeg	CA	America/Winnipeg	749607
Ōta	Ota	JP	Asia/Tokyo	748081
Andijon	Andijon	UZ	Asia/Tashkent	747800
Bareilly	Bareilly	IN	Asia/Kolkata	745435
Buraydah	Buraydah	SA	Asia/Riyadh	745353
Hegang	Hegang	CN	Asia/Shanghai	743307
Morelia	Morelia	MX	America/Mexico_City	743275
Riga	Riga	LV	Europe/Riga	742572
Amsterdam	Amsterdam	NL	Europe/Amsterdam	741636
Cagayan de Oro	Cagayan de Oro	PH	Asia/Manila	741617
Ma’anshan	Ma'anshan	CN	Asia/Shanghai	741531
Shah Alam	Shah Alam	MY	Asia/Kuala_Lumpur	740750
Bağcılar	Bagcilar	TR	Europe/Istanbul	740069
Shizuishan	Shizuishan	CN	Asia/Shanghai	739400
Kumamoto	Kumamoto	JP	Asia/Tokyo	738907
Oyo	Oyo	NG	Africa/Lagos	736072
Serang	Serang	ID	Asia/Jakarta	735651
Torreón	Torreon	MX	America/Monterrey	735340
Deyang	Deyang	CN	Asia/Shanghai	735070
Abeokuta	Abeokuta	NG	Africa/Lagos	735000
Al Ḩudaydah	Al Hudaydah	YE	Asia/Aden	734699
Yangquan	Yangquan	CN	Asia/Shanghai	731228
Akure	Akure	NG	Africa/Lagos	730000
Denver	Denver	US	America/Denver	729019
Osasco	Osasco	BR	America/Sao_Paulo	728615
Kikolo	Kikolo	AO	Africa/Luanda	728205
Maianga	Maianga	AO	Africa/Luanda	727681
São José dos Campos	Sao Jose dos Campos	BR	America/Sao_Paulo	727078
Álvaro Obregón	Alvaro Obregon	MX	America/Mexico_City	726664
Aihara	Aihara	JP	Asia/Tokyo	725493
Evaton	Evaton	ZA	Africa/Johannesburg	725468
Valenzuela	Valenzuela	PH	Asia/Manila	725173
Muzaffarābād	Muzaffarabad	PK	Asia/Karachi	725000
Okayama	Okayama	JP	Asia/Tokyo	724691
San Luis Potosí	San Luis Potosi	MX	America/Monterrey	722772
Aguascalientes	Aguascalientes	MX	America/Mexico_City	722250
General Santos	General Santos	PH	Asia/Manila	722059
Zhumadian	Zhumadian	CN	Asia/Shanghai	721670
Morādābād	Moradabad	IN	Asia/Kolkata	721139
Sagamihara	Sagamihara	JP	Asia/Tokyo	720780
Mississauga	Mississauga	CA	America/Toronto	717961
Lviv	Lviv	UA	Europe/Kyiv	717273
Namangan	Namangan	UZ	Asia/Tashkent	713220
Zaporizhzhya	Zaporizhzhya	UA	Europe/Kyiv	710052
Zanzibar	Zanzibar	TZ	Africa/Dar_es_Salaam	709809
Saltillo	Saltillo	MX	America/Monterrey	709671
Latakia	Latakia	SY	Asia/Damascus	709000
Subang Jaya	Subang Jaya	MY	Asia/Kuala_Lumpur	708296
Warangal	Warangal	IN	Asia/Kolkata	704570
Paranaque City	Paranaque City	PH	Asia/Manila	703245
Tolyatti	Tolyatti	RU	Europe/Samara	702879
Santo Domingo Oeste	Santo Domingo Oeste	DO	America/Santo_Domingo	701269
Santo Domingo Este	Santo Domingo Este	DO	America/Santo_Domingo	700000
Dhārāvi	Dharavi	IN	Asia/Kolkata	700000
Battagram	Battagram	PK	Asia/Karachi	700000
Suez	Suez	EG	Africa/Cairo	699541
Changzhi	Changzhi	CN	Asia/Shanghai	699514
Ribeirão Preto	Ribeirao Preto	BR	America/Sao_Paulo	698642
Agadir	Agadir	MA	Africa/Casablanca	698310
Edogawe	Edogawe	JP	Asia/Tokyo	697932
Sarajevo	Sarajevo	BA	Europe/Sarajevo	696731
Balikpapan	Balikpapan	ID	Asia/Makassar	695287
Adachi	Adachi	JP	Asia/Tokyo	695043
Changning	Changning	CN	Asia/Shanghai	694900
Bauchi	Bauchi	NG	Africa/Lagos	693700
Shizuoka	Shizuoka	JP	Asia/Tokyo	693389
Tunis	Tunis	TN	Africa/Tunis	693210
Zhangjiakou	Zhangjiakou	CN	Asia/Shanghai	692602
Washington	Washington	US	America/New_York	689545
Nashville	Nashville	US	America/Chicago	689447
Fuxin	Fuxin	CN	Asia/Shanghai	689050
Ta’if	Ta'if	SA	Asia/Riyadh	688693
Changsha	Changsha	CN	Asia/Shanghai	688242
Huangshi	Huangshi	CN	Asia/Shanghai	688090
Liaoyang	Liaoyang	CN	Asia/Shanghai	687890
Hlaingthaya	Hlaingthaya	MM	Asia/Yangon	687867
Beira	Beira	MZ	Africa/Maputo	687764
Hongkou	Hongkou	CN	Asia/Shanghai	687500
Zaragoza	Zaragoza	ES	Europe/Madrid	686986
Sevilla	Sevilla	ES	Europe/Madrid	686741
Baise	Baise	CN	Asia/Shanghai	686078
Pontianak	Pontianak	ID	Asia/Pontianak	686019
Situbondo	Situbondo	ID	Asia/Jakarta	685967
Agege	Agege	NG	Africa/Lagos	683600
Binzhou	Binzhou	CN	Asia/Shanghai	682717
Oklahoma City	Oklahoma City	US	America/Chicago	681054
Yuncheng	Yuncheng	CN	Asia/Shanghai	680036
Dezhou	Dezhou	CN	Asia/Shanghai	679535
Dushanbe	Dushanbe	TJ	Asia/Dushanbe	679400
Cotonou	Cotonou	BJ	Africa/Porto-Novo	679012
El Paso	El Paso	US	America/Denver	678815
Gorakhpur	Gorakhpur	IN	Asia/Kolkata	674246
Guadalupe	Guadalupe	MX	America/Monterrey	673616
Wrocław	Wroclaw	PL	Europe/Warsaw	672545
Denpasar	Denpasar	ID	Asia/Makassar	670210
Guntur	Guntur	IN	Asia/Kolkata	670073
Katsina	Katsina	NG	Africa/Lagos	670000
Sanmenxia	Sanmenxia	CN	Asia/Shanghai	669307
E’zhou	E'zhou	CN	Asia/Shanghai	668727
Madīnat an Naşr	Madinat an Nasr	EG	Africa/Cairo	668413
Camama	Camama	AO	Africa/Luanda	667094
Tabuk	Tabuk	SA	Asia/Riyadh	667000
Kitwe	Kitwe	ZM	Africa/Lusaka	665961
Bulawayo	Bulawayo	ZW	Africa/Harare	665952
Mudanjiang	Mudanjiang	CN	Asia/Shanghai	665915
Aracaju	Aracaju	BR	America/Maceio	664908
Joinville	Joinville	BR	America/Sao_Paulo	664500
Athens	Athens	GR	Europe/Athens	664046
Zagreb	Zagreb	HR	Europe/Zagreb	663592
Leshan	Leshan	CN	Asia/Shanghai	662814
Santo André	Santo Andre	BR	America/Sao_Paulo	662373
Vancouver	Vancouver	CA	America/Vancouver	662248
Rizhao	Rizhao	CN	Asia/Shanghai	661943
Helsinki	Helsinki	FI	Europe/Helsinki	658864
Cheonan	Cheonan	KR	Asia/Seoul	658831
Acapulco de Juárez	Acapulco de Juarez	MX	America/Mexico_City	658609
Banjarmasin	Banjarmasin	ID	Asia/Makassar	657663
Puducherry	Puducherry	IN	Asia/Kolkata	657209
Suining	Suining	CN	Asia/Shanghai	656760
Brampton	Brampton	CA	America/Toronto	656480
Golfe	Golfe	AO	Africa/Luanda	655796
Puyang	Puyang	CN	Asia/Shanghai	655674
Soacha	Soacha	CO	America/Bogota	655025
Boston	Boston	US	America/New_York	653833
Tlalnepantla	Tlalnepantla	MX	America/Mexico_City	653410
Jājmau	Jajmau	IN	Asia/Kolkata	652831
Portland	Portland	US	America/Los_Angeles	652503
Calumbo	Calumbo	AO	Africa/Luanda	652270
Tlaquepaque	Tlaquepaque	MX	America/Mexico_City	650123
Frankfurt am Main	Frankfurt am Main	DE	Europe/Berlin	650000
Macau	Macau	MO	Asia/Macau	649335
Palermo	Palermo	IT	Europe/Rome	648260
Izhevsk	Izhevsk	RU	Europe/Samara	648213
Colombo	Colombo	LK	Asia/Colombo	648034
Maturín	Maturin	VE	America/Caracas	647459
Amravati	Amravati	IN	Asia/Kolkata	647057
Detroit	Detroit	US	America/Detroit	645705
Osogbo	Osogbo	NG	Africa/Lagos	645000
Honchō	Honcho	JP	Asia/Tokyo	644668
Bikaner	Bikaner	IN	Asia/Kolkata	644406
Jaboatão dos Guararapes	Jaboatao dos Guararapes	BR	America/Recife	644037
Hoji ya Henda	Hoji ya Henda	AO	Africa/Luanda	642050
Las Vegas	Las Vegas	US	America/Los_Angeles	641903
New South Memphis	New South Memphis	US	America/Chicago	641608
Hwaseong-si	Hwaseong-si	KR	Asia/Seoul	640890
Gold Coast	Gold Coast	AU	Australia/Brisbane	640778
Łódź	Lodz	PL	Europe/Warsaw	639890
Jeonju	Jeonju	KR	Asia/Seoul	638421
Chongming	Chongming	CN	Asia/Shanghai	637921
Al Aḩmadī	Al Ahmadi	KW	Asia/Kuwait	637411
Cuenca	Cuenca	EC	America/Guayaquil	636996
Chisinau	Chisinau	MD	Europe/Chisinau	635994
Likasi	Likasi	CD	Africa/Lubumbashi	635768
Jambi City	Jambi City	ID	Asia/Jakarta	635101
Hebi	Hebi	CN	Asia/Shanghai	634721
Comilla	Comilla	BD	Asia/Dhaka	634654
Tshikapa	Tshikapa	CD	Africa/Lubumbashi	634529
Chunian	Chunian	PK	Asia/Karachi	634236
Kochi	Kochi	IN	Asia/Kolkata	633553
Memphis	Memphis	US	America/Chicago	633104
Jingmen	Jingmen	CN	Asia/Shanghai	632954
Barnaul	Barnaul	RU	Asia/Barnaul	632372
Dandong	Dandong	CN	Asia/Shanghai	631973
Piura	Piura	PE	America/Lima	630000
Bhilai	Bhilai	IN	Asia/Kolkata	627734
Ndola	Ndola	ZM	Africa/Lusaka	627503
Contagem	Contagem	BR	America/Sao_Paulo	627123
Ulyanovsk	Ulyanovsk	RU	Europe/Ulyanovsk	626540
Djibouti	Djibouti	DJ	Africa/Djibouti	626512
Glasgow	Glasgow	GB	Europe/London	626410
Panshan	Panshan	CN	Asia/Shanghai	625040
Louisville	Louisville	US	America/Kentucky/Louisville	624444
Irkutsk	Irkutsk	RU	Asia/Irkutsk	623869
Ansan-si	Ansan-si	KR	Asia/Seoul	623256
Al Mansurah	Al Mansurah	EG	Africa/Cairo	621953
Kermanshah	Kermanshah	IR	Asia/Tehran	621100
Jiaozhou	Jiaozhou	CN	Asia/Shanghai	619266
Düsseldorf	Duesseldorf	DE	Europe/Berlin	618685
Suizhou	Suizhou	CN	Asia/Shanghai	618582
Villa Nueva	Villa Nueva	GT	America/Guatemala	618397
Khabarovsk	Khabarovsk	RU	Asia/Vladivostok	618150
Cuiabá	Cuiaba	BR	America/Cuiaba	618124
Arusha	Arusha	TZ	Africa/Dar_es_Salaam	617631
Feira de Santana	Feira de Santana	BR	America/Bahia	616272
Las Piñas	Las Pinas	PH	Asia/Manila	615549
Chizhou	Chizhou	CN	Asia/Shanghai	615274
Coyoacán	Coyoacan	MX	America/Mexico_City	614447
Stuttgart	Stuttgart	DE	Europe/Berlin	612663
Ya'an	Ya'an	CN	Asia/Shanghai	612056
Cuttack	Cuttack	IN	Asia/Kolkata	610189
Borivli	Borivli	IN	Asia/Kolkata	609617
Chiclayo	Chiclayo	PE	America/Lima	609400
Yaroslavl	Yaroslavl	RU	Europe/Moscow	608722
Gothenburg	Gothenburg	SE	Europe/Stockholm	608462
Kawaguchi	Kawaguchi	JP	Asia/Tokyo	607373
Bukit Rahman Putra	Bukit Rahman Putra	MY	Asia/Kuala_Lumpur	607000
Jhang Sadr	Jhang Sadr	PK	Asia/Karachi	606533
Ha'il	Ha'il	SA	Asia/Riyadh	605930
Bhavnagar	Bhavnagar	IN	Asia/Kolkata	605882
Benoni	Benoni	ZA	Africa/Johannesburg	605344
Vladivostok	Vladivostok	RU	Asia/Vladivostok	604901
Jinzhou	Jinzhou	CN	Asia/Shanghai	604269
Tuxtla	Tuxtla	MX	America/Merida	604147
Kryvyy Rih	Kryvyy Rih	UA	Europe/Kyiv	603904
Sanming	Sanming	CN	Asia/Shanghai	602166
Islamabad	Islamabad	PK	Asia/Karachi	601600
Sāngli	Sangli	IN	Asia/Kolkata	601214
Jamnagar	Jamnagar	IN	Asia/Kolkata	600943
Lubango	Lubango	AO	Africa/Luanda	600751
Pokhara	Pokhara	NP	Asia/Kathmandu	600051
Shuangyashan	Shuangyashan	CN	Asia/Shanghai	600000
Borama	Borama	SO	Africa/Mogadishu	597842
Pallabi	Pallabi	BD	Asia/Dhaka	597574
Luancheng	Luancheng	CN	Asia/Shanghai	597130
Makhachkala	Makhachkala	RU	Europe/Moscow	596356
Anyang-si	Anyang-si	KR	Asia/Seoul	595644
Huambo	Huambo	AO	Africa/Luanda	595304
Samarkand	Samarkand	UZ	Asia/Samarkand	595200
Mengzi	Mengzi	CN	Asia/Shanghai	595100
Kagoshima	Kagoshima	JP	Asia/Tokyo	595049
Mukalla	Mukalla	YE	Asia/Aden	594951
Rasht	Rasht	IR	Asia/Tehran	594590
Mar del Plata	Mar del Plata	AR	America/Argentina/Buenos_Aires	593337
Essen	Essen	DE	Europe/Berlin	593085
Al Maḩallah al Kubrá	Al Mahallah al Kubra	EG	Africa/Cairo	592573
Málaga	Malaga	ES	Europe/Madrid	592346
Shekhupura	Shekhupura	PK	Asia/Karachi	591424
Yingkou	Yingkou	CN	Asia/Shanghai	591159
Zhangzhou	Zhangzhou	CN	Asia/Shanghai	589831
Reynosa	Reynosa	MX	America/Matamoros	589466
Thuận An	Thuan An	VN	Asia/Ho_Chi_Minh	588616
Dortmund	Dortmund	DE	Europe/Berlin	588462
Suginami	Suginami	JP	Asia/Tokyo	588354
Baltimore	Baltimore	US	America/New_York	585708
Itabashi	Itabashi	JP	Asia/Tokyo	584483
New Kingston	New Kingston	JM	America/Jamaica	583958
Pelentong	Pelentong	MY	Asia/Kuala_Lumpur	583640
Cimahi	Cimahi	ID	Asia/Jakarta	581994
Londrina	Londrina	BR	America/Sao_Paulo	581382
Bucaramanga	Bucaramanga	CO	America/Bogota	581130
Genoa	Genoa	IT	Europe/Rome	580097
Hachiōji	Hachioji	JP	Asia/Tokyo	579355
Malacca	Malacca	MY	Asia/Kuala_Lumpur	579000
Nha Trang	Nha Trang	VN	Asia/Ho_Chi_Minh	579000
Kerman	Kerman	IR	Asia/Tehran	577514
Orūmīyeh	Orumiyeh	IR	Asia/Tehran	577307
Bahçelievler	Bahcelievler	TR	Europe/Istanbul	576799
Tanta	Tanta	EG	Africa/Cairo	576648
Jammu	Jammu	IN	Asia/Kolkata	576198
Iskandar Puteri	Iskandar Puteri	MY	Asia/Kuala_Lumpur	575977
Calamba	Calamba	PH	Asia/Manila	575046
Tlalpan	Tlalpan	MX	America/Mexico_City	574577
Herāt	Herat	AF	Asia/Kabul	574300
Gujrat	Gujrat	PK	Asia/Karachi	574240
Tomsk	Tomsk	RU	Asia/Tomsk	574002
Umraniye	Umraniye	TR	Europe/Istanbul	573265
Shihezi	Shihezi	CN	Asia/Urumqi	572772
South Boston	South Boston	US	America/New_York	571281
Nakuru	Nakuru	KE	Africa/Nairobi	570674
Hamilton	Hamilton	CA	America/Toronto	569353
Irbid	Irbid	JO	Asia/Amman	569068
Manchester	Manchester	GB	Europe/London	568996
Kota Bharu	Kota Bharu	MY	Asia/Kuala_Lumpur	568900
Surrey	Surrey	CA	America/Vancouver	568322
Meknes	Meknes	MA	Africa/Casablanca	568295
Puente Alto	Puente Alto	CL	America/Santiago	568106
Nyala	Nyala	SD	Africa/Khartoum	565734
Dresden	Dresden	DE	Europe/Berlin	564904
Orenburg	Orenburg	RU	Asia/Yekaterinburg	564773
Albuquerque	Albuquerque	US	America/Denver	564559
Bokāro	Bokaro	IN	Asia/Kolkata	564319
Asmara	Asmara	ER	Africa/Asmara	563930
Sukkur	Sukkur	PK	Asia/Karachi	563851
Milwaukee	Milwaukee	US	America/Chicago	563531
Chợ Lớn	Cho Lon	VN	Asia/Ho_Chi_Minh	561000
Wenchang	Wenchang	CN	Asia/Shanghai	560894
Ile-Ife	Ile-Ife	NG	Africa/Lagos	560000
Gombe	Gombe	NG	Africa/Lagos	560000
Hamhŭng	Hamhung	KP	Asia/Pyongyang	559056
Kemerovo	Kemerovo	RU	Asia/Novokuznetsk	558973
Nasiriyah	Nasiriyah	IQ	Asia/Baghdad	558400
Bloemfontein	Bloemfontein	ZA	Africa/Johannesburg	556637
Sheffield	Sheffield	GB	Europe/London	556500
Santiago de Cuba	Santiago de Cuba	CU	America/Havana	555865
Siping	Siping	CN	Asia/Shanghai	555609
Cuautitlán Izcalli	Cuautitlan Izcalli	MX	America/Mexico_City	555163
Benguela	Benguela	AO	Africa/Luanda	555124
Chuxiong	Chuxiong	CN	Asia/Shanghai	555081
Balbala	Balbala	DJ	Africa/Djibouti	554350
Huaihua	Huaihua	CN	Asia/Shanghai	552622
Muntinlupa	Muntinlupa	PH	Asia/Manila	552225
Bình Thạnh	Binh Thanh	VN	Asia/Ho_Chi_Minh	552164
Zahedan	Zahedan	IR	Asia/Tehran	551980
Banqiao	Banqiao	TW	Asia/Taipei	551221
Nanded	Nanded	IN	Asia/Kolkata	550564
Kozhikode	Kozhikode	IN	Asia/Kolkata	550440
Ulanqab	Ulanqab	CN	Asia/Shanghai	550231
Cabinda	Cabinda	AO	Africa/Luanda	550000
Ajegunle	Ajegunle	NG	Africa/Lagos	550000
Pristina	Pristina	XK	Europe/Belgrade	550000
Jiamusi	Jiamusi	CN	Asia/Shanghai	549549
Korla	Korla	CN	Asia/Urumqi	549324
Kolhāpur	Kolhapur	IN	Asia/Kolkata	549236
Porto Velho	Porto Velho	BR	America/Porto_Velho	548952
San Miguel de Tucumán	San Miguel de Tucuman	AR	America/Argentina/Tucuman	548866
Kuantan	Kuantan	MY	Asia/Kuala_Lumpur	548014
Sevastopol	Sevastopol	UA	Europe/Simferopol	547820
Nellore	Nellore	IN	Asia/Kolkata	547621
Mirpur Model Thana	Mirpur Model Thana	BD	Asia/Dhaka	546503
Bremen	Bremen	DE	Europe/Berlin	546501
Wanning	Wanning	CN	Asia/Shanghai	545992
Owerri	Owerri	NG	Africa/Lagos	545000
Kota Kuala Muda	Kota Kuala Muda	MY	Asia/Kuala_Lumpur	544984
Sungai Petani	Sungai Petani	MY	Asia/Kuala_Lumpur	544851
Xinzhou	Xinzhou	CN	Asia/Shanghai	544683
Kotō	Koto	JP	Asia/Tokyo	543730
Kalaburagi	Kalaburagi	IN	Asia/Kolkata	543147
Tucson	Tucson	US	America/Phoenix	542629
Selayang Baru Utara	Selayang Baru Utara	MY	Asia/Kuala_Lumpur	542409
Vilnius	Vilnius	LT	Europe/Vilnius	542366
Ajmer	Ajmer	IN	Asia/Kolkata	542321
Pingdu	Pingdu	CN	Asia/Shanghai	542234
Fresno	Fresno	US	America/Los_Angeles	542107
Mbeya	Mbeya	TZ	Africa/Dar_es_Salaam	541603
Juiz de Fora	Juiz de Fora	BR	America/Sao_Paulo	540756
Calabar	Calabar	NG	Africa/Lagos	540000
Oujda	Oujda	MA	Africa/Casablanca	539711
Novokuznetsk	Novokuznetsk	RU	Asia/Novokuznetsk	539616
Ryazan’	Ryazan'	RU	Europe/Moscow	538962
Ji’an	Ji'an	CN	Asia/Shanghai	538699
Sahiwal	Sahiwal	PK	Asia/Karachi	538344
Sahiwal	Sahiwal	PK	Asia/Karachi	538344
Mersin	Mersin	TR	Europe/Istanbul	537842
Nilüfer	Niluefer	TR	Europe/Istanbul	536365
Leeds	Leeds	GB	Europe/London	536280
Poznań	Poznan	PL	Europe/Warsaw	536151
Guli	Guli	CN	Asia/Shanghai	536000
Aqsu	Aqsu	CN	Asia/Urumqi	535657
Ebute Ikorodu	Ebute Ikorodu	NG	Africa/Lagos	535619
Ananindeua	Ananindeua	BR	America/Belem	535547
Tanggu	Tanggu	CN	Asia/Shanghai	535298
Pasir Gudang	Pasir Gudang	MY	Asia/Kuala_Lumpur	534659
Astrakhan	Astrakhan	RU	Europe/Astrakhan	533925
Okara	Okara	PK	Asia/Karachi	533693
Nansana	Nansana	UG	Africa/Kampala	532800
Kimhae	Kimhae	KR	Asia/Seoul	531966
Ar Raqqah	Ar Raqqah	SY	Asia/Damascus	531952
Québec	Quebec	CA	America/Toronto	531902
Cuauhtémoc	Cuauhtemoc	MX	America/Mexico_City	531831
Shangluo	Shangluo	CN	Asia/Shanghai	531696
Himeji	Himeji	JP	Asia/Tokyo	530495
Ibagué	Ibague	CO	America/Bogota	529635
Antwerp	Antwerp	BE	Europe/Brussels	529247
Assiut	Assiut	EG	Africa/Cairo	528669
Hamadān	Hamadan	IR	Asia/Tehran	528256
Qionghai	Qionghai	CN	Asia/Shanghai	528238
Aparecida de Goiânia	Aparecida de Goiania	BR	America/Sao_Paulo	527796
Cangzhou	Cangzhou	CN	Asia/Shanghai	527681
Mohammadpur	Mohammadpur	BD	Asia/Dhaka	527571
Surakarta	Surakarta	ID	Asia/Jakarta	526870
San Salvador	San Salvador	SV	America/El_Salvador	525990
Beihai	Beihai	CN	Asia/Shanghai	525329
Van	Van	TR	Europe/Istanbul	525016
Sacramento	Sacramento	US	America/Los_Angeles	524943
Thủ Đức	Thu GJuc	VN	Asia/Ho_Chi_Minh	524670
Üsküdar	UEskuedar	TR	Europe/Istanbul	524452
Penza	Penza	RU	Europe/Moscow	523553
Mazār-e Sharīf	Mazar-e Sharif	AF	Asia/Kabul	523300
Kandahār	Kandahar	AF	Asia/Kabul	523300
Hengshui	Hengshui	CN	Asia/Shanghai	522147
Dehradun	Dehradun	IN	Asia/Kolkata	522081
Erode	Erode	IN	Asia/Kolkata	521891
Lyon	Lyon	FR	Europe/Paris	520774
Salta	Salta	AR	America/Argentina/Salta	520683
Serra	Serra	BR	America/Sao_Paulo	520653
Esenler	Esenler	TR	Europe/Istanbul	520235
Daxing’anling	Daxing'anling	CN	Asia/Shanghai	520000
Qui Nhon	Qui Nhon	VN	Asia/Ho_Chi_Minh	519208
Al Fayyum	Al Fayyum	EG	Africa/Cairo	519047
Durgapur	Durgapur	IN	Asia/Kolkata	518872
Utsunomiya	Utsunomiya	JP	Asia/Tokyo	518757
Victoria de Durango	Victoria de Durango	MX	America/Monterrey	518709
Belford Roxo	Belford Roxo	BR	America/Sao_Paulo	518384
Lisbon	Lisbon	PT	Europe/Lisbon	517802
Rahim Yar Khan	Rahim Yar Khan	PK	Asia/Karachi	517000
Ulhasnagar	Ulhasnagar	IN	Asia/Kolkata	516584
Guangyuan	Guangyuan	CN	Asia/Shanghai	516424
Loni	Loni	IN	Asia/Kolkata	516082
Siliguri	Siliguri	IN	Asia/Kolkata	515574
Nuremberg	Nuremberg	DE	Europe/Berlin	515543
Niterói	Niteroi	BR	America/Sao_Paulo	515317
Ujjain	Ujjain	IN	Asia/Kolkata	515215
Hannover	Hannover	DE	Europe/Berlin	515140
Edinburgh	Edinburgh	GB	Europe/London	514990
Macapá	Macapa	BR	America/Belem	512902
Xianning	Xianning	CN	Asia/Shanghai	512517
Toulouse	Toulouse	FR	Europe/Paris	511684
Thembisa	Thembisa	ZA	Africa/Johannesburg	511655
Carrefour	Carrefour	HT	America/Port-au-Prince	511345
Matsuyama	Matsuyama	JP	Asia/Tokyo	511192
Bilimora	Bilimora	IN	Asia/Kolkata	510879
Kasur	Kasur	PK	Asia/Karachi	510875
Atlanta	Atlanta	US	America/New_York	510823
Heroica Matamoros	Heroica Matamoros	MX	America/Matamoros	510739
Makati City	Makati City	PH	Asia/Manila	510383
Buda	Buda	HU	Europe/Budapest	510108
Tonghua	Tonghua	CN	Asia/Shanghai	510000
Mianzhu, Deyang, Sichuan	Mianzhu, Deyang, Sichuan	CN	Asia/Shanghai	510000
Naberezhnyye Chelny	Naberezhnyye Chelny	RU	Europe/Moscow	509870
Lipetsk	Lipetsk	RU	Europe/Moscow	509735
Kikwit	Kikwit	CD	Africa/Kinshasa	509367
Florianópolis	Florianopolis	BR	America/Sao_Paulo	508826
Banan	Banan	CN	Asia/Shanghai	508703
Newcastle	Newcastle	AU	Australia/Sydney	508437
Tuen Mun	Tuen Mun	HK	Asia/Hong_Kong	507900
Zhangye	Zhangye	CN	Asia/Shanghai	507433
Kirov	Kirov	RU	Europe/Kirov	507155
Kashgar	Kashgar	CN	Asia/Urumqi	506640
Mukim Pulai	Mukim Pulai	MY	Asia/Kuala_Lumpur	505661
Najrān	Najran	SA	Asia/Riyadh	505652
Karol Bāgh	Karol Bagh	IN	Asia/Kolkata	505241
Zhoukou	Zhoukou	CN	Asia/Shanghai	505171
Leipzig	Leipzig	DE	Europe/Berlin	504971
Pingliang	Pingliang	CN	Asia/Shanghai	504848
Huangpu	Huangpu	CN	Asia/Shanghai	504700
Kalininskiy	Kalininskiy	RU	Europe/Moscow	504641
Duisburg	Duisburg	DE	Europe/Berlin	504358
Āsansol	Asansol	IN	Asia/Kolkata	504271
Arāk	Arak	IR	Asia/Tehran	503647
Maipú	Maipu	CL	America/Santiago	503635
Homyel'	Homyel'	BY	Europe/Minsk	501193
Aktobe	Aktobe	KZ	Asia/Aqtobe	500757
Kota Kinabalu	Kota Kinabalu	MY	Asia/Kuching	500421
Talatona	Talatona	AO	Africa/Luanda	500000
Kampung Larkin Lama	Kampung Larkin Lama	MY	Asia/Kuala_Lumpur	500000
Kota Damansara	Kota Damansara	MY	Asia/Kuala_Lumpur	500000
Jalalpur Pirwala	Jalalpur Pirwala	PK	Asia/Karachi	500000
Mangaluru	Mangaluru	IN	Asia/Kolkata	499487
Zhucheng	Zhucheng	CN	Asia/Shanghai	499285
Santa Marta	Santa Marta	CO	America/Bogota	499192
Matsudo	Matsudo	JP	Asia/Tokyo	498575
Hāthazāri	Hathazari	BD	Asia/Dhaka	498179
Lapu-Lapu City	Lapu-Lapu City	PH	Asia/Manila	497813
Karagandy	Karagandy	KZ	Asia/Almaty	497777
Loudi	Loudi	CN	Asia/Shanghai	497171
Liverpool	Liverpool	GB	Europe/London	496770
Ichikawa	Ichikawa	JP	Asia/Tokyo	496676
Bāndarban	Bandarban	BD	Asia/Dhaka	495272
Sha Tin	Sha Tin	HK	Asia/Hong_Kong	495200
Dera Ghazi Khan	Dera Ghazi Khan	PK	Asia/Karachi	494464
Higashiosaka	Higashiosaka	JP	Asia/Tokyo	493940
Pindi Bhattian	Pindi Bhattian	PK	Asia/Karachi	493222
Cheboksary	Cheboksary	RU	Europe/Moscow	492331
Pohang	Pohang	KR	Asia/Seoul	492041
Shanwei	Shanwei	CN	Asia/Shanghai	491766
Montería	Monteria	CO	America/Bogota	490935
Ruiru	Ruiru	KE	Africa/Nairobi	490120
Valledupar	Valledupar	CO	America/Bogota	490075
Belagavi	Belagavi	IN	Asia/Kolkata	490045
Ajman	Ajman	AE	Asia/Dubai	490035
Jianshui	Jianshui	CN	Asia/Shanghai	490000
Sancaktepe	Sancaktepe	TR	Europe/Istanbul	489848
Port Sudan	Port Sudan	SD	Africa/Khartoum	489725
Toluca	Toluca	MX	America/Mexico_City	489333
Ciudad López Mateos	Ciudad Lopez Mateos	MX	America/Mexico_City	489160
Al Khuşūş	Al Khusus	EG	Africa/Cairo	488904
Jeju City	Jeju City	KR	Asia/Seoul	488844
Gdańsk	Gdansk	PL	Europe/Warsaw	487371
Miami	Miami	US	America/New_York	487014
Omaha	Omaha	US	America/Chicago	486051
Nishinomiya	Nishinomiya	JP	Asia/Tokyo	485587
Masina	Masina	CD	Africa/Kinshasa	485167
Sahāranpur	Saharanpur	IN	Asia/Kolkata	484873
Vellore	Vellore	IN	Asia/Kolkata	484690
Kurashiki	Kurashiki	JP	Asia/Tokyo	483576
Campos dos Goytacazes	Campos dos Goytacazes	BR	America/Sao_Paulo	483540
Angeles City	Angeles City	PH	Asia/Manila	483452
Bhātpāra	Bhatpara	IN	Asia/Kolkata	483129
Jijiga	Jijiga	ET	Africa/Addis_Ababa	483000
Tula	Tula	RU	Europe/Moscow	482873
Najaf	Najaf	IQ	Asia/Baghdad	482576
Raleigh	Raleigh	US	America/New_York	482295
Imus	Imus	PH	Asia/Manila	481949
Xichang	Xichang	CN	Asia/Shanghai	481796
Malegaon	Malegaon	IN	Asia/Kolkata	481228
São José do Rio Preto	Sao Jose do Rio Preto	BR	America/Sao_Paulo	480393
Caxias do Sul	Caxias do Sul	BR	America/Sao_Paulo	479599
Karabağlar	Karabaglar	TR	Europe/Istanbul	479338
Okene	Okene	NG	Africa/Lagos	479178
Uijeongbu-si	Uijeongbu-si	KR	Asia/Seoul	479141
Bristol	Bristol	GB	Europe/London	479024
East London	East London	ZA	Africa/Johannesburg	478676
Chéngguān Qū	Chengguan Qu	CN	Asia/Shanghai	478275
Yazd	Yazd	IR	Asia/Tehran	477905
Hargeysa	Hargeysa	SO	Africa/Mogadishu	477876
Ōita	Oita	JP	Asia/Tokyo	477715
Jincheng	Jincheng	CN	Asia/Shanghai	476945
Modīnagar	Modinagar	IN	Asia/Kolkata	475843
Taoyuan	Taoyuan	TW	Asia/Taipei	475798
Eldoret	Eldoret	KE	Africa/Nairobi	475716
Kansas City	Kansas City	US	America/Chicago	475378
Yan’an	Yan'an	CN	Asia/Shanghai	475234
Kaliningrad	Kaliningrad	RU	Europe/Kaliningrad	475056
Skopje	Skopje	MK	Europe/Skopje	474889
Kupang	Kupang	ID	Asia/Makassar	474801
Vereeniging	Vereeniging	ZA	Africa/Johannesburg	474681
The Hague	The Hague	NL	Europe/Amsterdam	474292
Long Beach	Long Beach	US	America/Los_Angeles	474140
Gaya	Gaya	IN	Asia/Kolkata	474093
Iloilo	Iloilo	PH	Asia/Manila	473728
Shouguang	Shouguang	CN	Asia/Shanghai	473620
Jingdezhen	Jingdezhen	CN	Asia/Shanghai	473561
Murcia	Murcia	ES	Europe/Madrid	471982
Mesa	Mesa	US	America/Phoenix	471825
Halifax	Halifax	CA	America/Halifax	471559
Morogoro	Morogoro	TZ	Africa/Dar_es_Salaam	471409
Marikina City	Marikina City	PH	Asia/Manila	471323
Kenitra	Kenitra	MA	Africa/Casablanca	470949
Seeb	Seeb	OM	Asia/Muscat	470878
Jiaojiang	Jiaojiang	CN	Asia/Shanghai	470804
Cilegon	Cilegon	ID	Asia/Jakarta	470378
Mykolayiv	Mykolayiv	UA	Europe/Kyiv	470011
Fukuyama	Fukuyama	JP	Asia/Tokyo	468812
Staten Island	Staten Island	US	America/New_York	468730
Nanping	Nanping	CN	Asia/Shanghai	467875
Pereira	Pereira	CO	America/Bogota	467269
Ciudad Apodaca	Ciudad Apodaca	MX	America/Monterrey	467157
São João de Meriti	Sao Joao de Meriti	BR	America/Sao_Paulo	466536
Ambattur	Ambattur	IN	Asia/Kolkata	466205
Kanazawa	Kanazawa	JP	Asia/Tokyo	466029
Gonder	Gonder	ET	Africa/Addis_Ababa	466000
Mandaluyong City	Mandaluyong City	PH	Asia/Manila	465902
Mixco	Mixco	GT	America/Guatemala	465773
Longshan	Longshan	CN	Asia/Shanghai	465249
Ikare	Ikare	NG	Africa/Lagos	465000
Nova Vida	Nova Vida	AO	Africa/Luanda	464985
Vũng Tàu	Vung Tau	VN	Asia/Ho_Chi_Minh	464860
Maracay	Maracay	VE	America/Caracas	464700
Tamale	Tamale	GH	Africa/Accra	464316
Heyuan	Heyuan	CN	Asia/Shanghai	463907
Dĩ An	Di An	VN	Asia/Ho_Chi_Minh	463023
Kira	Kira	UG	Africa/Kampala	462900
Esna	Esna	EG	Africa/Cairo	462787
Huangshan	Huangshan	CN	Asia/Shanghai	460786
Ḩamāh	Hamah	SY	Asia/Damascus	460602
Jalgaon	Jalgaon	IN	Asia/Kolkata	460228
Kurnool	Kurnool	IN	Asia/Kolkata	460184
Yola	Yola	NG	Africa/Lagos	460000
Rạch Giá	Rach Gia	VN	Asia/Ho_Chi_Minh	459860
Amagasaki	Amagasaki	JP	Asia/Tokyo	459593
Manado	Manado	ID	Asia/Makassar	458582
Santo Domingo de los Colorados	Santo Domingo de los Colorados	EC	America/Guayaquil	458580
Ţarţūs	Tartus	SY	Asia/Damascus	458327
Mek'ele	Mek'ele	ET	Africa/Addis_Ababa	457900
Nazrēt	Nazret	ET	Africa/Addis_Ababa	456900
Colorado Springs	Colorado Springs	US	America/Denver	456568
Huancayo	Huancayo	PE	America/Lima	456250
Al Hillah	Al Hillah	IQ	Asia/Baghdad	455700
Mbandaka	Mbandaka	CD	Africa/Kinshasa	455011
Malanje	Malanje	AO	Africa/Luanda	455000
Namp’o	Namp'o	KP	Asia/Pyongyang	455000
Ciudad General Escobedo	Ciudad General Escobedo	MX	America/Monterrey	454967
Bacolod City	Bacolod City	PH	Asia/Manila	454898
Virginia Beach	Virginia Beach	US	America/New_York	454808
Wafangdian	Wafangdian	CN	Asia/Shanghai	454338
Mansilingan	Mansilingan	PH	Asia/Manila	454150
Kahama	Kahama	TZ	Africa/Dar_es_Salaam	453654
Hsinchu	Hsinchu	TW	Asia/Taipei	453536
Katsushika	Katsushika	JP	Asia/Tokyo	453093
Rāmgundam	Ramgundam	IN	Asia/Kolkata	452261
Batman	Batman	TR	Europe/Istanbul	452157
Yongji	Yongji	CN	Asia/Shanghai	452000
Lishui	Lishui	CN	Asia/Shanghai	451418
Udaipur	Udaipur	IN	Asia/Kolkata	451100
Warder	Warder	ET	Africa/Addis_Ababa	450400
Wenshan City	Wenshan City	CN	Asia/Shanghai	450000
Eslamshahr	Eslamshahr	IR	Asia/Tehran	450000
Juba	Juba	SS	Africa/Juba	450000
Muratpaşa	Muratpasa	TR	Europe/Istanbul	450000
Bắc Giang	Bac Giang	VN	Asia/Bangkok	450000
Şanlıurfa	Sanliurfa	TR	Europe/Istanbul	449549
Chengde	Chengde	CN	Asia/Shanghai	449325
Kursk	Kursk	RU	Europe/Moscow	448733
Maheshtala	Maheshtala	IN	Asia/Kolkata	448317
Nam Định	Nam GJinh	VN	Asia/Bangkok	448225
Constantine	Constantine	DZ	Africa/Algiers	448028
Patiāla	Patiala	IN	Asia/Kolkata	446246
Boksburg	Boksburg	ZA	Africa/Johannesburg	445168
Basuo	Basuo	CN	Asia/Shanghai	444458
Campina Grande	Campina Grande	BR	America/Fortaleza	443911
Ensenada	Ensenada	MX	America/Tijuana	443807
Elazığ	Elazig	TR	Europe/Istanbul	443363
Jundiaí	Jundiai	BR	America/Sao_Paulo	443221
Xochimilco	Xochimilco	MX	America/Mexico_City	442178
Shyamnagar	Shyamnagar	IN	Asia/Kolkata	441956
Dasmariñas	Dasmarinas	PH	Asia/Manila	441876
Zhangjiajie	Zhangjiajie	CN	Asia/Shanghai	441804
Mataram	Mataram	ID	Asia/Makassar	441147
Korhogo	Korhogo	CI	Africa/Abidjan	440926
Piracicaba	Piracicaba	BR	America/Sao_Paulo	440835
Fujisawa	Fujisawa	JP	Asia/Tokyo	439728
Bissau	Bissau	GW	Africa/Bissau	439704
Sandakan	Sandakan	MY	Asia/Kuching	439050
Mawlamyine	Mawlamyine	MM	Asia/Yangon	438861
Laval	Laval	CA	America/Toronto	438366
Palma	Palma	ES	Europe/Madrid	438234
Montes Claros	Montes Claros	BR	America/Sao_Paulo	437601
Sunch’ŏn	Sunch'on	KP	Asia/Pyongyang	437000
Sultangazi	Sultangazi	TR	Europe/Istanbul	436935
Uyo	Uyo	NG	Africa/Lagos	436606
Bei’an	Bei'an	CN	Asia/Shanghai	436444
Davangere	Davangere	IN	Asia/Kolkata	435128
Ado-Ekiti	Ado-Ekiti	NG	Africa/Lagos	435000
Manizales	Manizales	CO	America/Bogota	434403
Masan	Masan	KR	Asia/Seoul	434371
Buôn Ma Thuột	Buon Ma Thuot	VN	Asia/Ho_Chi_Minh	434256
Stavropol	Stavropol	RU	Europe/Moscow	433931
Shuozhou	Shuozhou	CN	Asia/Shanghai	433700
Kashiwa	Kashiwa	JP	Asia/Tokyo	433436
Ogbomoso	Ogbomoso	NG	Africa/Lagos	433030
Tel Aviv	Tel Aviv	IL	Asia/Jerusalem	432892
Goma	Goma	CD	Africa/Lubumbashi	432587
Buenaventura	Buenaventura	CO	America/Bogota	432385
Welkom	Welkom	ZA	Africa/Johannesburg	431944
Sham Shui Po	Sham Shui Po	HK	Asia/Hong_Kong	431090
Machida	Machida	JP	Asia/Tokyo	431079
Venustiano Carranza	Venustiano Carranza	MX	America/Mexico_City	430978
Zagazig	Zagazig	EG	Africa/Cairo	430445
Vinnytsya	Vinnytsya	UA	Europe/Kyiv	430091
Ismailia	Ismailia	EG	Africa/Cairo	429465
Ningde	Ningde	CN	Asia/Shanghai	429260
Akola	Akola	IN	Asia/Kolkata	428857
Kima Kieza	Kima Kieza	AO	Africa/Luanda	428855
Cusco	Cusco	PE	America/Lima	428450
Jiuquan	Jiuquan	CN	Asia/Shanghai	428346
Veracruz	Veracruz	MX	America/Mexico_City	428323
East Jerusalem	East Jerusalem	PS	Asia/Hebron	428304
Bryansk	Bryansk	RU	Europe/Moscow	427236
Maltepe	Maltepe	TR	Europe/Istanbul	427040
Sumgayit	Sumgayit	AZ	Asia/Baku	427000
Tando Bago	Tando Bago	PK	Asia/Karachi	426535
Kuala Terengganu	Kuala Terengganu	MY	Asia/Kuala_Lumpur	426500
Toyota	Toyota	JP	Asia/Tokyo	426162
Matadi	Matadi	CD	Africa/Kinshasa	425662
Al Kharj	Al Kharj	SA	Asia/Riyadh	425300
Wong Tai Sin	Wong Tai Sin	HK	Asia/Hong_Kong	425235
Minna	Minna	NG	Africa/Lagos	425000
Mandaluyong	Mandaluyong	PH	Asia/Manila	425000
Xalapa de Enríquez	Xalapa de Enriquez	MX	America/Mexico_City	424755
Rajpur Sonarpur	Rajpur Sonarpur	IN	Asia/Kolkata	424368
Bratislava	Bratislava	SK	Europe/Bratislava	423737
Taman Petaling	Taman Petaling	MY	Asia/Kuala_Lumpur	423062
Shinagawa	Shinagawa	JP	Asia/Tokyo	422488
Al Ḩasakah	Al Hasakah	SY	Asia/Damascus	422445
Luxor	Luxor	EG	Africa/Cairo	422407
London	London	CA	America/Toronto	422324
Awasa	Awasa	ET	Africa/Addis_Ababa	422200
Chimoio	Chimoio	MZ	Africa/Maputo	422046
Tando Allahyar	Tando Allahyar	PK	Asia/Karachi	421923
Daloa	Daloa	CI	Africa/Abidjan	421871
Barra da Tijuca	Barra da Tijuca	BR	America/Sao_Paulo	421438
Dingxi	Dingxi	CN	Asia/Shanghai	420614
Bamenda	Bamenda	CM	Africa/Douala	420445
Tver	Tver	RU	Europe/Moscow	420065
Thái Nguyên	Thai Nguyen	VN	Asia/Bangkok	420000
Boa Vista	Boa Vista	BR	America/Boa_Vista	419652
Rio Branco	Rio Branco	BR	America/Rio_Branco	419452
Oakland	Oakland	US	America/Los_Angeles	419267
Christchurch	Christchurch	NZ	Pacific/Auckland	419200
Korba	Korba	IN	Asia/Kolkata	419146
Takamatsu	Takamatsu	JP	Asia/Tokyo	418994
Kowloon City	Kowloon City	HK	Asia/Hong_Kong	418732
Santos	Santos	BR	America/Sao_Paulo	418608
Tirana	Tirana	AL	Europe/Tirane	418495
Petrolina	Petrolina	BR	America/Recife	418444
Mauá	Maua	BR	America/Sao_Paulo	418261
San Juan	San Juan	PR	America/Puerto_Rico	418140
Alor Setar	Alor Setar	MY	Asia/Kuala_Lumpur	417800
Tongchuan	Tongchuan	CN	Asia/Shanghai	417740
Pasay	Pasay	PH	Asia/Manila	416522
Nuevo Laredo	Nuevo Laredo	MX	America/Matamoros	416055
Toyama	Toyama	JP	Asia/Tokyo	415844
Tétouan	Tetouan	MA	Africa/Casablanca	415810
Zürich	Zuerich	CH	Europe/Zurich	415367
Beylikdüzü	Beylikduezue	TR	Europe/Istanbul	415290
Việt Trì	Viet Tri	VN	Asia/Bangkok	415280
Azcapotzalco	Azcapotzalco	MX	America/Mexico_City	414711
Tampa	Tampa	US	America/New_York	414547
Bunamwaya	Bunamwaya	UG	Africa/Kampala	413400
Magnitogorsk	Magnitogorsk	RU	Asia/Yekaterinburg	413351
Tulsa	Tulsa	US	America/Chicago	413066
Jhānsi	Jhansi	IN	Asia/Kolkata	412927
Tseung Kwan O	Tseung Kwan O	HK	Asia/Hong_Kong	412900
Ciudad Bolívar	Ciudad Bolivar	VE	America/Caracas	412619
Kampung Kangkar Teberau	Kampung Kangkar Teberau	MY	Asia/Kuala_Lumpur	412373
Koumassi	Koumassi	CI	Africa/Abidjan	412282
San Nicolás de los Garza	San Nicolas de los Garza	MX	America/Monterrey	412199
Guyuan	Guyuan	CN	Asia/Shanghai	411854
Wandsbek	Wandsbek	DE	Europe/Berlin	411422
Minneapolis	Minneapolis	US	America/Chicago	410939
Jayapura	Jayapura	ID	Asia/Jayapura	410852
Thoothukudi	Thoothukudi	IN	Asia/Kolkata	410760
Ardabīl	Ardabil	IR	Asia/Tehran	410753
Ballari	Ballari	IN	Asia/Kolkata	410445
Chaoyang	Chaoyang	CN	Asia/Shanghai	410005
Gaza	Gaza	PS	Asia/Gaza	410000
Maringá	Maringa	BR	America/Sao_Paulo	409657
Yokosuka	Yokosuka	JP	Asia/Tokyo	409478
Kom Ombo	Kom Ombo	EG	Africa/Cairo	409311
Saltivka	Saltivka	UA	Europe/Kyiv	409300
Nagasaki	Nagasaki	JP	Asia/Tokyo	409118
Gujangbagh	Gujangbagh	CN	Asia/Urumqi	408894
Tonalá	Tonala	MX	America/Mexico_City	408759
Panama City	Panama City	PA	America/Panama	408168
Uvira	Uvira	CD	Africa/Lubumbashi	407092
Hirakata	Hirakata	JP	Asia/Tokyo	406331
Ivanovo	Ivanovo	RU	Europe/Moscow	406113
Cumaná	Cumana	VE	America/Caracas	405626
Newcastle	Newcastle	ZA	Africa/Johannesburg	404838
Gumi	Gumi	KR	Asia/Seoul	404691
Jixi	Jixi	CN	Asia/Shanghai	403759
Diadema	Diadema	BR	America/Sao_Paulo	403579
Kuching	Kuching	MY	Asia/Kuching	402738
Gifu	Gifu	JP	Asia/Tokyo	402557
Caruaru	Caruaru	BR	America/Recife	402290
Tongling	Tongling	CN	Asia/Shanghai	402062
Tarlac City	Tarlac City	PH	Asia/Manila	401892
Toyonaka	Toyonaka	JP	Asia/Tokyo	401558
Kassala	Kassala	SD	Africa/Khartoum	401477
Miyazaki	Miyazaki	JP	Asia/Tokyo	401339
Lekki	Lekki	NG	Africa/Lagos	401272
Antofagasta	Antofagasta	CL	America/Santiago	401096
Wah Cantt	Wah Cantt	PK	Asia/Karachi	400733
Bhāgalpur	Bhagalpur	IN	Asia/Kolkata	400146
Agartala	Agartala	IN	Asia/Kolkata	400004
Dayrah	Dayrah	AE	Asia/Dubai	400000
West Jerusalem	West Jerusalem	IL	Asia/Jerusalem	400000
Bida	Bida	NG	Africa/Lagos	400000
Bunia	Bunia	CD	Africa/Lubumbashi	399282
Antakya	Antakya	TR	Europe/Istanbul	399045
Quận Mười	Quan Muoi	VN	Asia/Ho_Chi_Minh	399000
Sunshine Coast	Sunshine Coast	AU	Australia/Brisbane	398840
Kisumu	Kisumu	KE	Africa/Nairobi	397957
Luhansk	Luhansk	UA	Europe/Kyiv	397677
Bengkulu	Bengkulu	ID	Asia/Jakarta	397321
Barinas	Barinas	VE	America/Caracas	397279
Vitória da Conquista	Vitoria da Conquista	BR	America/Bahia	396613
Wichita	Wichita	US	America/Chicago	396119
Al Hoceïma	Al Hoceima	MA	Africa/Casablanca	395644
Szczecin	Szczecin	PL	Europe/Warsaw	395513
Delmas	Delmas	HT	America/Port-au-Prince	395260
Vila Velha	Vila Velha	BR	America/Sao_Paulo	394930
Bologna	Bologna	IT	Europe/Rome	394843
Sejong	Sejong	KR	Asia/Seoul	394630
Cazenga	Cazenga	AO	Africa/Luanda	394170
Samsun	Samsun	TR	Europe/Istanbul	394050
Tallinn	Tallinn	EE	Europe/Tallinn	394024
Tanga	Tanga	TZ	Africa/Dar_es_Salaam	393429
El Obeid	El Obeid	SD	Africa/Khartoum	393311
Lobito	Lobito	AO	Africa/Luanda	393079
Saurimo	Saurimo	AO	Africa/Luanda	393000
Bauru	Bauru	BR	America/Sao_Paulo	392947
Bello	Bello	CO	America/Bogota	392939
Pasto	Pasto	CO	America/Bogota	392930
Gaomi	Gaomi	CN	Asia/Shanghai	391986
Santa Fe	Santa Fe	AR	America/Argentina/Cordoba	391164
San-Pédro	San-Pedro	CI	Africa/Abidjan	390654
Makurdi	Makurdi	NG	Africa/Lagos	390000
Palu	Palu	ID	Asia/Makassar	389959
Takoradi	Takoradi	GH	Africa/Accra	389114
Samut Prakan	Samut Prakan	TH	Asia/Bangkok	388920
Arlington	Arlington	US	America/Chicago	388125
Khamis Mushait	Khamis Mushait	SA	Asia/Riyadh	387553
Ambato	Ambato	EC	America/Guayaquil	387309
Carapicuíba	Carapicuiba	BR	America/Sao_Paulo	386984
Ojo de Agua	Ojo de Agua	MX	America/Mexico_City	386290
Windhoek	Windhoek	NA	Africa/Windhoek	386219
Abomey-Calavi	Abomey-Calavi	BJ	Africa/Porto-Novo	385755
Bochum	Bochum	DE	Europe/Berlin	385729
Suita	Suita	JP	Asia/Tokyo	385567
Benito Juárez	Benito Juarez	MX	America/Mexico_City	385439
Sector 3	Sector 3	RO	Europe/Bucharest	385439
Chak Jhumra	Chak Jhumra	PK	Asia/Karachi	385169
Kahramanmaraş	Kahramanmaras	TR	Europe/Istanbul	384953
Chongzuo	Chongzuo	CN	Asia/Shanghai	384905
Grajaú	Grajau	BR	America/Sao_Paulo	384873
Okazaki	Okazaki	JP	Asia/Tokyo	384654
Xico	Xico	MX	America/Mexico_City	384327
Iztacalco	Iztacalco	MX	America/Mexico_City	384326
Kākināda	Kakinada	IN	Asia/Kolkata	384182
Betim	Betim	BR	America/Sao_Paulo	384000
Las Palmas de Gran Canaria	Las Palmas de Gran Canaria	ES	Atlantic/Canary	383516
Cotabato	Cotabato	PH	Asia/Manila	383383
Bawshar	Bawshar	OM	Asia/Muscat	383257
Latur	Latur	IN	Asia/Kolkata	382940
Tanzhou	Tanzhou	CN	Asia/Shanghai	382445
Wellington	Wellington	NZ	Pacific/Auckland	381900
Mazatlán	Mazatlan	MX	America/Mazatlan	381583
Nizhny Tagil	Nizhny Tagil	RU	Asia/Yekaterinburg	381116
Irapuato	Irapuato	MX	America/Mexico_City	380941
Ichinomiya	Ichinomiya	JP	Asia/Tokyo	380073
Aswān	Aswan	EG	Africa/Cairo	379774
Brno	Brno	CZ	Europe/Prague	379466
Iaşi	Iasi	RO	Europe/Bucharest	378954
Krugersdorp	Krugersdorp	ZA	Africa/Johannesburg	378821
Pānihāti	Panihati	IN	Asia/Kolkata	378705
Shibganj	Shibganj	BD	Asia/Dhaka	378701
Caucaia	Caucaia	BR	America/Fortaleza	378406
Iquitos	Iquitos	PE	America/Lima	377609
Toyohashi	Toyohashi	JP	Asia/Tokyo	377453
Hechuan	Hechuan	CN	Asia/Shanghai	377213
Pétionville	Petionville	HT	America/Port-au-Prince	376834
Utrecht	Utrecht	NL	Europe/Amsterdam	376435
Rajamahendravaram	Rajamahendravaram	IN	Asia/Kolkata	376333
Cariacica	Cariacica	BR	America/Sao_Paulo	376200
Yogyakarta	Yogyakarta	ID	Asia/Jakarta	375699
Dhule	Dhule	IN	Asia/Kolkata	375559
Minato	Minato	JP	Asia/Tokyo	375339
Puchong	Puchong	MY	Asia/Kuala_Lumpur	375181
Ondo	Ondo	NG	Africa/Lagos	375000
Rohtak	Rohtak	IN	Asia/Kolkata	374292
Bhawana	Bhawana	PK	Asia/Karachi	373841
Rustenburg	Rustenburg	ZA	Africa/Johannesburg	373695
Bakersfield	Bakersfield	US	America/Los_Angeles	373640
Xuanhua	Xuanhua	CN	Asia/Shanghai	373422
Emalahleni	Emalahleni	ZA	Africa/Johannesburg	373403
Bafoussam	Bafoussam	CM	Africa/Douala	373268
Thủ Dầu Một	Thu Dau Mot	VN	Asia/Ho_Chi_Minh	373105
Takasaki	Takasaki	JP	Asia/Tokyo	372973
Seremban	Seremban	MY	Asia/Kuala_Lumpur	372917
Miguel Hidalgo	Miguel Hidalgo	MX	America/Mexico_City	372889
Nagano	Nagano	JP	Asia/Tokyo	372760
Tawau	Tawau	MY	Asia/Kuching	372615
Cardiff	Cardiff	GB	Europe/London	372089
Dachang	Dachang	CN	Asia/Shanghai	371856
Đống Đa	GJong GJa	VN	Asia/Bangkok	371606
Chitungwiza	Chitungwiza	ZW	Africa/Harare	371246
Fenghuang	Fenghuang	CN	Asia/Shanghai	370000
Umuahia	Umuahia	NG	Africa/Lagos	370000
Puerto La Cruz	Puerto La Cruz	VE	America/Caracas	370000
Uşak	Usak	TR	Europe/Istanbul	369433
Bharatpur	Bharatpur	NP	Asia/Kathmandu	369377
Itaquaquecetuba	Itaquaquecetuba	BR	America/Sao_Paulo	369275
Natore	Natore	BD	Asia/Dhaka	369138
6th of October City	6th of October City	EG	Africa/Cairo	368650
Leicester	Leicester	GB	Europe/London	368600
Desna	Desna	UA	Europe/Kyiv	368500
Cascavel	Cascavel	BR	America/Sao_Paulo	368195
Sector 6	Sector 6	RO	Europe/Bucharest	367760
Canberra	Canberra	AU	Australia/Sydney	367752
Avellaneda	Avellaneda	AR	America/Argentina/Buenos_Aires	367554
Praia Grande	Praia Grande	BR	America/Sao_Paulo	367400
Nara-shi	Nara-shi	JP	Asia/Tokyo	367353
Florence	Florence	IT	Europe/Rome	367150
Ahilyanagar	Ahilyanagar	IN	Asia/Kolkata	367140
Kollam	Kollam	IN	Asia/Kolkata	367107
Huanggang	Huanggang	CN	Asia/Shanghai	366769
Bradford	Bradford	GB	Europe/London	366187
Sukabumi	Sukabumi	ID	Asia/Jakarta	365735
Bilāspur	Bilaspur	IN	Asia/Kolkata	365579
Malabon	Malabon	PH	Asia/Manila	365525
Franca	Franca	BR	America/Sao_Paulo	365494
Cleveland	Cleveland	US	America/New_York	365379
Iseyin	Iseyin	NG	Africa/Lagos	365300
Etobicoke	Etobicoke	CA	America/Toronto	365000
Yenagoa	Yenagoa	NG	Africa/Lagos	365000
Gboko	Gboko	NG	Africa/Lagos	365000
Samba	Samba	AO	Africa/Luanda	364986
Olinda	Olinda	BR	America/Recife	364717
Pyeongtaek	Pyeongtaek	KR	Asia/Seoul	364694
Petare	Petare	VE	America/Caracas	364684
Bến Cát	Ben Cat	VN	Asia/Ho_Chi_Minh	364578
Anqiu	Anqiu	CN	Asia/Shanghai	364208
Alanya	Alanya	TR	Europe/Istanbul	364180
Larkana	Larkana	PK	Asia/Karachi	364033
Al Qadarif	Al Qadarif	SD	Africa/Khartoum	363945
Hrodna	Hrodna	BY	Europe/Minsk	363718
Cibinong	Cibinong	ID	Asia/Jakarta	363424
Nawabshah	Nawabshah	PK	Asia/Karachi	363138
New Orleans	New Orleans	US	America/Chicago	362701
Keelung	Keelung	TW	Asia/Taipei	362487
Malmö	Malmoe	SE	Europe/Stockholm	362133
Jizhou	Jizhou	CN	Asia/Shanghai	362013
Manukau City	Manukau City	NZ	Pacific/Auckland	362000
Maradi	Maradi	NE	Africa/Niamey	361702
Burewala	Burewala	PK	Asia/Karachi	361664
Ataşehir	Atasehir	TR	Europe/Istanbul	361615
Blumenau	Blumenau	BR	America/Sao_Paulo	361261
Nanqiao	Nanqiao	CN	Asia/Shanghai	361185
Mingora	Mingora	PK	Asia/Karachi	361112
Santarém	Santarem	BR	America/Santarem	360871
Wuppertal	Wuppertal	DE	Europe/Berlin	360797
Ulan-Ude	Ulan-Ude	RU	Asia/Irkutsk	360278
Huocheng	Huocheng	CN	Asia/Urumqi	360000
Ijebu Ode	Ijebu Ode	NG	Africa/Lagos	360000
Maseru	Maseru	LS	Africa/Maseru	359753
Bhilwara	Bhilwara	IN	Asia/Kolkata	359483
Aurora	Aurora	US	America/Denver	359407
Vitebsk	Vitebsk	BY	Europe/Minsk	358927
Sultanbeyli	Sultanbeyli	TR	Europe/Istanbul	358201
Taraz	Taraz	KZ	Asia/Almaty	358153
Yangsan	Yangsan	KR	Asia/Seoul	358074
Dniprovskyi	Dniprovskyi	UA	Europe/Kyiv	357900
San Jose del Monte	San Jose del Monte	PH	Asia/Manila	357828
Abū al-Kahṣīb	Abu al-Kahsib	IQ	Asia/Baghdad	357771
Gwangmyeong	Gwangmyeong	KR	Asia/Seoul	357545
Zanjan	Zanjan	IR	Asia/Tehran	357471
Neiva	Neiva	CO	America/Bogota	357392
Iwaki	Iwaki	JP	Asia/Tokyo	357309
Vladimir	Vladimir	RU	Europe/Moscow	357024
Tete	Tete	MZ	Africa/Maputo	357000
Bacoor	Bacoor	PH	Asia/Manila	356974
Uberaba	Uberaba	BR	America/Sao_Paulo	356781
Wakayama	Wakayama	JP	Asia/Tokyo	356729
Brahmapur	Brahmapur	IN	Asia/Kolkata	356598
Fengshan	Fengshan	TW	Asia/Taipei	356463
Fatih	Fatih	TR	Europe/Istanbul	356025
Misratah	Misratah	LY	Africa/Tripoli	355657
Cuíto	Cuito	AO	Africa/Luanda	355423
Benito Juarez	Benito Juarez	MX	America/Mexico_City	355017
Kyzylorda	Kyzylorda	KZ	Asia/Qyzylorda	354800
Sinjhoro	Sinjhoro	PK	Asia/Karachi	354709
Kawagoe	Kawagoe	JP	Asia/Tokyo	354571
Takatsuki	Takatsuki	JP	Asia/Tokyo	354468
Muzaffarpur	Muzaffarpur	IN	Asia/Kolkata	354462
Tapachula	Tapachula	MX	America/Merida	353706
Lhoka	Lhoka	CN	Asia/Shanghai	353700
Villahermosa	Villahermosa	MX	America/Merida	353577
Setapak	Setapak	MY	Asia/Kuala_Lumpur	353268
Mahilyow	Mahilyow	BY	Europe/Minsk	352896
Bandar Abbas	Bandar Abbas	IR	Asia/Tehran	352173
Pravyi Bereh	Pravyi Bereh	UA	Europe/Kyiv	352088
Yunusobod	Yunusobod	UZ	Asia/Tashkent	352000
Ras Al Khaimah	Ras Al Khaimah	AE	Asia/Dubai	351943
Cabimas	Cabimas	VE	America/Caracas	351736
Kendari	Kendari	ID	Asia/Makassar	351085
Honolulu	Honolulu	US	Pacific/Honolulu	350964
Anaheim	Anaheim	US	America/Los_Angeles	350742
Tarsus	Tarsus	TR	Europe/Istanbul	350732
Pengze	Pengze	CN	Asia/Shanghai	350000
Bahir Dar	Bahir Dar	ET	Africa/Addis_Ababa	350000
Punāsa	Punasa	IN	Asia/Kolkata	350000
Al Maḩmūdīyah	Al Mahmudiyah	IQ	Asia/Baghdad	350000
Diepsloot	Diepsloot	ZA	Africa/Johannesburg	350000
Xilinhot	Xilinhot	CN	Asia/Shanghai	349953
São José dos Pinhais	Sao Jose dos Pinhais	BR	America/Sao_Paulo	349880
Quelimane	Quelimane	MZ	Africa/Maputo	349842
Arkhangel’sk	Arkhangel'sk	RU	Europe/Moscow	349742
Muzaffarnagar	Muzaffarnagar	IN	Asia/Kolkata	349706
Hulunbuir	Hulunbuir	CN	Asia/Shanghai	349400
Dumai	Dumai	ID	Asia/Jakarta	349389
Shinjuku	Shinjuku	JP	Asia/Tokyo	349385
Sikasso	Sikasso	ML	Africa/Bamako	349324
Sanandaj	Sanandaj	IR	Asia/Tehran	349176
Chita	Chita	RU	Asia/Chita	349005
San Pedro	San Pedro	PH	Asia/Manila	348968
Alicante	Alicante	ES	Europe/Madrid	348901
Bimbo	Bimbo	CF	Africa/Bangui	348802
Kalemyo	Kalemyo	MM	Asia/Yangon	348573
Belfast	Belfast	GB	Europe/London	348005
Long Bien	Long Bien	VN	Asia/Bangkok	347829
Camagüey	Camagueey	CU	America/Havana	347562
Daye	Daye	CN	Asia/Shanghai	347406
Bilbao	Bilbao	ES	Europe/Madrid	347342
Ambon	Ambon	ID	Asia/Jayapura	347288
Brest	Brest	BY	Europe/Minsk	347138
Ribeirão das Neves	Ribeirao das Neves	BR	America/Sao_Paulo	346971
Chifeng	Chifeng	CN	Asia/Shanghai	346654
Central Coast	Central Coast	AU	Australia/Sydney	346596
Corrientes	Corrientes	AR	America/Argentina/Cordoba	346334
Hŭngnam	Hungnam	KP	Asia/Pyongyang	346082
Avadi	Avadi	IN	Asia/Kolkata	345996
Yunlong	Yunlong	CN	Asia/Shanghai	345393
Koshigaya	Koshigaya	JP	Asia/Tokyo	345353
Coventry	Coventry	GB	Europe/London	345324
Belgorod	Belgorod	RU	Europe/Moscow	345289
Toamasina	Toamasina	MG	Indian/Antananarivo	345107
Logan City	Logan City	AU	Australia/Brisbane	345098
Ōtsu	Otsu	JP	Asia/Tokyo	345070
Kosti	Kosti	SD	Africa/Khartoum	345068
Qitaihe	Qitaihe	CN	Asia/Shanghai	345033
Doha	Doha	QA	Asia/Qatar	344939
Kadapa	Kadapa	IN	Asia/Kolkata	344893
Nakano	Nakano	JP	Asia/Tokyo	344880
Cirebon	Cirebon	ID	Asia/Jakarta	344851
Turmero	Turmero	VE	America/Caracas	344700
Tokorozawa	Tokorozawa	JP	Asia/Tokyo	344194
Cabanatuan City	Cabanatuan City	PH	Asia/Manila	343672
Pizhou	Pizhou	CN	Asia/Shanghai	343421
Darnytsya	Darnytsya	UA	Europe/Kyiv	343384
Dire Dawa	Dire Dawa	ET	Africa/Addis_Ababa	343000
Annaba	Annaba	DZ	Africa/Algiers	342703
Nice	Nice	FR	Europe/Paris	342669
Iligan	Iligan	PH	Asia/Manila	342618
Soledad	Soledad	CO	America/Bogota	342556
Temara	Temara	MA	Africa/Casablanca	342345
Shiqi	Shiqi	CN	Asia/Shanghai	342306
Paulista	Paulista	BR	America/Recife	342167
Obalende	Obalende	NG	Africa/Lagos	342000
Kukatpally	Kukatpally	IN	Asia/Kolkata	341709
Laixi	Laixi	CN	Asia/Shanghai	341470
Dihok	Dihok	IQ	Asia/Baghdad	340900
Kaluga	Kaluga	RU	Europe/Moscow	340851
Bắc Từ Liêm	Bac Tu Liem	VN	Asia/Ho_Chi_Minh	340605
Celaya	Celaya	MX	America/Mexico_City	340387
Serekunda	Serekunda	GM	Africa/Banjul	340000
Kafrul	Kafrul	BD	Asia/Dhaka	339734
Karşıyaka	Karsiyaka	TR	Europe/Istanbul	339624
Ḩadā’iq al Qubbah	Hada'iq al Qubbah	EG	Africa/Cairo	339612
Makiyivka	Makiyivka	UA	Europe/Kyiv	338968
West Raleigh	West Raleigh	US	America/New_York	338759
Cuernavaca	Cuernavaca	MX	America/Mexico_City	338650
Markham	Markham	CA	America/Toronto	338503
São Vicente	Sao Vicente	BR	America/Sao_Paulo	338326
Kaesŏng	Kaesong	KP	Asia/Pyongyang	338155
Tungi	Tungi	BD	Asia/Dhaka	337579
Krasnogvargeisky	Krasnogvargeisky	RU	Europe/Moscow	337091
Randburg	Randburg	ZA	Africa/Johannesburg	337053
Safi	Safi	MA	Africa/Casablanca	336883
Simferopol	Simferopol	UA	Europe/Simferopol	336460
Lublin	Lublin	PL	Europe/Warsaw	336339
Pelotas	Pelotas	BR	America/Sao_Paulo	336150
San José	San Jose	CR	America/Costa_Rica	335007
Orlando	Orlando	US	America/New_York	334854
Viña del Mar	Vina del Mar	CL	America/Santiago	334248
Tieling	Tieling	CN	Asia/Shanghai	333907
Qazvin	Qazvin	IR	Asia/Tehran	333635
Asahikawa	Asahikawa	JP	Asia/Tokyo	333530
Kāmārhāti	Kamarhati	IN	Asia/Kolkata	332965
Tepic	Tepic	MX	America/Mazatlan	332863
Wŏnju	Wonju	KR	Asia/Seoul	332849
Wad Medani	Wad Medani	SD	Africa/Khartoum	332714
Quận Mười Một	Quan Muoi Mot	VN	Asia/Ho_Chi_Minh	332536
Nukus	Nukus	UZ	Asia/Samarkand	332500
Konak	Konak	TR	Europe/Istanbul	332277
Maebashi	Maebashi	JP	Asia/Tokyo	332149
Kita	Kita	JP	Asia/Tokyo	332140
Ciudad Victoria	Ciudad Victoria	MX	America/Monterrey	332100
Soledad de Graciano Sánchez	Soledad de Graciano Sanchez	MX	America/Mexico_City	332072
Kochi	Kochi	JP	Asia/Tokyo	332059
Bielefeld	Bielefeld	DE	Europe/Berlin	331906
Blida	Blida	DZ	Africa/Algiers	331779
Kwai Chung	Kwai Chung	HK	Asia/Hong_Kong	331600
Mandaue City	Mandaue City	PH	Asia/Manila	331320
Ganja	Ganja	AZ	Asia/Baku	330663
Khorramshahr	Khorramshahr	IR	Asia/Tehran	330606
Bonn	Bonn	DE	Europe/Berlin	330579
Mathura	Mathura	IN	Asia/Kolkata	330511
Hechi	Hechi	CN	Asia/Shanghai	330131
Bydgoszcz	Bydgoszcz	PL	Europe/Warsaw	330038
Smolensk	Smolensk	RU	Europe/Moscow	330025
Oral	Oral	KZ	Asia/Oral	330000
Khorramabad	Khorramabad	IR	Asia/Tehran	329825
Soyapango	Soyapango	SV	America/El_Salvador	329708
Tongshan	Tongshan	CN	Asia/Shanghai	329661
Guédiawaye	Guediawaye	SN	Africa/Dakar	329659
Plovdiv	Plovdiv	BG	Europe/Sofia	329489
Ciudad Obregón	Ciudad Obregon	MX	America/Hermosillo	329404
Wŏnsan	Wonsan	KP	Asia/Pyongyang	329207
Brent	Brent	GB	Europe/London	329100
Pavlodar	Pavlodar	KZ	Asia/Almaty	329002
Chānda	Chanda	IN	Asia/Kolkata	328351
Canoas	Canoas	BR	America/Sao_Paulo	328291
Kōriyama	Koriyama	JP	Asia/Tokyo	327692
Sochi	Sochi	RU	Europe/Moscow	327608
Aksaray	Aksaray	TR	Europe/Istanbul	327575
Vijayapura	Vijayapura	IN	Asia/Kolkata	327427
Chipata	Chipata	ZM	Africa/Lusaka	327059
Chongjin	Chongjin	KP	Asia/Pyongyang	327000
Yanji	Yanji	CN	Asia/Shanghai	326957
Roodepoort	Roodepoort	ZA	Africa/Johannesburg	326416
Pucallpa	Pucallpa	PE	America/Lima	326040
Mogi das Cruzes	Mogi das Cruzes	BR	America/Sao_Paulo	325746
Córdoba	Cordoba	ES	Europe/Madrid	325708
Birkenhead	Birkenhead	GB	Europe/London	325264
Nantes	Nantes	FR	Europe/Paris	325070
Ilesa	Ilesa	NG	Africa/Lagos	325000
Pekalongan	Pekalongan	ID	Asia/Jakarta	324564
Bhatara	Bhatara	BD	Asia/Dhaka	324300
Espoo	Espoo	FI	Europe/Helsinki	323910
Kikuyu	Kikuyu	KE	Africa/Nairobi	323881
Kluang	Kluang	MY	Asia/Kuala_Lumpur	323762
Lincang	Lincang	CN	Asia/Shanghai	323708
Nottingham	Nottingham	GB	Europe/London	323632
Ramiros	Ramiros	AO	Africa/Luanda	323576
Al ‘Amārah	Al 'Amarah	IQ	Asia/Baghdad	323302
Volzhsky	Volzhsky	RU	Europe/Volgograd	323293
Vaughan	Vaughan	CA	America/Toronto	323103
Xingyi	Xingyi	CN	Asia/Shanghai	322890
Shivamogga	Shivamogga	IN	Asia/Kolkata	322650
Alwar	Alwar	IN	Asia/Kolkata	322568
Uíge	Uige	AO	Africa/Luanda	322531
Taubaté	Taubate	BR	America/Sao_Paulo	322397
Ixtapaluca	Ixtapaluca	MX	America/Mexico_City	322271
Osh	Osh	KG	Asia/Bishkek	322164
Portoviejo	Portoviejo	EC	America/Guayaquil	321800
Villavicencio	Villavicencio	CO	America/Bogota	321717
Man’gyŏngdae-ri	Man'gyongdae-ri	KP	Asia/Pyongyang	321690
Camaçari	Camacari	BR	America/Bahia	321636
San Miguelito	San Miguelito	PA	America/Panama	321501
Shāhjānpur	Shahjanpur	IN	Asia/Kolkata	320434
Lexington	Lexington	US	America/New_York	320347
Tantou	Tantou	CN	Asia/Shanghai	320304
Suzano	Suzano	BR	America/Sao_Paulo	320261
Anápolis	Anapolis	BR	America/Sao_Paulo	319587
Kaech’ŏn	Kaech'on	KP	Asia/Pyongyang	319554
Jūnāgadh	Junagadh	IN	Asia/Kolkata	319462
Islington	Islington	GB	Europe/London	319143
Holguín	Holguin	CU	America/Havana	319102
Ust-Kamenogorsk	Ust-Kamenogorsk	KZ	Asia/Almaty	319067
Tsuen Wan	Tsuen Wan	HK	Asia/Hong_Kong	318916
Zinder	Zinder	NE	Africa/Niamey	318874
Saransk	Saransk	RU	Europe/Moscow	318841
Al Diwaniyah	Al Diwaniyah	IQ	Asia/Baghdad	318801
Varna	Varna	BG	Europe/Sofia	318737
Hafizabad	Hafizabad	PK	Asia/Karachi	318621
Marne La Vallée	Marne La Vallee	FR	Europe/Paris	318325
Palangkaraya	Palangkaraya	ID	Asia/Pontianak	318247
Damanhur	Damanhur	EG	Africa/Cairo	318207
Chiniot	Chiniot	PK	Asia/Karachi	318165
Popayán	Popayan	CO	America/Bogota	318059
Reading	Reading	GB	Europe/London	318014
Geita	Geita	TZ	Africa/Dar_es_Salaam	318006
Constanţa	Constanta	RO	Europe/Bucharest	317832
New Delhi	New Delhi	IN	Asia/Kolkata	317797
Thessaloníki	Thessaloniki	GR	Europe/Athens	317778
Thiès	Thies	SN	Africa/Dakar	317763
Naha	Naha	JP	Asia/Tokyo	317625
Riverside	Riverside	US	America/Los_Angeles	317261
Baicheng	Baicheng	CN	Asia/Shanghai	316970
Chimbote	Chimbote	PE	America/Lima	316966
Bari	Bari	IT	Europe/Rome	316491
Barueri	Barueri	BR	America/Sao_Paulo	316473
Corpus Christi	Corpus Christi	US	America/Chicago	316239
Thrissur	Thrissur	IN	Asia/Kolkata	315957
Cherepovets	Cherepovets	RU	Europe/Moscow	315738
Eloy Alfaro	Eloy Alfaro	EC	America/Guayaquil	315724
Hamburg-Nord	Hamburg-Nord	DE	Europe/Berlin	315514
Al-Kut	Al-Kut	IQ	Asia/Baghdad	315162
Muar	Muar	MY	Asia/Kuala_Lumpur	314776
Şişli	Sisli	TR	Europe/Istanbul	314684
Lexington-Fayette	Lexington-Fayette	US	America/New_York	314488
Maroua	Maroua	CM	Africa/Douala	314122
Kingston upon Hull	Kingston upon Hull	GB	Europe/London	314018
Preston	Preston	GB	Europe/London	313332
Lianshan	Lianshan	CN	Asia/Shanghai	313247
Denizli	Denizli	TR	Europe/Istanbul	313238
Ikeja	Ikeja	NG	Africa/Lagos	313196
New Cairo	New Cairo	EG	Africa/Cairo	313139
Al Qāhirah al Jadīdah	Al Qahirah al Jadidah	EG	Africa/Cairo	313139
Vitória	Vitoria	BR	America/Sao_Paulo	312656
Palmira	Palmira	CO	America/Bogota	312519
Vologda	Vologda	RU	Europe/Moscow	312420
Iligan City	Iligan City	PH	Asia/Manila	312323
Catania	Catania	IT	Europe/Rome	311584
Jardim Angela	Jardim Angela	BR	America/Sao_Paulo	311432
Nizāmābād	Nizamabad	IN	Asia/Kolkata	311152
Cincinnati	Cincinnati	US	America/New_York	311097
Percut	Percut	ID	Asia/Jakarta	311063
Coatzacoalcos	Coatzacoalcos	MX	America/Mexico_City	310698
Santa Ana	Santa Ana	US	America/Los_Angeles	310227
Sariwŏn-si	Sariwon-si	KP	Asia/Pyongyang	310100
Botshabelo	Botshabelo	ZA	Africa/Johannesburg	309714
Butuan	Butuan	PH	Asia/Manila	309709
Shahrīār	Shahriar	IR	Asia/Tehran	309607
Qods	Qods	IR	Asia/Tehran	309605
Gia Lâm	Gia Lam	VN	Asia/Bangkok	309353
Kurgan	Kurgan	RU	Asia/Yekaterinburg	309285
Tampico	Tampico	MX	America/Monterrey	309003
Akowonjo	Akowonjo	NG	Africa/Lagos	308900
Cabuyao	Cabuyao	PH	Asia/Manila	308745
Tabora	Tabora	TZ	Africa/Dar_es_Salaam	308741
Kasugai	Kasugai	JP	Asia/Tokyo	308681
An Nhơn	An Nhon	VN	Asia/Ho_Chi_Minh	308396
Alimosho	Alimosho	NG	Africa/Lagos	308290
Ciudad Benito Juárez	Ciudad Benito Juarez	MX	America/Monterrey	308285
Münster	Muenster	DE	Europe/Berlin	308258
Mannheim	Mannheim	DE	Europe/Berlin	307960
Karawang	Karawang	ID	Asia/Jakarta	307880
Akita	Akita	JP	Asia/Tokyo	307672
Tumkūr	Tumkur	IN	Asia/Kolkata	307359
Chinju	Chinju	KR	Asia/Seoul	307242
Parbhani	Parbhani	IN	Asia/Kolkata	307170
Hisar	Hisar	IN	Asia/Kolkata	307024
Iksan	Iksan	KR	Asia/Seoul	307000
Fīrozābād	Firozabad	IN	Asia/Kolkata	306409
Palmas	Palmas	BR	America/Araguaina	306296
Vladikavkaz	Vladikavkaz	RU	Europe/Moscow	306258
Port-de-Paix	Port-de-Paix	HT	America/Port-au-Prince	306217
Damietta	Damietta	EG	Africa/Cairo	305920
Posadas	Posadas	AR	America/Argentina/Cordoba	305874
Parauapebas	Parauapebas	BR	America/Belem	305771
Brakpan	Brakpan	ZA	Africa/Johannesburg	305692
Stockton	Stockton	US	America/Los_Angeles	305658
Juazeiro do Norte	Juazeiro do Norte	BR	America/Fortaleza	305531
Yokkaichi	Yokkaichi	JP	Asia/Tokyo	305424
Kulti	Kulti	IN	Asia/Kolkata	305405
Tláhuac	Tlahuac	MX	America/Mexico_City	305076
Sapele	Sapele	NG	Africa/Lagos	305000
Kashan	Kashan	IR	Asia/Tehran	304487
Kāshān	Kashan	IR	Asia/Tehran	304487
Pittsburgh	Pittsburgh	US	America/New_York	304391
Armenia	Armenia	CO	America/Bogota	304314
Santa Catarina	Santa Catarina	MX	America/Monterrey	304052
Sumbawanga	Sumbawanga	TZ	Africa/Dar_es_Salaam	303986
Orël	Orel	RU	Europe/Moscow	303696
Akashi	Akashi	JP	Asia/Tokyo	303601
Hai Bà Trưng	Hai Ba Trung	VN	Asia/Bangkok	303586
Kurume	Kurume	JP	Asia/Tokyo	303579
Graz	Graz	AT	Europe/Vienna	303270
Saint Paul	Saint Paul	US	America/Chicago	303176
Nghi Sơn	Nghi Son	VN	Asia/Bangkok	302210
Karnāl	Karnal	IN	Asia/Kolkata	302140
Changyi	Changyi	CN	Asia/Shanghai	302072
Ciudad del Este	Ciudad del Este	PY	America/Asuncion	301815
Rosetta	Rosetta	EG	Africa/Cairo	301795
Barddhamān	Barddhaman	IN	Asia/Kolkata	301725
Toshima	Toshima	JP	Asia/Tokyo	301599
Kediri	Kediri	ID	Asia/Jakarta	301424
Solwezi	Solwezi	ZM	Africa/Lusaka	301370
Hamburg-Mitte	Hamburg-Mitte	DE	Europe/Berlin	301231
Augsburg	Augsburg	DE	Europe/Berlin	301105
South Dublin	South Dublin	IE	Europe/Dublin	301075
Valladolid	Valladolid	ES	Europe/Madrid	300618
Miri	Miri	MY	Asia/Kuching	300543
Xinyi	Xinyi	CN	Asia/Shanghai	300511
Mardan	Mardan	PK	Asia/Karachi	300424
Surgut	Surgut	RU	Asia/Yekaterinburg	300367
Swansea	Swansea	GB	Europe/London	300352
San Pablo	San Pablo	PH	Asia/Manila	300166
Newcastle upon Tyne	Newcastle upon Tyne	GB	Europe/London	300125
Gundupālaiyam	Gundupalaiyam	IN	Asia/Kolkata	300104
Várzea Grande	Varzea Grande	BR	America/Cuiaba	300078
Gatineau	Gatineau	CA	America/Toronto	300045
Yangshuo	Yangshuo	CN	Asia/Shanghai	300000
Biñan	Binan	PH	Asia/Manila	300000
Malir Cantonment	Malir Cantonment	PK	Asia/Karachi	300000
Winejok	Winejok	SS	Africa/Juba	300000
Batikent	Batikent	TR	Europe/Istanbul	300000
Mérida	Merida	VE	America/Caracas	300000
Linqu	Linqu	CN	Asia/Shanghai	299646
Uruapan	Uruapan	MX	America/Mexico_City	299523
Pātan	Patan	NP	Asia/Kathmandu	299283
Fergana	Fergana	UZ	Asia/Tashkent	299200
Bahía Blanca	Bahia Blanca	AR	America/Argentina/Buenos_Aires	299101
Santol	Santol	PH	Asia/Manila	298976
Kaolack	Kaolack	SN	Africa/Dakar	298904
Jember	Jember	ID	Asia/Jakarta	298585
Aomori	Aomori	JP	Asia/Tokyo	298394
Bārāsat	Barasat	IN	Asia/Kolkata	298127
Mulugu	Mulugu	IN	Asia/Kolkata	297671
Foz do Iguaçu	Foz do Iguacu	BR	America/Sao_Paulo	297352
Bihār Sharīf	Bihar Sharif	IN	Asia/Kolkata	297268
Tegal	Tegal	ID	Asia/Jakarta	297173
Grozny	Grozny	RU	Europe/Moscow	297137
Boma	Boma	CD	Africa/Kinshasa	297009
Bāli	Bali	IN	Asia/Kolkata	296973
Pu'er	Pu'er	CN	Asia/Shanghai	296565
Rāmpur	Rampur	IN	Asia/Kolkata	296418
Darbhanga	Darbhanga	IN	Asia/Kolkata	296039
Panipat	Panipat	IN	Asia/Kolkata	295970
Mwene	Mwene	CD	Africa/Lubumbashi	295683
Białystok	Bialystok	PL	Europe/Warsaw	295683
São José	Sao Jose	BR	America/Sao_Paulo	295658
Rufisque	Rufisque	SN	Africa/Dakar	295459
Murmansk	Murmansk	RU	Europe/Moscow	295374
Tirupati	Tirupati	IN	Asia/Kolkata	295323
Southend-on-Sea	Southend-on-Sea	GB	Europe/London	295310
Petrópolis	Petropolis	BR	America/Sao_Paulo	294926
Guarujá	Guaruja	BR	America/Sao_Paulo	294871
Itajaí	Itajai	BR	America/Sao_Paulo	294850
Lincoln	Lincoln	US	America/Chicago	294757
Phu Quoc	Phu Quoc	VN	Asia/Ho_Chi_Minh	294419
Baiyin	Baiyin	CN	Asia/Shanghai	294400
Fukushima	Fukushima	JP	Asia/Tokyo	294237
Bergen	Bergen	NO	Europe/Oslo	294029
Greater Noida	Greater Noida	IN	Asia/Kolkata	293908
Noida	Noida	IN	Asia/Kolkata	293908
Tambov	Tambov	RU	Europe/Moscow	293661
Vigo	Vigo	ES	Europe/Madrid	293642
Aizawl	Aizawl	IN	Asia/Kolkata	293416
Banjarbaru	Banjarbaru	ID	Asia/Makassar	293332
Thanh Xuân	Thanh Xuan	VN	Asia/Bangkok	293292
Al Hufūf	Al Hufuf	SA	Asia/Riyadh	293179
Cholula	Cholula	MX	America/Mexico_City	292881
Gandhinagar	Gandhinagar	IN	Asia/Kolkata	292797
Semey	Semey	KZ	Asia/Almaty	292780
Cầu Giấy	Cau Giay	VN	Asia/Bangkok	292536
Dindigul	Dindigul	IN	Asia/Kolkata	292512
Ponta Grossa	Ponta Grossa	BR	America/Sao_Paulo	292177
Gaozhou	Gaozhou	CN	Asia/Shanghai	292164
Kamoke	Kamoke	PK	Asia/Karachi	292023
Limeira	Limeira	BR	America/Sao_Paulo	291869
Thanjavur	Thanjavur	IN	Asia/Kolkata	291067
Kariega	Kariega	ZA	Africa/Johannesburg	291052
Adıyaman	Adiyaman	TR	Europe/Istanbul	290883
Al Mubarraz	Al Mubarraz	SA	Asia/Riyadh	290802
Resistencia	Resistencia	AR	America/Argentina/Cordoba	290793
Morioka	Morioka	JP	Asia/Tokyo	290700
Atyrau	Atyrau	KZ	Asia/Atyrau	290700
Sector 2	Sector 2	RO	Europe/Bucharest	290507
Xiuying	Xiuying	CN	Asia/Shanghai	290000
San Cristóbal	San Cristobal	VE	America/Caracas	289852
Cileungsir	Cileungsir	ID	Asia/Jakarta	289833
Karīmnagar	Karimnagar	IN	Asia/Kolkata	289821
Victoria	Victoria	CA	America/Vancouver	289625
Anchorage	Anchorage	US	America/Anchorage	289600
Dewas	Dewas	IN	Asia/Kolkata	289550
Batna	Batna	DZ	Africa/Algiers	289504
Kaunas	Kaunas	LT	Europe/Vilnius	289380
Sonīpat	Sonipat	IN	Asia/Kolkata	289333
Machala	Machala	EC	America/Guayaquil	289141
Wiesbaden	Wiesbaden	DE	Europe/Berlin	288850
Meads	Meads	US	America/New_York	288649
Kabwe	Kabwe	ZM	Africa/Lusaka	288598
Sinŭiju	Sinuiju	KP	Asia/Pyongyang	288112
Meguro	Meguro	JP	Asia/Tokyo	288088
Sector 4	Sector 4	RO	Europe/Bucharest	287828
Sumida	Sumida	JP	Asia/Tokyo	287766
Ibaraki	Ibaraki	JP	Asia/Tokyo	287730
Bắc Ninh	Bac Ninh	VN	Asia/Bangkok	287658
Ichalkaranji	Ichalkaranji	IN	Asia/Kolkata	287353
Marienthal	Marienthal	DE	Europe/Berlin	287101
Phú Mỹ	Phu My	VN	Asia/Ho_Chi_Minh	287055
Ceilândia	Ceilandia	BR	America/Sao_Paulo	287023
Katowice	Katowice	PL	Europe/Warsaw	286960
Adapazarı	Adapazari	TR	Europe/Istanbul	286787
Cluj-Napoca	Cluj-Napoca	RO	Europe/Bucharest	286598
Gunpo	Gunpo	KR	Asia/Seoul	286485
Songea	Songea	TZ	Africa/Dar_es_Salaam	286285
Butembo	Butembo	CD	Africa/Lubumbashi	286242
Tacna	Tacna	PE	America/Lima	286240
Tin Shui Wai	Tin Shui Wai	HK	Asia/Hong_Kong	286232
Long Xuyên	Long Xuyen	VN	Asia/Ho_Chi_Minh	286140
Savar	Savar	BD	Asia/Dhaka	286008
Bathinda	Bathinda	IN	Asia/Kolkata	285788
Henderson	Henderson	US	America/Los_Angeles	285667
Jālna	Jalna	IN	Asia/Kolkata	285577
Sekondi	Sekondi	GH	Africa/Accra	285506
Kyengera	Kyengera	UG	Africa/Kampala	285400
Greensboro	Greensboro	US	America/New_York	285342
Haifa	Haifa	IL	Asia/Jerusalem	285316
Århus	Arhus	DK	Europe/Copenhagen	285273
Dengzhou	Dengzhou	CN	Asia/Shanghai	285032
Artux	Artux	CN	Asia/Urumqi	285000
Chuncheon	Chuncheon	KR	Asia/Seoul	284855
Alto Barinas	Alto Barinas	VE	America/Caracas	284289
Mbour	Mbour	SN	Africa/Dakar	284189
Brighton	Brighton	GB	Europe/London	283870
Karlsruhe	Karlsruhe	DE	Europe/Berlin	283799
Port Moresby	Port Moresby	PG	Pacific/Port_Moresby	283733
Minya	Minya	EG	Africa/Cairo	283605
Plano	Plano	US	America/Chicago	283558
Marabá	Maraba	BR	America/Belem	283542
Ichihara	Ichihara	JP	Asia/Tokyo	283531
Qibao	Qibao	CN	Asia/Shanghai	283352
Kirāri Sulemānnagar	Kirari Sulemannagar	IN	Asia/Kolkata	283211
Cainta	Cainta	PH	Asia/Manila	283172
Satna	Satna	IN	Asia/Kolkata	282977
Geelong	Geelong	AU	Australia/Melbourne	282809
Chernihiv	Chernihiv	UA	Europe/Kyiv	282747
Xinyuan	Xinyuan	CN	Asia/Urumqi	282718
Chapecó	Chapeco	BR	America/Sao_Paulo	282648
Ba Vì	Ba Vi	VN	Asia/Bangkok	282600
Valparaíso	Valparaiso	CL	America/Santiago	282448
Ica	Ica	PE	America/Lima	282407
Purnia	Purnia	IN	Asia/Kolkata	282248
Newark	Newark	US	America/New_York	281944
Itagüí	Itaguei	CO	America/Bogota	281853
Nicolás Romero	Nicolas Romero	MX	America/Mexico_City	281799
Gebze	Gebze	TR	Europe/Istanbul	281436
Lichinga	Lichinga	MZ	Africa/Maputo	281341
Narsingdi	Narsingdi	BD	Asia/Dhaka	281080
Zeytinburnu	Zeytinburnu	TR	Europe/Istanbul	280896
Sfax	Sfax	TN	Africa/Tunis	280566
Zumpango	Zumpango	MX	America/Mexico_City	280455
Merkezefendi	Merkezefendi	TR	Europe/Istanbul	280341
Madison	Madison	US	America/Chicago	280305
Bukhara	Bukhara	UZ	Asia/Samarkand	280187
Wollongong	Wollongong	AU	Australia/Sydney	280153
Volta Redonda	Volta Redonda	BR	America/Sao_Paulo	279971
Ostrava	Ostrava	CZ	Europe/Prague	279791
St. Louis	St. Louis	US	America/Chicago	279695
Poltava	Poltava	UA	Europe/Kyiv	279593
Sumaré	Sumare	BR	America/Sao_Paulo	279545
Efon-Alaaye	Efon-Alaaye	NG	Africa/Lagos	279319
Binjai	Binjai	ID	Asia/Jakarta	279302
Pematangsiantar	Pematangsiantar	ID	Asia/Jakarta	279198
Petrozavodsk	Petrozavodsk	RU	Europe/Moscow	279190
Enshi	Enshi	CN	Asia/Shanghai	279185
Taganrog	Taganrog	RU	Europe/Moscow	279056
Santa Teresa del Tuy	Santa Teresa del Tuy	VE	America/Caracas	278890
Quảng Ngãi	Quang Ngai	VN	Asia/Ho_Chi_Minh	278496
Qarshi	Qarshi	UZ	Asia/Samarkand	278300
Tanghe	Tanghe	CN	Asia/Shanghai	278055
Coacalco	Coacalco	MX	America/Mexico_City	277959
Sincelejo	Sincelejo	CO	America/Bogota	277773
Zoucheng	Zoucheng	CN	Asia/Shanghai	277400
Khomeynī Shahr	Khomeyni Shahr	IR	Asia/Tehran	277334
Kostroma	Kostroma	RU	Europe/Moscow	277280
Imphal	Imphal	IN	Asia/Kolkata	277196
Gagnoa	Gagnoa	CI	Africa/Abidjan	277044
Ulu Bedok	Ulu Bedok	SG	Asia/Singapore	276990
Bedok New Town	Bedok New Town	SG	Asia/Singapore	276990
Owo	Owo	NG	Africa/Lagos	276574
Suncheon	Suncheon	KR	Asia/Seoul	276375
Fangchenggang	Fangchenggang	CN	Asia/Shanghai	276315
Komsomolsk-on-Amur	Komsomolsk-on-Amur	RU	Asia/Vladivostok	275908
Abbottabad	Abbottabad	PK	Asia/Karachi	275890
Kaili	Kaili	CN	Asia/Shanghai	275745
Hakodate	Hakodate	JP	Asia/Tokyo	275730
Yamoussoukro	Yamoussoukro	CI	Africa/Abidjan	275686
Bab Ezzouar	Bab Ezzouar	DZ	Africa/Algiers	275630
Strasbourg	Strasbourg	FR	Europe/Paris	274845
Saugor	Saugor	IN	Asia/Kolkata	274556
Neihu	Neihu	TW	Asia/Taipei	274538
Tsu	Tsu	JP	Asia/Tokyo	274537
Xingning	Xingning	CN	Asia/Shanghai	274499
Linxia Chengguanzhen	Linxia Chengguanzhen	CN	Asia/Shanghai	274466
Khmelnytskyi	Khmelnytskyi	UA	Europe/Kyiv	274452
Kushinagar	Kushinagar	IN	Asia/Kolkata	274403
Saddiqabad	Saddiqabad	PK	Asia/Karachi	274210
Loja	Loja	EC	America/Guayaquil	274112
Tai Po	Tai Po	HK	Asia/Hong_Kong	274100
Isfara	Isfara	TJ	Asia/Dushanbe	274000
Luena	Luena	AO	Africa/Luanda	273675
Taboão da Serra	Taboao da Serra	BR	America/Sao_Paulo	273542
Istaravshan	Istaravshan	TJ	Asia/Dushanbe	273500
Turpan	Turpan	CN	Asia/Urumqi	273385
Rourkela	Rourkela	IN	Asia/Kolkata	273317
Yao	Yao	JP	Asia/Tokyo	273213
Banī Suwayf	Bani Suwayf	EG	Africa/Cairo	273151
Imperatriz	Imperatriz	BR	America/Fortaleza	273110
Nagar Naluākot	Nagar Naluakot	BD	Asia/Dhaka	273000
Guantánamo	Guantanamo	CU	America/Havana	272801
Baguio	Baguio	PH	Asia/Manila	272714
Ar Rayyān	Ar Rayyan	QA	Asia/Qatar	272465
Polokwane	Polokwane	ZA	Africa/Johannesburg	272461
Ljubljana	Ljubljana	SI	Europe/Ljubljana	272220
Jalālābād	Jalalabad	AF	Asia/Kabul	271900
Deir ez-Zor	Deir ez-Zor	SY	Asia/Damascus	271800
Gijón	Gijon	ES	Europe/Madrid	271780
Santa Maria	Santa Maria	BR	America/Sao_Paulo	271735
Parnamirim	Parnamirim	BR	America/Fortaleza	271713
Hafar Al-Batin	Hafar Al-Batin	SA	Asia/Riyadh	271642
Kakogawachō-honmachi	Kakogawacho-honmachi	JP	Asia/Tokyo	271634
Sector 5	Sector 5	RO	Europe/Bucharest	271575
Quận Sáu	Quan Sau	VN	Asia/Ho_Chi_Minh	271050
Capao Redondo	Capao Redondo	BR	America/Sao_Paulo	270767
Mỹ Tho	My Tho	VN	Asia/Ho_Chi_Minh	270700
Mito	Mito	JP	Asia/Tokyo	270685
Derby	Derby	GB	Europe/London	270468
Dessie	Dessie	ET	Africa/Addis_Ababa	270400
Hạ Long	Ha Long	VN	Asia/Bangkok	270054
Gelsenkirchen	Gelsenkirchen	DE	Europe/Berlin	270028
Longling County	Longling County	CN	Asia/Shanghai	270000
Cherkasy	Cherkasy	UA	Europe/Kyiv	269836
Malolos	Malolos	PH	Asia/Manila	269809
Southampton	Southampton	GB	Europe/London	269781
Kapar	Kapar	MY	Asia/Kuala_Lumpur	269627
Çorum	Corum	TR	Europe/Istanbul	269595
Ghulja	Ghulja	CN	Asia/Urumqi	269158
Eimsbüttel	Eimsbuettel	DE	Europe/Berlin	269118
Merlo	Merlo	AR	America/Argentina/Buenos_Aires	268961
Yeosu	Yeosu	KR	Asia/Seoul	268823
Durg	Durg	IN	Asia/Kolkata	268806
Fuling	Fuling	CN	Asia/Shanghai	268658
Mokpo	Mokpo	KR	Asia/Seoul	268402
Birgañj	Birganj	NP	Asia/Kathmandu	268273
Yoshkar-Ola	Yoshkar-Ola	RU	Europe/Moscow	268272
Russeifa	Russeifa	JO	Asia/Amman	268237
Banda Aceh	Banda Aceh	ID	Asia/Jakarta	267962
Shibīn al Kawm	Shibin al Kawm	EG	Africa/Cairo	267945
Mirpur Khas	Mirpur Khas	PK	Asia/Karachi	267833
Sengkang New Town	Sengkang New Town	SG	Asia/Singapore	267600
Floridablanca	Floridablanca	CO	America/Bogota	267591
Tokushima	Tokushima	JP	Asia/Tokyo	267345
Sterlitamak	Sterlitamak	RU	Asia/Yekaterinburg	267231
Anantapur	Anantapur	IN	Asia/Kolkata	267161
Gyeongsan-si	Gyeongsan-si	KR	Asia/Seoul	266951
Sohag	Sohag	EG	Africa/Cairo	266944
Nagaoka	Nagaoka	JP	Asia/Tokyo	266936
Sapopemba	Sapopemba	BR	America/Sao_Paulo	266715
Saint-Marc	Saint-Marc	HT	America/Port-au-Prince	266642
Governador Valadares	Governador Valadares	BR	America/Sao_Paulo	266561
Eixample	Eixample	ES	Europe/Madrid	266477
São Carlos	Sao Carlos	BR	America/Sao_Paulo	266427
Bagerhat	Bagerhat	BD	Asia/Dhaka	266388
Az-Zuhūr	Az-Zuhur	EG	Africa/Cairo	266381
Hà Tĩnh	Ha Tinh	VN	Asia/Bangkok	266321
Saskatoon	Saskatoon	CA	America/Regina	266141
Chengzhong	Chengzhong	CN	Asia/Shanghai	265886
Djelfa	Djelfa	DZ	Africa/Algiers	265833
Chula Vista	Chula Vista	US	America/Los_Angeles	265757
Shimonoseki	Shimonoseki	JP	Asia/Tokyo	265684
Toledo	Toledo	US	America/New_York	265638
Kibaha	Kibaha	TZ	Africa/Dar_es_Salaam	265360
Hulan Ergi	Hulan Ergi	CN	Asia/Shanghai	265344
Tampines Estate	Tampines Estate	SG	Asia/Singapore	265340
Bordeaux	Bordeaux	FR	Europe/Paris	265328
Aachen	Aachen	DE	Europe/Berlin	265208
Gent	Gent	BE	Europe/Brussels	265086
Gravataí	Gravatai	BR	America/Sao_Paulo	265074
Mantampay	Mantampay	PH	Asia/Manila	265032
Ratlām	Ratlam	IN	Asia/Kolkata	264914
Nogales	Nogales	MX	America/Hermosillo	264782
El Daein	El Daein	SD	Africa/Khartoum	264734
Donghai	Donghai	CN	Asia/Shanghai	264709
Dezful	Dezful	IR	Asia/Tehran	264709
Gunsan	Gunsan	KR	Asia/Seoul	264656
Mossoró	Mossoro	BR	America/Fortaleza	264577
Macaé	Macae	BR	America/Sao_Paulo	264439
Rānipet	Ranipet	IN	Asia/Kolkata	264330
Brāhmanbāria	Brahmanbaria	BD	Asia/Dhaka	264326
Porto-Novo	Porto-Novo	BJ	Africa/Porto-Novo	264320
Chernivtsi	Chernivtsi	UA	Europe/Kyiv	264298
Jersey City	Jersey City	US	America/New_York	264290
Manta	Manta	EC	America/Guayaquil	264281
Reno	Reno	US	America/Los_Angeles	264165
Bégoua	Begoua	CF	Africa/Bangui	264067
Riobamba	Riobamba	EC	America/Guayaquil	264048
Sivas	Sivas	TR	Europe/Istanbul	264022
Dourados	Dourados	BR	America/Campo_Grande	264017
Rondonópolis	Rondonopolis	BR	America/Cuiaba	263708
Wolverhampton	Wolverhampton	GB	Europe/London	263700
Pasarkemis	Pasarkemis	ID	Asia/Jakarta	263289
Fanling	Fanling	HK	Asia/Hong_Kong	263200
Chiayi City	Chiayi City	TW	Asia/Taipei	263188
Dongtai	Dongtai	CN	Asia/Shanghai	262873
Fuchū	Fuchu	JP	Asia/Tokyo	262790
Jurong Town	Jurong Town	SG	Asia/Singapore	262730
Marāgheh	Maragheh	IR	Asia/Tehran	262604
Marāgheh	Maragheh	IR	Asia/Tehran	262604
Quilmes	Quilmes	AR	America/Argentina/Buenos_Aires	262379
Fukui-shi	Fukui-shi	JP	Asia/Tokyo	262328
Lal Bahadur Nagar	Lal Bahadur Nagar	IN	Asia/Kolkata	261987
Mönchengladbach	Moenchengladbach	DE	Europe/Berlin	261742
Bagong Silang	Bagong Silang	PH	Asia/Manila	261729
Zhytomyr	Zhytomyr	UA	Europe/Kyiv	261624
Karamay	Karamay	CN	Asia/Urumqi	261445
Sacomã	Sacoma	BR	America/Sao_Paulo	261436
Arrah	Arrah	IN	Asia/Kolkata	261430
Tongliao	Tongliao	CN	Asia/Shanghai	261110
Bariadi	Bariadi	TZ	Africa/Dar_es_Salaam	260927
Antsirabe	Antsirabe	MG	Indian/Antananarivo	260907
Chandler	Chandler	US	America/Phoenix	260828
Yei	Yei	SS	Africa/Juba	260720
Chilanzar	Chilanzar	UZ	Asia/Tashkent	260700
Tampere	Tampere	FI	Europe/Helsinki	260646
Mahajanga	Mahajanga	MG	Indian/Antananarivo	260556
Minato City	Minato City	JP	Asia/Tokyo	260486
Fort Wayne	Fort Wayne	US	America/Indiana/Indianapolis	260326
Plymouth	Plymouth	GB	Europe/London	260203
Nianbo	Nianbo	CN	Asia/Shanghai	260184
Baranagar	Baranagar	IN	Asia/Kolkata	260072
Skardu	Skardu	PK	Asia/Karachi	260000
Marawi City	Marawi City	PH	Asia/Manila	259993
Tampines New Town	Tampines New Town	SG	Asia/Singapore	259900
Embu das Artes	Embu das Artes	BR	America/Sao_Paulo	259788
Qo‘qon	Qo'qon	UZ	Asia/Tashkent	259700
Jardim Sao Luis	Jardim Sao Luis	BR	America/Sao_Paulo	259377
Tacloban	Tacloban	PH	Asia/Manila	259353
São José de Ribamar	Sao Jose de Ribamar	BR	America/Fortaleza	259164
Changle	Changle	CN	Asia/Shanghai	259161
Gajuwaka	Gajuwaka	IN	Asia/Kolkata	258944
Jining	Jining	CN	Asia/Shanghai	258757
North Shore	North Shore	NZ	Pacific/Auckland	258697
Rishon LeTsiyyon	Rishon LeTsiyyon	IL	Asia/Jerusalem	258535
Hiratsuka	Hiratsuka	JP	Asia/Tokyo	258422
Stoke-on-Trent	Stoke-on-Trent	GB	Europe/London	258366
Buffalo	Buffalo	US	America/New_York	258071
Verona	Verona	IT	Europe/Rome	258031
Ðà Lạt	Da Lat	VN	Asia/Ho_Chi_Minh	258014
San Salvador de Jujuy	San Salvador de Jujuy	AR	America/Argentina/Jujuy	257970
Durham	Durham	US	America/New_York	257636
Etāwah	Etawah	IN	Asia/Kolkata	257448
Gasteiz / Vitoria	Gasteiz / Vitoria	ES	Europe/Madrid	257407
Rugao	Rugao	CN	Asia/Shanghai	257400
Gómez Palacio	Gomez Palacio	MX	America/Monterrey	257352
St. Petersburg	St. Petersburg	US	America/New_York	257083
L'Hospitalet de Llobregat	L'Hospitalet de Llobregat	ES	Europe/Madrid	257038
Gdynia	Gdynia	PL	Europe/Warsaw	257000
Cilacap	Cilacap	ID	Asia/Jakarta	256996
Irvine	Irvine	US	America/Los_Angeles	256927
Kitchener	Kitchener	CA	America/Toronto	256885
Suicheng	Suicheng	CN	Asia/Shanghai	256665
Nada	Nada	CN	Asia/Shanghai	256652
Latina	Latina	ES	Europe/Madrid	256644
Los Mochis	Los Mochis	MX	America/Mazatlan	256613
Bratsk	Bratsk	RU	Asia/Irkutsk	256600
Pachuca de Soto	Pachuca de Soto	MX	America/Mexico_City	256584
Chingola	Chingola	ZM	Africa/Lusaka	256560
Sumy	Sumy	UA	Europe/Kyiv	256474
Milton Keynes	Milton Keynes	GB	Europe/London	256385
Indaiatuba	Indaiatuba	BR	America/Sao_Paulo	256223
Laredo	Laredo	US	America/Chicago	256153
Juazeiro	Juazeiro	BR	America/Bahia	256122
Vila Flor	Vila Flor	AO	Africa/Luanda	256066
Germiston	Germiston	ZA	Africa/Johannesburg	255863
Ñuñoa	Nunoa	CL	America/Santiago	255823
Parakou	Parakou	BJ	Africa/Porto-Novo	255478
Isiro	Isiro	CD	Africa/Lubumbashi	255409
Sari	Sari	IR	Asia/Tehran	255396
Tarakan	Tarakan	ID	Asia/Makassar	255310
Kenema	Kenema	SL	Africa/Freetown	255110
Oaxaca	Oaxaca	MX	America/Mexico_City	255029
Mossamedes	Mossamedes	AO	Africa/Luanda	255000
Al Madīnah	Al Madinah	IQ	Asia/Baghdad	255000
Hobart	Hobart	AU	Australia/Hobart	254930
Ikot Ekpene	Ikot Ekpene	NG	Africa/Lagos	254806
Yanzhou	Yanzhou	CN	Asia/Shanghai	254788
Woodlands	Woodlands	SG	Asia/Singapore	254440
Hanam	Hanam	KR	Asia/Seoul	254415
Mueang Nonthaburi	Mueang Nonthaburi	TH	Asia/Bangkok	254375
Muridke	Muridke	PK	Asia/Karachi	254291
Saint-Louis	Saint-Louis	SN	Africa/Dakar	254171
Batu Caves	Batu Caves	MY	Asia/Kuala_Lumpur	254083
Novo Hamburgo	Novo Hamburgo	BR	America/Sao_Paulo	253841
Jurong West	Jurong West	SG	Asia/Singapore	253840
Singkawang	Singkawang	ID	Asia/Pontianak	253812
Cox’s Bāzār	Cox's Bazar	BD	Asia/Dhaka	253788
Carabanchel	Carabanchel	ES	Europe/Madrid	253678
Cotia	Cotia	BR	America/Sao_Paulo	253608
Petaẖ Tiqva	Petah Tiqva	IL	Asia/Jerusalem	253529
Marg‘ilon	Marg'ilon	UZ	Asia/Tashkent	253500
Ambarnath	Ambarnath	IN	Asia/Kolkata	253475
Godomè	Godome	BJ	Africa/Porto-Novo	253262
Naihāti	Naihati	IN	Asia/Kolkata	253221
Braşov	Brasov	RO	Europe/Bucharest	253200
Xuân Lộc	Xuan Loc	VN	Asia/Ho_Chi_Minh	253140
Laohekou	Laohekou	CN	Asia/Shanghai	253112
Richards Bay	Richards Bay	ZA	Africa/Johannesburg	252968
Qina	Qina	EG	Africa/Cairo	252883
Bharatpur	Bharatpur	IN	Asia/Kolkata	252838
Vantaa	Vantaa	FI	Europe/Helsinki	252724
Porto	Porto	PT	Europe/Lisbon	252687
Kiel	Kiel	DE	Europe/Berlin	252668
El Fasher	El Fasher	SD	Africa/Khartoum	252609
Thiès Nones	Thies Nones	SN	Africa/Dakar	252320
Suihua	Suihua	CN	Asia/Shanghai	252245
Los Teques	Los Teques	VE	America/Caracas	252242
Santiago del Estero	Santiago del Estero	AR	America/Argentina/Cordoba	252192
Sétif	Setif	DZ	Africa/Algiers	252127
Begusarai	Begusarai	IN	Asia/Kolkata	252008
Borūjerd	Borujerd	IR	Asia/Tehran	251958
Qarchak	Qarchak	IR	Asia/Tehran	251834
Afyonkarahisar	Afyonkarahisar	TR	Europe/Istanbul	251799
İskenderun	Iskenderun	TR	Europe/Istanbul	251682
Santiago de Surco	Santiago de Surco	PE	America/Lima	251648
Maracanaú	Maracanau	BR	America/Fortaleza	251613
Ota	Ota	NG	Africa/Lagos	251546
Thika	Thika	KE	Africa/Nairobi	251407
San Fernando	San Fernando	PH	Asia/Manila	251248
Menongue	Menongue	AO	Africa/Luanda	251178
Ḩayy Khildā	Hayy Khilda	JO	Asia/Amman	251000
Jacareí	Jacarei	BR	America/Sao_Paulo	250952
Jimma	Jimma	ET	Africa/Addis_Ababa	250900
Timişoara	Timisoara	RO	Europe/Bucharest	250849
Santa Clara	Santa Clara	CU	America/Havana	250512
Iwo	Iwo	NG	Africa/Lagos	250443
A Coruña	A Coruna	ES	Europe/Madrid	250438
Libertad	Libertad	PH	Asia/Manila	250353
Altona	Altona	DE	Europe/Berlin	250192
La Paz	La Paz	MX	America/Mazatlan	250141
Kelar	Kelar	IQ	Asia/Baghdad	250000
Colonia del Valle	Colonia del Valle	MX	America/Mexico_City	250000
Niš	Nis	RS	Europe/Belgrade	250000
Singa	Singa	SD	Africa/Khartoum	250000
San Bernardo	San Bernardo	CL	America/Santiago	249858
Sōka	Soka	JP	Asia/Tokyo	249645
Mzuzu	Mzuzu	MW	Africa/Blantyre	249564
Navotas	Navotas	PH	Asia/Manila	249463
Tiruvottiyūr	Tiruvottiyur	IN	Asia/Kolkata	249446
Cidade Ademar	Cidade Ademar	BR	America/Sao_Paulo	249218
Burnaby	Burnaby	CA	America/Vancouver	249125
Lubbock	Lubbock	US	America/Chicago	249042
Thị Trấn Đông Triều	Thi Tran GJong Trieu	VN	Asia/Bangkok	248896
Thuqbah	Thuqbah	SA	Asia/Riyadh	248888
Yamagata	Yamagata	JP	Asia/Tokyo	248772
Tehuacán	Tehuacan	MX	America/Mexico_City	248716
Guarenas	Guarenas	VE	America/Caracas	248588
Montpellier	Montpellier	FR	Europe/Paris	248252
Jimeta	Jimeta	NG	Africa/Lagos	248148
Częstochowa	Czestochowa	PL	Europe/Warsaw	248125
Gāndhīdhām	Gandhidham	IN	Asia/Kolkata	247992
Beibei	Beibei	CN	Asia/Shanghai	247702
Insein	Insein	MM	Asia/Yangon	247675
City of Westminster	City of Westminster	GB	Europe/London	247614
Gilbert	Gilbert	US	America/Phoenix	247542
Chemnitz	Chemnitz	DE	Europe/Berlin	247220
Paraná	Parana	AR	America/Argentina/Cordoba	247139
San Miguel	San Miguel	SV	America/El_Salvador	247126
Shijie	Shijie	CN	Asia/Shanghai	246960
Chitato	Chitato	AO	Africa/Luanda	246880
Orsk	Orsk	RU	Asia/Yekaterinburg	246836
Vanderbijlpark	Vanderbijlpark	ZA	Africa/Johannesburg	246754
Coro	Coro	VE	America/Caracas	246657
Americana	Americana	BR	America/Sao_Paulo	246655
Hami	Hami	CN	Asia/Urumqi	246373
Gaborone	Gaborone	BW	Africa/Gaborone	246325
Al ‘Āshir min Ramaḑān	Al 'Ashir min Ramadan	EG	Africa/Cairo	246148
Mau	Mau	IN	Asia/Kolkata	246050
Puerto Montt	Puerto Montt	CL	America/Santiago	245902
Northampton	Northampton	GB	Europe/London	245899
Juliaca	Juliaca	PE	America/Lima	245675
Fuji	Fuji	JP	Asia/Tokyo	245392
Gyeongju	Gyeongju	KR	Asia/Seoul	245365
Águas Lindas de Goiás	Aguas Lindas de Goias	BR	America/Sao_Paulo	245352
Sinfra	Sinfra	CI	Africa/Abidjan	245226
Syktyvkar	Syktyvkar	RU	Europe/Moscow	245083
Gorgān	Gorgan	IR	Asia/Tehran	244937
Nizhnevartovsk	Nizhnevartovsk	RU	Asia/Yekaterinburg	244937
Shahkot	Shahkot	PK	Asia/Karachi	244868
Groningen	Groningen	NL	Europe/Amsterdam	244807
Biratnagar	Biratnagar	NP	Asia/Kathmandu	244750
Braunschweig	Braunschweig	DE	Europe/Berlin	244715
Valera	Valera	VE	America/Caracas	244708
Sīkar	Sikar	IN	Asia/Kolkata	244497
Bago	Bago	MM	Asia/Yangon	244376
Magdeburg	Magdeburg	DE	Europe/Berlin	244329
Baruta	Baruta	VE	America/Caracas	244216
Puente de Vallecas	Puente de Vallecas	ES	Europe/Madrid	244151
Magé	Mage	BR	America/Sao_Paulo	244142
Trabzon	Trabzon	TR	Europe/Istanbul	244083
Tri-Cities	Tri-Cities	US	America/Los_Angeles	244036
Jessore	Jessore	BD	Asia/Dhaka	243987
Manisa	Manisa	TR	Europe/Istanbul	243971
Arapiraca	Arapiraca	BR	America/Maceio	243906
Rivne	Rivne	UA	Europe/Kyiv	243873
Padangsidempuan	Padangsidempuan	ID	Asia/Jakarta	243843
Probolinggo	Probolinggo	ID	Asia/Jakarta	243746
Sabzevar	Sabzevar	IR	Asia/Tehran	243700
Musaffah	Musaffah	AE	Asia/Dubai	243341
Brasilandia	Brasilandia	BR	America/Sao_Paulo	243273
Sasebo	Sasebo	JP	Asia/Tokyo	243223
Angarsk	Angarsk	RU	Asia/Irkutsk	243158
Mar’ino	Mar'ino	RU	Europe/Moscow	243000
Ramagundam	Ramagundam	IN	Asia/Kolkata	242979
Hāpur	Hapur	IN	Asia/Kolkata	242920
Chigasaki	Chigasaki	JP	Asia/Tokyo	242798
Toli-Toli	Toli-Toli	ID	Asia/Makassar	242783
Chōfu	Chofu	JP	Asia/Tokyo	242614
Huayin	Huayin	CN	Asia/Shanghai	242488
Berbera	Berbera	SO	Africa/Mogadishu	242344
Jiyuan	Jiyuan	CN	Asia/Shanghai	242143
Yamato	Yamato	JP	Asia/Tokyo	242065
Man	Man	CI	Africa/Abidjan	241969
Bahawalnagar	Bahawalnagar	PK	Asia/Karachi	241873
Bahawalnagar	Bahawalnagar	PK	Asia/Karachi	241873
Novorossiysk	Novorossiysk	RU	Europe/Moscow	241856
Tsukuba	Tsukuba	JP	Asia/Tokyo	241656
Arica	Arica	CL	America/Santiago	241653
Peñalolén	Penalolen	CL	America/Santiago	241599
Rio Verde	Rio Verde	BR	America/Sao_Paulo	241494
Hải Dương	Hai Duong	VN	Asia/Bangkok	241373
Winston-Salem	Winston-Salem	US	America/New_York	241218
Farrukhābād	Farrukhabad	IN	Asia/Kolkata	241152
Matsumoto	Matsumoto	JP	Asia/Tokyo	241145
Alappuzha	Alappuzha	IN	Asia/Kolkata	240991
Itapevi	Itapevi	BR	America/Sao_Paulo	240961
Katihar	Katihar	IN	Asia/Kolkata	240838
Buenaventura	Buenaventura	CO	America/Bogota	240387
Ciudad Ojeda	Ciudad Ojeda	VE	America/Caracas	240283
Gucun	Gucun	CN	Asia/Shanghai	240185
Glendale	Glendale	US	America/Phoenix	240126
Navegantes	Navegantes	AO	Africa/Luanda	240075
Bunkyo	Bunkyo	JP	Asia/Tokyo	240069
Itaboraí	Itaborai	BR	America/Sao_Paulo	240040
Klang	Klang	MY	Asia/Kuala_Lumpur	240016
Almendares	Almendares	CU	America/Havana	240000
Golestān	Golestan	IR	Asia/Tehran	240000
Vyhurivshchyna-Troyeshchyna	Vyhurivshchyna-Troyeshchyna	UA	Europe/Kyiv	240000
Khimki	Khimki	RU	Europe/Moscow	239967
Horlivka	Horlivka	UA	Europe/Kyiv	239828
Nacala	Nacala	MZ	Africa/Maputo	239808
Obolon	Obolon	UA	Europe/Kyiv	239500
Xiantao	Xiantao	CN	Asia/Shanghai	239406
Nalchik	Nalchik	RU	Europe/Moscow	239300
Hachinohe	Hachinohe	JP	Asia/Tokyo	239046
Sete Lagoas	Sete Lagoas	BR	America/Sao_Paulo	238909
Osan	Osan	KR	Asia/Seoul	238788
Fuencarral	Fuencarral	ES	Europe/Madrid	238765
Lille	Lille	FR	Europe/Paris	238695
Neyagawa	Neyagawa	JP	Asia/Tokyo	238549
Ormoc	Ormoc	PH	Asia/Manila	238545
Cabo Frio	Cabo Frio	BR	America/Sao_Paulo	238438
Magdalena Contreras	Magdalena Contreras	MX	America/Mexico_City	238431
Nāgarpur	Nagarpur	BD	Asia/Dhaka	238422
Kasulu	Kasulu	TZ	Africa/Dar_es_Salaam	238321
Ngaoundéré	Ngaoundere	CM	Africa/Douala	238196
Ivano-Frankivsk	Ivano-Frankivsk	UA	Europe/Kyiv	238196
Balıkesir	Balikesir	TR	Europe/Istanbul	238151
Temuco	Temuco	CL	America/Santiago	238129
Norfolk	Norfolk	US	America/New_York	238005
Krefeld	Krefeld	DE	Europe/Berlin	237984
Halle (Saale)	Halle (Saale)	DE	Europe/Berlin	237865
Sri Ganganagar	Sri Ganganagar	IN	Asia/Kolkata	237780
Marília	Marilia	BR	America/Sao_Paulo	237627
Amarapura	Amarapura	MM	Asia/Yangon	237618
Kilamba	Kilamba	AO	Africa/Luanda	237528
Āmol	Amol	IR	Asia/Tehran	237528
Freiburg	Freiburg	DE	Europe/Berlin	237460
Athlone	Athlone	ZA	Africa/Johannesburg	237414
Batangas	Batangas	PH	Asia/Manila	237370
Al Jubayl	Al Jubayl	SA	Asia/Riyadh	237274
Tŏkch’ŏn	Tokch'on	KP	Asia/Pyongyang	237133
Oldham	Oldham	GB	Europe/London	237110
Pathein	Pathein	MM	Asia/Yangon	237089
Hialeah	Hialeah	US	America/New_York	237069
Kunri	Kunri	PK	Asia/Karachi	237063
Sylhet	Sylhet	BD	Asia/Dhaka	237000
Paarl	Paarl	ZA	Africa/Johannesburg	236910
Garland	Garland	US	America/Chicago	236897
Podgorica	Podgorica	ME	Europe/Podgorica	236852
Scottsdale	Scottsdale	US	America/Phoenix	236839
Hortolândia	Hortolandia	BR	America/Sao_Paulo	236641
Irving	Irving	US	America/Chicago	236607
Centurion	Centurion	ZA	Africa/Johannesburg	236580
Qingzhou	Qingzhou	CN	Asia/Shanghai	236406
Pākdasht	Pakdasht	IR	Asia/Tehran	236319
Kajang	Kajang	MY	Asia/Kuala_Lumpur	236240
Campo Limpo	Campo Limpo	BR	America/Sao_Paulo	236162
Yuci	Yuci	CN	Asia/Shanghai	235929
Sant Martí	Sant Marti	ES	Europe/Madrid	235719
Eindhoven	Eindhoven	NL	Europe/Amsterdam	235691
Boise	Boise	US	America/Boise	235684
Rewa	Rewa	IN	Asia/Kolkata	235654
Yakutsk	Yakutsk	RU	Asia/Yakutsk	235600
Bole	Bole	CN	Asia/Shanghai	235585
Muzaffargarh	Muzaffargarh	PK	Asia/Karachi	235541
Chesapeake	Chesapeake	US	America/New_York	235429
Uluberiya	Uluberiya	IN	Asia/Kolkata	235345
Ipatinga	Ipatinga	BR	America/Sao_Paulo	235311
Dali	Dali	CN	Asia/Shanghai	235305
Najafābād	Najafabad	IR	Asia/Tehran	235281
Thành Phố Bà Rịa	Thanh Pho Ba Ria	VN	Asia/Ho_Chi_Minh	235192
Georgetown	Georgetown	GY	America/Guyana	235017
Kismayo	Kismayo	SO	Africa/Mogadishu	234852
North Las Vegas	North Las Vegas	US	America/Los_Angeles	234807
Elche	Elche	ES	Europe/Madrid	234765
Presidente Prudente	Presidente Prudente	BR	America/Sao_Paulo	234706
Sivakasi	Sivakasi	IN	Asia/Kolkata	234704
Kindu	Kindu	CD	Africa/Lubumbashi	234651
Digri	Digri	PK	Asia/Karachi	234578
Nizhnekamsk	Nizhnekamsk	RU	Europe/Moscow	234297
Karur	Karur	IN	Asia/Kolkata	234191
Lubuklinggau	Lubuklinggau	ID	Asia/Jakarta	234166
Craiova	Craiova	RO	Europe/Bucharest	234140
Rāichūr	Raichur	IN	Asia/Kolkata	234073
Pallāvaram	Pallavaram	IN	Asia/Kolkata	233984
Danlí	Danli	HN	America/Tegucigalpa	233789
Yongkang	Yongkang	TW	Asia/Taipei	233730
Bo	Bo	SL	Africa/Freetown	233684
Granada	Granada	ES	Europe/Madrid	233532
Ooty	Ooty	IN	Asia/Kolkata	233426
Saga	Saga	JP	Asia/Tokyo	233301
Magugpo Poblacion	Magugpo Poblacion	PH	Asia/Manila	233254
Dzerzhinsk	Dzerzhinsk	RU	Europe/Moscow	233126
Pemba	Pemba	MZ	Africa/Maputo	232932
Geoje	Geoje	KR	Asia/Seoul	232921
Teluk Intan	Teluk Intan	MY	Asia/Kuala_Lumpur	232800
Singida	Singida	TZ	Africa/Dar_es_Salaam	232459
Kigoma	Kigoma	TZ	Africa/Dar_es_Salaam	232388
Colombo	Colombo	BR	America/Sao_Paulo	232212
Fremont	Fremont	US	America/Los_Angeles	232206
Kampong Baharu Cheras Batu Sebelas	Kampong Baharu Cheras Batu Sebelas	MY	Asia/Kuala_Lumpur	232100
Viamão	Viamao	BR	America/Sao_Paulo	231996
Jiayuguan	Jiayuguan	CN	Asia/Shanghai	231853
Abadan	Abadan	IR	Asia/Tehran	231476
Taytay	Taytay	PH	Asia/Manila	231460
Phổ Yên	Pho Yen	VN	Asia/Bangkok	231363
Neuquén	Neuquen	AR	America/Argentina/Salta	231198
Divinópolis	Divinopolis	BR	America/Sao_Paulo	231091
Türkmenabat	Tuerkmenabat	TM	Asia/Ashgabat	230861
Shibuya	Shibuya	JP	Asia/Tokyo	230609
Sơn Tây	Son Tay	VN	Asia/Bangkok	230577
Ninh Hòa	Ninh Hoa	VN	Asia/Ho_Chi_Minh	230566
Pasir Mas	Pasir Mas	MY	Asia/Kuala_Lumpur	230424
Purwokerto	Purwokerto	ID	Asia/Jakarta	230235
José C. Paz	Jose C. Paz	AR	America/Argentina/Buenos_Aires	230208
Marka	Marka	SO	Africa/Mogadishu	230100
Pāli	Pali	IN	Asia/Kolkata	230075
Ḩalwān	Halwan	EG	Africa/Cairo	230000
Atani	Atani	NG	Africa/Lagos	230000
Mariupol	Mariupol	UA	Europe/Kyiv	230000
Changzheng	Changzheng	CN	Asia/Shanghai	229925
Kasukabe	Kasukabe	JP	Asia/Tokyo	229792
Paris 15 Vaugirard	Paris 15 Vaugirard	FR	Europe/Paris	229713
Windsor	Windsor	CA	America/Toronto	229660
Hosūr	Hosur	IN	Asia/Kolkata	229528
Spokane	Spokane	US	America/Los_Angeles	229447
Tripoli	Tripoli	LB	Asia/Beirut	229398
Longueuil	Longueuil	CA	America/Toronto	229330
Ordu	Ordu	TR	Europe/Istanbul	229214
San Fernando de Apure	San Fernando de Apure	VE	America/Caracas	229197
Croix-des-Bouquets	Croix-des-Bouquets	HT	America/Port-au-Prince	229127
Lucena	Lucena	PH	Asia/Manila	228758
Yishun New Town	Yishun New Town	SG	Asia/Singapore	228730
Vizianagaram	Vizianagaram	IN	Asia/Kolkata	228720
Jinchang	Jinchang	CN	Asia/Shanghai	228561
Phan Thiết	Phan Thiet	VN	Asia/Ho_Chi_Minh	228536
Şabyā	Sabya	SA	Asia/Riyadh	228375
Netanya	Netanya	IL	Asia/Jerusalem	228204
Ciudad Lineal	Ciudad Lineal	ES	Europe/Madrid	228171
Meycauayan	Meycauayan	PH	Asia/Manila	228023
Bexley	Bexley	GB	Europe/London	228000
Aliayabiagba	Aliayabiagba	NG	Africa/Lagos	228000
Nassau	Nassau	BS	America/Nassau	227940
San Lorenzo	San Lorenzo	PY	America/Asuncion	227876
Rennes	Rennes	FR	Europe/Paris	227830
Mohammedia	Mohammedia	MA	Africa/Casablanca	227799
Guatire	Guatire	VE	America/Caracas	227666
Tanjung Pinang	Tanjung Pinang	ID	Asia/Jakarta	227663
Hougang New Town	Hougang New Town	SG	Asia/Singapore	227560
Baton Rouge	Baton Rouge	US	America/Chicago	227470
Criciúma	Criciuma	BR	America/Sao_Paulo	227438
Sosnowiec	Sosnowiec	PL	Europe/Warsaw	227295
Diez de Octubre	Diez de Octubre	CU	America/Havana	227293
Turkistan	Turkistan	KZ	Asia/Almaty	227098
Klerksdorp	Klerksdorp	ZA	Africa/Johannesburg	227039
Upper West Side	Upper West Side	US	America/New_York	226989
Staryy Oskol	Staryy Oskol	RU	Europe/Moscow	226977
Ageo	Ageo	JP	Asia/Tokyo	226940
Gusau	Gusau	NG	Africa/Lagos	226857
Neue Neustadt	Neue Neustadt	DE	Europe/Berlin	226851
Kamyanske	Kamyanske	UA	Europe/Kyiv	226845
Ashdod	Ashdod	IL	Asia/Jerusalem	226838
Radom	Radom	PL	Europe/Warsaw	226794
Paya Terubong	Paya Terubong	MY	Asia/Kuala_Lumpur	226712
Richmond	Richmond	US	America/New_York	226610
Chang-hua	Chang-hua	TW	Asia/Taipei	226564
Changhua	Changhua	TW	Asia/Taipei	226564
Điện Bàn	GJien Ban	VN	Asia/Ho_Chi_Minh	226564
Takarazuka	Takarazuka	JP	Asia/Tokyo	226432
Nzérékoré	Nzerekore	GN	Africa/Conakry	226426
Regina	Regina	CA	America/Regina	226404
Cà Mau	Ca Mau	VN	Asia/Ho_Chi_Minh	226372
Shrīrāmpur	Shrirampur	IN	Asia/Kolkata	226317
Fendou	Fendou	CN	Asia/Shanghai	226298
Pangkalpinang	Pangkalpinang	ID	Asia/Jakarta	226297
Huanggang	Huanggang	CN	Asia/Shanghai	225956
Quthbullapur	Quthbullapur	IN	Asia/Kolkata	225816
Mubi	Mubi	NG	Africa/Lagos	225705
Varāmīn	Varamin	IR	Asia/Tehran	225628
Sector 1	Sector 1	RO	Europe/Bucharest	225453
Batu	Batu	ID	Asia/Jakarta	225408
Somerset West	Somerset West	ZA	Africa/Johannesburg	225289
Luton	Luton	GB	Europe/London	225262
Ternopil	Ternopil	UA	Europe/Kyiv	225238
Bitung	Bitung	ID	Asia/Makassar	225134
Mymensingh	Mymensingh	BD	Asia/Dhaka	225126
Blagoveshchensk	Blagoveshchensk	RU	Asia/Yakutsk	225091
Nadiād	Nadiad	IN	Asia/Kolkata	225071
Kumba	Kumba	CM	Africa/Douala	225046
Košice	Kosice	SK	Europe/Bratislava	225044
Kremenchuk	Kremenchuk	UA	Europe/Kyiv	224997
Jingling	Jingling	CN	Asia/Shanghai	224871
Nāgercoil	Nagercoil	IN	Asia/Kolkata	224849
Sucre	Sucre	BO	America/La_Paz	224838
Mutare	Mutare	ZW	Africa/Harare	224802
Ōta	Ota	JP	Asia/Tokyo	224358
Karāwalnagar	Karawalnagar	IN	Asia/Kolkata	224281
Puerto Vallarta	Puerto Vallarta	MX	America/Mexico_City	224166
Minamirinkan	Minamirinkan	JP	Asia/Tokyo	224015
Cork	Cork	IE	Europe/Dublin	224004
Atsugi	Atsugi	JP	Asia/Tokyo	223960
Heihe	Heihe	CN	Asia/Shanghai	223832
Mango	Mango	IN	Asia/Kolkata	223805
Sinop	Sinop	BR	America/Cuiaba	223780
Paramaribo	Paramaribo	SR	America/Paramaribo	223757
Klungkung	Klungkung	ID	Asia/Makassar	223720
Narayanganj	Narayanganj	BD	Asia/Dhaka	223622
NIA Valencia	NIA Valencia	PH	Asia/Manila	223620
Tongchuanshi	Tongchuanshi	CN	Asia/Shanghai	223603
Concepción	Concepcion	CL	America/Santiago	223574
Ramadi	Ramadi	IQ	Asia/Baghdad	223500
Paradise	Paradise	US	America/Los_Angeles	223167
Tacoma	Tacoma	US	America/Los_Angeles	222906
Mainz	Mainz	DE	Europe/Berlin	222889
Velikiy Novgorod	Velikiy Novgorod	RU	Europe/Moscow	222868
Sungai Buloh	Sungai Buloh	MY	Asia/Kuala_Lumpur	222858
Puerto Princesa	Puerto Princesa	PH	Asia/Manila	222673
Palhoça	Palhoca	BR	America/Sao_Paulo	222598
Xintai	Xintai	CN	Asia/Shanghai	222459
El Tigre	El Tigre	VE	America/Caracas	222450
Haeju	Haeju	KP	Asia/Pyongyang	222396
Formosa	Formosa	AR	America/Argentina/Cordoba	222226
Ikire	Ikire	NG	Africa/Lagos	222160
La Ceiba	La Ceiba	HN	America/Tegucigalpa	222055
Tilburg	Tilburg	NL	Europe/Amsterdam	221947
Ba Dinh	Ba Dinh	VN	Asia/Bangkok	221893
Murwāra	Murwara	IN	Asia/Kolkata	221883
Moshi	Moshi	TZ	Africa/Dar_es_Salaam	221733
Kanchipuram	Kanchipuram	IN	Asia/Kolkata	221715
Sousse	Sousse	TN	Africa/Tunis	221715
Tuluá	Tulua	CO	America/Bogota	221684
Soyo	Soyo	AO	Africa/Luanda	221555
Sóc Trăng	Soc Trang	VN	Asia/Ho_Chi_Minh	221430
Kankan	Kankan	GN	Africa/Conakry	221428
Shakhty	Shakhty	RU	Europe/Moscow	221312
Mbarara	Mbarara	UG	Africa/Kampala	221300
Luziânia	Luziania	BR	America/Sao_Paulo	221262
Olongapo	Olongapo	PH	Asia/Manila	221178
Ibarra	Ibarra	EC	America/Guayaquil	221149
Banja Luka	Banja Luka	BA	Europe/Sarajevo	221106
Rufisque est	Rufisque est	SN	Africa/Dakar	221066
Neyshābūr	Neyshabur	IR	Asia/Tehran	220929
Sāveh	Saveh	IR	Asia/Tehran	220762
Wuxue	Wuxue	CN	Asia/Shanghai	220661
Chí Linh	Chi Linh	VN	Asia/Ho_Chi_Minh	220421
Campeche	Campeche	MX	America/Merida	220389
Quận Ba	Quan Ba	VN	Asia/Ho_Chi_Minh	220375
Singrauli	Singrauli	IN	Asia/Kolkata	220257
Fuencarral-El Pardo	Fuencarral-El Pardo	ES	Europe/Madrid	220085
Shevchenkivskyi	Shevchenkivskyi	UA	Europe/Kyiv	220077
Mirzāpur	Mirzapur	IN	Asia/Kolkata	220029
Oviedo	Oviedo	ES	Europe/Madrid	220027
Bandar Seri Alam	Bandar Seri Alam	MY	Asia/Kuala_Lumpur	220000
Sorong	Sorong	ID	Asia/Jayapura	219958
Messina	Messina	IT	Europe/Rome	219948
Dehiwala-Mount Lavinia	Dehiwala-Mount Lavinia	LK	Asia/Colombo	219827
Kropyvnytskyi	Kropyvnytskyi	UA	Europe/Kyiv	219676
Kharagpur	Kharagpur	IN	Asia/Kolkata	219665
Kabinda	Kabinda	CD	Africa/Lubumbashi	219396
Jacobabad	Jacobabad	PK	Asia/Karachi	219315
Tunduma	Tunduma	TZ	Africa/Dar_es_Salaam	219309
Binangonan	Binangonan	PH	Asia/Manila	219204
Oberhausen	Oberhausen	DE	Europe/Berlin	219176
Chon Buri	Chon Buri	TH	Asia/Bangkok	219164
Santa Luzia	Santa Luzia	BR	America/Sao_Paulo	219132
Prokop’yevsk	Prokop'yevsk	RU	Asia/Novokuznetsk	219000
Samambaia	Samambaia	BR	America/Sao_Paulo	218840
Erfurt	Erfurt	DE	Europe/Berlin	218793
Esmeraldas	Esmeraldas	EC	America/Guayaquil	218727
Terrassa	Terrassa	ES	Europe/Madrid	218535
Barking	Barking	GB	Europe/London	218534
Wuhai	Wuhai	CN	Asia/Shanghai	218427
Valparaíso de Goiás	Valparaiso de Goias	BR	America/Sao_Paulo	218416
Khuzdar	Khuzdar	PK	Asia/Karachi	218112
Koutiala	Koutiala	ML	Africa/Bamako	218031
Eluru	Eluru	IN	Asia/Kolkata	218020
Rāniganj	Raniganj	IN	Asia/Kolkata	217910
San Pedro de Macorís	San Pedro de Macoris	DO	America/Santo_Domingo	217899
Galaţi	Galati	RO	Europe/Bucharest	217851
Badalona	Badalona	ES	Europe/Madrid	217741
Mokotów	Mokotow	PL	Europe/Warsaw	217683
Taiping	Taiping	MY	Asia/Kuala_Lumpur	217647
Yintai	Yintai	CN	Asia/Shanghai	217509
Yamuna Nagar	Yamuna Nagar	IN	Asia/Kolkata	217071
Cabo de Santo Agostinho	Cabo de Santo Agostinho	BR	America/Recife	216969
Arakawa	Arakawa	JP	Asia/Tokyo	216900
Jamaica	Jamaica	US	America/New_York	216866
Buenavista	Buenavista	MX	America/Mexico_City	216776
Gilgit	Gilgit	PK	Asia/Karachi	216760
Rybinsk	Rybinsk	RU	Europe/Moscow	216724
Santa Rosa	Santa Rosa	PH	Asia/Manila	216650
Sobral	Sobral	BR	America/Fortaleza	216519
Trondheim	Trondheim	NO	Europe/Oslo	216518
Raurkela Industrial Township	Raurkela Industrial Township	IN	Asia/Kolkata	216410
Porlamar	Porlamar	VE	America/Caracas	216234
San Bernardino	San Bernardino	US	America/Los_Angeles	216108
Ciudad Acuña	Ciudad Acuna	MX	America/Matamoros	216099
Oulu	Oulu	FI	Europe/Helsinki	216066
Bidar	Bidar	IN	Asia/Kolkata	216020
Vykhino-Zhulebino	Vykhino-Zhulebino	RU	Europe/Moscow	216000
Lutsk	Lutsk	UA	Europe/Kyiv	215986
La Ceiba	La Ceiba	HN	America/Tegucigalpa	215973
San Cristóbal de las Casas	San Cristobal de las Casas	MX	America/Merida	215874
Zelenograd	Zelenograd	RU	Europe/Moscow	215727
Archway	Archway	GB	Europe/London	215667
Wangsa Maju	Wangsa Maju	MY	Asia/Kuala_Lumpur	215600
Salt Lake City	Salt Lake City	US	America/Denver	215548
Biysk	Biysk	RU	Asia/Barnaul	215430
Novi Sad	Novi Sad	RS	Europe/Belgrade	215400
Jinzhou	Jinzhou	CN	Asia/Shanghai	215386
Jiutepec	Jiutepec	MX	America/Mexico_City	215357
Longgang	Longgang	CN	Asia/Shanghai	215273
Monclova	Monclova	MX	America/Monterrey	215271
Tân An	Tan An	VN	Asia/Ho_Chi_Minh	215250
Ma On Shan	Ma On Shan	HK	Asia/Hong_Kong	215200
Commonwealth	Commonwealth	PH	Asia/Manila	215034
Huntsville	Huntsville	US	America/Chicago	215006
Jabaquara	Jabaquara	BR	America/Sao_Paulo	214958
Ziguinchor	Ziguinchor	SN	Africa/Dakar	214874
Passo Fundo	Passo Fundo	BR	America/Sao_Paulo	214811
Kŭlob	Kulob	TJ	Asia/Dushanbe	214700
Citeureup	Citeureup	ID	Asia/Jakarta	214668
Centralniy	Centralniy	RU	Europe/Moscow	214625
Sa Dec	Sa Dec	VN	Asia/Ho_Chi_Minh	214610
Kure	Kure	JP	Asia/Tokyo	214592
Shagamu	Shagamu	NG	Africa/Lagos	214558
Bnei Brak	Bnei Brak	IL	Asia/Jerusalem	214444
Khouribga	Khouribga	MA	Africa/Casablanca	214241
Yingtan	Yingtan	CN	Asia/Shanghai	214229
Des Moines	Des Moines	US	America/Chicago	214133
Çiğli	Cigli	TR	Europe/Istanbul	214065
Marcory	Marcory	CI	Africa/Abidjan	214061
Gojra	Gojra	PK	Asia/Karachi	214000
Cartagena	Cartagena	ES	Europe/Madrid	213943
Quevedo	Quevedo	EC	America/Guayaquil	213842
Oakville	Oakville	CA	America/Toronto	213759
Pasuruan	Pasuruan	ID	Asia/Jakarta	213469
Naz̧arābād	Nazarabad	IR	Asia/Tehran	213388
Munger	Munger	IN	Asia/Kolkata	213303
Jerez de la Frontera	Jerez de la Frontera	ES	Europe/Madrid	212879
El Jadida	El Jadida	MA	Africa/Casablanca	212863
Zitong	Zitong	CN	Asia/Shanghai	212819
Loa Janan	Loa Janan	ID	Asia/Makassar	212816
Târgu Mureş	Targu Mures	RO	Europe/Bucharest	212752
Fontana	Fontana	US	America/Los_Angeles	212704
Rancagua	Rancagua	CL	America/Santiago	212695
Zhubei	Zhubei	TW	Asia/Taipei	212695
Mallawī	Mallawi	EG	Africa/Cairo	212628
Cape Coast	Cape Coast	GH	Africa/Accra	212426
Bukit Mertajam	Bukit Mertajam	MY	Asia/Kuala_Lumpur	212329
Lipa City	Lipa City	PH	Asia/Manila	212287
Lanús	Lanus	AR	America/Argentina/Buenos_Aires	212252
Lübeck	Luebeck	DE	Europe/Berlin	212207
Luojiang	Luojiang	CN	Asia/Shanghai	212186
Sepang	Sepang	MY	Asia/Kuala_Lumpur	212050
Cobán	Coban	GT	America/Guatemala	212047
Maricá	Marica	BR	America/Sao_Paulo	211986
Cao Lãnh	Cao Lanh	VN	Asia/Ho_Chi_Minh	211912
Isesaki	Isesaki	JP	Asia/Tokyo	211850
Sabadell	Sabadell	ES	Europe/Madrid	211734
Jaraguá	Jaragua	BR	America/Sao_Paulo	211610
Taito	Taito	JP	Asia/Tokyo	211444
Nandyāl	Nandyal	IN	Asia/Kolkata	211424
Santa Cruz de Tenerife	Santa Cruz de Tenerife	ES	Atlantic/Canary	211359
Panchkula	Panchkula	IN	Asia/Kolkata	211355
Modesto	Modesto	US	America/Los_Angeles	211266
Panabo	Panabo	PH	Asia/Manila	211242
Lijiang	Lijiang	CN	Asia/Shanghai	211151
Konibodom	Konibodom	TJ	Asia/Dushanbe	211100
Hailar	Hailar	CN	Asia/Shanghai	211066
Itaquera	Itaquera	BR	America/Sao_Paulo	210960
Kabankalan	Kabankalan	PH	Asia/Manila	210893
Burhānpur	Burhanpur	IN	Asia/Kolkata	210886
Abha	Abha	SA	Asia/Riyadh	210886
Ternate	Ternate	ID	Asia/Jayapura	210836
Burgas	Burgas	BG	Europe/Sofia	210646
Pskov	Pskov	RU	Europe/Moscow	210501
Morvi	Morvi	IN	Asia/Kolkata	210451
Daliang	Daliang	CN	Asia/Shanghai	210411
Quilicura	Quilicura	CL	America/Santiago	210410
Beni Mellal	Beni Mellal	MA	Africa/Casablanca	210397
Ashuganj City	Ashuganj City	BD	Asia/Dhaka	210356
Sidi Bel Abbes	Sidi Bel Abbes	DZ	Africa/Algiers	210146
Arroyo Naranjo	Arroyo Naranjo	CU	America/Havana	210053
Jebel Ali	Jebel Ali	AE	Asia/Dubai	210000
Bogra	Bogra	BD	Asia/Dhaka	210000
Kostanay	Kostanay	KZ	Asia/Qostanay	210000
Richmond	Richmond	CA	America/Vancouver	209937
Rochester	Rochester	US	America/New_York	209802
Banjar	Banjar	ID	Asia/Jakarta	209791
Kanggye	Kanggye	KP	Asia/Pyongyang	209530
Chungju	Chungju	KR	Asia/Seoul	209483
Anand	Anand	IN	Asia/Kolkata	209410
São Leopoldo	Sao Leopoldo	BR	America/Sao_Paulo	209229
Bade	Bade	TW	Asia/Taipei	209148
Oruro	Oruro	BO	America/La_Paz	208684
Bachuan	Bachuan	CN	Asia/Shanghai	208520
La Romana	La Romana	DO	America/Santo_Domingo	208437
Araçatuba	Aracatuba	BR	America/Sao_Paulo	208415
Shashamane	Shashamane	ET	Africa/Addis_Ababa	208400
Hangu	Hangu	CN	Asia/Shanghai	208369
Ongole	Ongole	IN	Asia/Kolkata	208344
Pamplona	Pamplona	ES	Europe/Madrid	208243
Maryvale	Maryvale	US	America/Phoenix	208189
Gangneung	Gangneung	KR	Asia/Seoul	208161
Portsmouth	Portsmouth	GB	Europe/London	208100
Gandajika	Gandajika	CD	Africa/Lubumbashi	208051
Gunan	Gunan	CN	Asia/Shanghai	208010
Phan Rang-Tháp Chàm	Phan Rang-Thap Cham	VN	Asia/Ho_Chi_Minh	207998
Ciputat	Ciputat	ID	Asia/Jakarta	207858
Kasangati	Kasangati	UG	Africa/Kampala	207800
Arlington	Arlington	US	America/New_York	207627
Bishoftu	Bishoftu	ET	Africa/Addis_Ababa	207400
Nishi-Tokyo-shi	Nishi-Tokyo-shi	JP	Asia/Tokyo	207388
Changam-ch’on	Changam-ch'on	KP	Asia/Pyongyang	207299
Bila Tserkva	Bila Tserkva	UA	Europe/Kyiv	207273
Oxnard	Oxnard	US	America/Los_Angeles	207254
Ciampea	Ciampea	ID	Asia/Jakarta	207212
Hurghada	Hurghada	EG	Africa/Cairo	207132
Móstoles	Mostoles	ES	Europe/Madrid	207095
Columbus	Columbus	US	America/New_York	206922
Mantilla	Mantilla	CU	America/Havana	206918
Dosquebradas	Dosquebradas	CO	America/Bogota	206693
Toledo	Toledo	PH	Asia/Manila	206692
Turku	Turku	FI	Europe/Helsinki	206655
Worcester	Worcester	US	America/New_York	206518
Pagadian	Pagadian	PH	Asia/Manila	206483
Epworth	Epworth	ZW	Africa/Harare	206365
San Felipe	San Felipe	VE	America/Caracas	206270
Dinajpur	Dinajpur	BD	Asia/Dhaka	206234
Hosapete	Hosapete	IN	Asia/Kolkata	206167
Việt Yên	Viet Yen	VN	Asia/Ho_Chi_Minh	205900
Ifakara	Ifakara	TZ	Africa/Dar_es_Salaam	205843
Sumbe	Sumbe	AO	Africa/Luanda	205832
Ségou	Segou	ML	Africa/Bamako	205787
Kon Tum	Kon Tum	VN	Asia/Ho_Chi_Minh	205762
Latacunga	Latacunga	EC	America/Guayaquil	205624
Nāngloi Jāt	Nangloi Jat	IN	Asia/Kolkata	205596
Kishiwada	Kishiwada	JP	Asia/Tokyo	205561
Jinghong	Jinghong	CN	Asia/Shanghai	205523
Mdantsane	Mdantsane	ZA	Africa/Johannesburg	205504
Bobruysk	Bobruysk	BY	Europe/Minsk	205502
Gorontalo	Gorontalo	ID	Asia/Makassar	205390
Itaim Paulista	Itaim Paulista	BR	America/Sao_Paulo	205295
Qā’em Shahr	Qa'em Shahr	IR	Asia/Tehran	204953
Shikarpur	Shikarpur	PK	Asia/Karachi	204938
Gongheyong	Gongheyong	CN	Asia/Shanghai	204881
Linz	Linz	AT	Europe/Vienna	204846
Dhangaḍhi̇̄	Dhangadhi	NP	Asia/Kathmandu	204788
Nanchuan	Nanchuan	CN	Asia/Shanghai	204775
Córdoba	Cordoba	MX	America/Mexico_City	204721
Bishan	Bishan	CN	Asia/Shanghai	204702
Biskra	Biskra	DZ	Africa/Algiers	204661
Xizhi	Xizhi	TW	Asia/Taipei	204619
Yanghang	Yanghang	CN	Asia/Shanghai	204564
Gaoping	Gaoping	CN	Asia/Shanghai	204368
Trieste	Trieste	IT	Europe/Rome	204338
Mpanda	Mpanda	TZ	Africa/Dar_es_Salaam	204338
Moreno Valley	Moreno Valley	US	America/Los_Angeles	204198
Secunderabad	Secunderabad	IN	Asia/Kolkata	204182
Punggol	Punggol	SG	Asia/Singapore	204150
Sodo	Sodo	ET	Africa/Addis_Ababa	204100
Nossa Senhora do Socorro	Nossa Senhora do Socorro	BR	America/Maceio	204081
Zliten	Zliten	LY	Africa/Tripoli	203790
Padua	Padua	IT	Europe/Rome	203725
Karnaphuli	Karnaphuli	BD	Asia/Dhaka	203697
Las Tunas	Las Tunas	CU	America/Havana	203684
Matsue	Matsue	JP	Asia/Tokyo	203616
Bayamón	Bayamon	PR	America/Puerto_Rico	203499
Gimpo-si	Gimpo-si	KR	Asia/Seoul	203391
Lauro de Freitas	Lauro de Freitas	BR	America/Bahia	203331
Deoghar	Deoghar	IN	Asia/Kolkata	203123
Fianarantsoa	Fianarantsoa	MG	Indian/Antananarivo	203105
Vasyl'evsky Ostrov	Vasyl'evsky Ostrov	RU	Europe/Moscow	203058
Chāndpur	Chandpur	BD	Asia/Dhaka	203000
Atsiaman	Atsiaman	GH	Africa/Accra	202932
Bandundu Province	Bandundu Province	CD	Africa/Kinshasa	202904
Osmaniye	Osmaniye	TR	Europe/Istanbul	202837
Bābol	Babol	IR	Asia/Tehran	202796
Cabo San Lucas	Cabo San Lucas	MX	America/Mazatlan	202694
Little Rock	Little Rock	US	America/Chicago	202591
Çorlu	Corlu	TR	Europe/Istanbul	202578
Madiun	Madiun	ID	Asia/Jakarta	202544
Iringa	Iringa	TZ	Africa/Dar_es_Salaam	202490
Debrecen	Debrecen	HU	Europe/Budapest	202402
Chāpra	Chapra	IN	Asia/Kolkata	202352
Motijheel	Motijheel	BD	Asia/Dhaka	202308
Barishal	Barishal	BD	Asia/Dhaka	202242
Richmond Hill	Richmond Hill	CA	America/Toronto	202022
Fayetteville	Fayetteville	US	America/New_York	201963
Al Khums	Al Khums	LY	Africa/Tripoli	201943
Huntington Beach	Huntington Beach	US	America/Los_Angeles	201899
Favoriten	Favoriten	AT	Europe/Vienna	201882
Koronadal	Koronadal	PH	Asia/Manila	201844
Geneva	Geneva	CH	Europe/Zurich	201741
Tallahassee	Tallahassee	US	America/New_York	201731
Swindon	Swindon	GB	Europe/London	201669
Rengasdengklok	Rengasdengklok	ID	Asia/Jakarta	201463
Rio Claro	Rio Claro	BR	America/Sao_Paulo	201418
Cajamarca	Cajamarca	PE	America/Lima	201329
Townsville	Townsville	AU	Australia/Brisbane	201313
Thanh Khê	Thanh Khe	VN	Asia/Ho_Chi_Minh	201240
La Pintana	La Pintana	CL	America/Santiago	201178
Daşoguz	Dasoguz	TM	Asia/Ashgabat	201142
Yonkers	Yonkers	US	America/New_York	201116
Glendale	Glendale	US	America/Los_Angeles	201020
Dadu	Dadu	PK	Asia/Karachi	201017
Arba Minch	Arba Minch	ET	Africa/Addis_Ababa	201000
Petropavl	Petropavl	KZ	Asia/Almaty	200920
Lhokseumawe	Lhokseumawe	ID	Asia/Jakarta	200876
Cypress	Cypress	US	America/Chicago	200839
Khandwa	Khandwa	IN	Asia/Kolkata	200738
Aurora	Aurora	US	America/Chicago	200661
Puri	Puri	IN	Asia/Kolkata	200564
Morena	Morena	IN	Asia/Kolkata	200482
Nicosia	Nicosia	CY	Asia/Nicosia	200452
Brescia	Brescia	IT	Europe/Rome	200423
Nasīm Shahr	Nasim Shahr	IR	Asia/Tehran	200393
Nasimshahr	Nasimshahr	IR	Asia/Tehran	200393
Ugep	Ugep	NG	Africa/Lagos	200276
Kamina	Kamina	CD	Africa/Lubumbashi	200184
Yanbu	Yanbu	SA	Asia/Riyadh	200161
Nagareyama	Nagareyama	JP	Asia/Tokyo	200136
Charleroi	Charleroi	BE	Europe/Brussels	200132
Lạng Sơn	Lang Son	VN	Asia/Bangkok	200108
Talhar	Talhar	PK	Asia/Karachi	200014
São José	Sao Jose	BR	America/Sao_Paulo	200000
Nyingchi	Nyingchi	CN	Asia/Shanghai	200000
Yuen Long San Hui	Yuen Long San Hui	HK	Asia/Hong_Kong	200000
Yuen Long	Yuen Long	HK	Asia/Hong_Kong	200000
Sumedang	Sumedang	ID	Asia/Jakarta	200000
Gyānpur	Gyanpur	IN	Asia/Kolkata	200000
Az Zāwīyah	Az Zawiyah	LY	Africa/Tripoli	200000
Salé Al Jadida	Sale Al Jadida	MA	Africa/Casablanca	200000
Bandar Sunway	Bandar Sunway	MY	Asia/Kuala_Lumpur	200000
Bandar Utama	Bandar Utama	MY	Asia/Kuala_Lumpur	200000
Bukit Jalil	Bukit Jalil	MY	Asia/Kuala_Lumpur	200000
Chakwama	Chakwama	NG	Africa/Lagos	200000
Qadirpur Ran	Qadirpur Ran	PK	Asia/Karachi	200000
Dajal	Dajal	PK	Asia/Karachi	200000
Severnyy	Severnyy	RU	Europe/Moscow	200000
El Dibir	El Dibir	SO	Africa/Mogadishu	200000
Rayon KTZ	Rayon KTZ	UA	Europe/Kyiv	200000
Beiliu	Beiliu	CN	Asia/Shanghai	199769
Sirjan	Sirjan	IR	Asia/Tehran	199704
Iquique	Iquique	CL	America/Santiago	199587
Thuận Thanh	Thuan Thanh	VN	Asia/Bangkok	199577
Balakovo	Balakovo	RU	Europe/Saratov	199572
Armavir	Armavir	RU	Europe/Moscow	199548
Jaraguá do Sul	Jaragua do Sul	BR	America/Sao_Paulo	199519
Yachiyo	Yachiyo	JP	Asia/Tokyo	199498
Saidpur	Saidpur	BD	Asia/Dhaka	199422
Quận Bốn	Quan Bon	VN	Asia/Ho_Chi_Minh	199329
Arīsh	Arish	EG	Africa/Cairo	199243
Rawang	Rawang	MY	Asia/Kuala_Lumpur	199095
Dudley	Dudley	GB	Europe/London	199059
Mushin	Mushin	NG	Africa/Lagos	199000
Yuzhno-Sakhalinsk	Yuzhno-Sakhalinsk	RU	Asia/Sakhalin	198973
Hagen	Hagen	DE	Europe/Berlin	198972
Salatiga	Salatiga	ID	Asia/Jakarta	198971
Rio Grande	Rio Grande	BR	America/Sao_Paulo	198935
Guacara	Guacara	VE	America/Caracas	198883
Khūy	Khuy	IR	Asia/Tehran	198845
Gliwice	Gliwice	PL	Europe/Warsaw	198835
Changji	Changji	CN	Asia/Urumqi	198776
Kodaira	Kodaira	JP	Asia/Tokyo	198739
Plano Piloto	Plano Piloto	BR	America/Sao_Paulo	198697
Amarillo	Amarillo	US	America/Chicago	198645
Bulandshahr	Bulandshahr	IN	Asia/Kolkata	198612
Lusail	Lusail	QA	Asia/Qatar	198600
Aberdeen	Aberdeen	GB	Europe/London	198590
Taranto	Taranto	IT	Europe/Rome	198585
Capiatá	Capiata	PY	America/Asuncion	198553
Zango	Zango	AO	Africa/Luanda	198538
Duyun	Duyun	CN	Asia/Shanghai	198516
Naivasha	Naivasha	KE	Africa/Nairobi	198444
Kaiyuan	Kaiyuan	CN	Asia/Shanghai	198423
Cachoeiro de Itapemirim	Cachoeiro de Itapemirim	BR	America/Sao_Paulo	198342
Rzeszów	Rzeszow	PL	Europe/Warsaw	198317
Rostock	Rostock	DE	Europe/Berlin	198293
Parma	Parma	IT	Europe/Rome	198292
Sibu	Sibu	MY	Asia/Kuching	198239
Arnavutköy	Arnavutkoey	TR	Europe/Istanbul	198165
Itami	Itami	JP	Asia/Tokyo	198138
Mentougou	Mentougou	CN	Asia/Shanghai	197772
Bhind	Bhind	IN	Asia/Kolkata	197585
Akron	Akron	US	America/New_York	197542
Talca	Talca	CL	America/Santiago	197479
Kassel	Kassel	DE	Europe/Berlin	197230
Ciudad Madero	Ciudad Madero	MX	America/Monterrey	197216
Sawangan	Sawangan	ID	Asia/Jakarta	197170
Gemena	Gemena	CD	Africa/Kinshasa	197159
Bhālswa Jahangirpur	Bhalswa Jahangirpur	IN	Asia/Kolkata	197148
Lushui	Lushui	CN	Asia/Shanghai	197000
Bīrjand	Birjand	IR	Asia/Tehran	196982
Toruń	Torun	PL	Europe/Warsaw	196935
Almería	Almeria	ES	Europe/Madrid	196851
Jijiang	Jijiang	CN	Asia/Shanghai	196787
Ahmadpur East	Ahmadpur East	PK	Asia/Karachi	196718
Huánuco	Huanuco	PE	America/Lima	196627
Higashihiroshima	Higashihiroshima	JP	Asia/Tokyo	196608
İzmit	Izmit	TR	Europe/Istanbul	196571
Reims	Reims	FR	Europe/Paris	196565
Hanfeng	Hanfeng	CN	Asia/Shanghai	196528
Vancouver	Vancouver	US	America/Los_Angeles	196442
Birmingham	Birmingham	US	America/Chicago	196357
Itabuna	Itabuna	BR	America/Bahia	196344
Laayoune	Laayoune	EH	Africa/El_Aaiun	196331
Khammam	Khammam	IN	Asia/Kolkata	196283
H̱olon	Holon	IL	Asia/Jerusalem	196282
Middelburg	Middelburg	ZA	Africa/Johannesburg	196263
Icheon-si	Icheon-si	KR	Asia/Seoul	196230
Khirdalan	Khirdalan	AZ	Asia/Baku	196200
Phra Pradaeng	Phra Pradaeng	TH	Asia/Bangkok	196129
Moundou	Moundou	TD	Africa/Ndjamena	196124
Sambhal	Sambhal	IN	Asia/Kolkata	196109
Bhiwāni	Bhiwani	IN	Asia/Kolkata	196057
Engels	Engels	RU	Europe/Saratov	196011
Ciudad Lázaro Cárdenas	Ciudad Lazaro Cardenas	MX	America/Mexico_City	196003
Mocuba	Mocuba	MZ	Africa/Maputo	196001
Hetauda	Hetauda	NP	Asia/Kathmandu	195951
Durrës	Durres	AL	Europe/Tirane	195920
Suzuka	Suzuka	JP	Asia/Tokyo	195670
Hub	Hub	PK	Asia/Karachi	195661
La Plata	La Plata	AR	America/Argentina/Buenos_Aires	195443
Janakpur	Janakpur	NP	Asia/Kathmandu	195438
Kamirenjaku	Kamirenjaku	JP	Asia/Tokyo	195391
Panvel	Panvel	IN	Asia/Kolkata	195373
Peicheng	Peicheng	CN	Asia/Shanghai	195363
Maharagama	Maharagama	LK	Asia/Colombo	195355
Montgomery	Montgomery	US	America/Chicago	195287
Liège	Liege	BE	Europe/Brussels	195278
Kumagaya	Kumagaya	JP	Asia/Tokyo	195277
Guri-si	Guri-si	KR	Asia/Seoul	195236
Ambāla	Ambala	IN	Asia/Kolkata	195153
Grand Rapids	Grand Rapids	US	America/Detroit	195097
Prato	Prato	IT	Europe/Rome	195089
Kumarapalayam	Kumarapalayam	IN	Asia/Kolkata	195071
Butwāl	Butwal	NP	Asia/Kathmandu	195054
Dhirkot	Dhirkot	PK	Asia/Karachi	195000
Kayes	Kayes	ML	Africa/Bamako	194716
Bontang	Bontang	ID	Asia/Makassar	194606
Kafr ash Shaykh	Kafr ash Shaykh	EG	Africa/Cairo	194569
Tébessa	Tebessa	DZ	Africa/Algiers	194461
Kuala Kubu Baharu	Kuala Kubu Baharu	MY	Asia/Kuala_Lumpur	194387
Karuri	Karuri	KE	Africa/Nairobi	194342
Karuri	Karuri	KE	Africa/Nairobi	194342
Manéah	Maneah	GN	Africa/Conakry	194297
Severodvinsk	Severodvinsk	RU	Europe/Moscow	194292
Kowloon City Centre	Kowloon City Centre	HK	Asia/Hong_Kong	194290
Matuga	Matuga	KE	Africa/Nairobi	194252
Düzce	Duezce	TR	Europe/Istanbul	194097
Nnewi	Nnewi	NG	Africa/Lagos	193987
Yamaguchi	Yamaguchi	JP	Asia/Tokyo	193966
Alcalá de Henares	Alcala de Henares	ES	Europe/Madrid	193751
Başakşehir	Basaksehir	TR	Europe/Istanbul	193750
Ezhou	Ezhou	CN	Asia/Shanghai	193652
Zhengding	Zhengding	CN	Asia/Shanghai	193524
Būkān	Bukan	IR	Asia/Tehran	193501
Taguatinga	Taguatinga	BR	America/Sao_Paulo	193367
Braga	Braga	PT	Europe/Lisbon	193324
Garhi Khairo	Garhi Khairo	PK	Asia/Karachi	193297
Luanshya	Luanshya	ZM	Africa/Lusaka	193293
Padalarang	Padalarang	ID	Asia/Jakarta	193114
Bang Khae	Bang Khae	TH	Asia/Bangkok	193002
Bago City	Bago City	PH	Asia/Manila	192993
Yongchuan	Yongchuan	CN	Asia/Shanghai	192954
Uji	Uji	JP	Asia/Tokyo	192925
Machilīpatnam	Machilipatnam	IN	Asia/Kolkata	192827
Hepu	Hepu	CN	Asia/Shanghai	192813
Aihui	Aihui	CN	Asia/Shanghai	192764
Hyesan	Hyesan	KP	Asia/Pyongyang	192680
Bayamo	Bayamo	CU	America/Havana	192632
Kielce	Kielce	PL	Europe/Warsaw	192468
Pār Naogaon	Par Naogaon	BD	Asia/Dhaka	192464
Fuding	Fuding	CN	Asia/Shanghai	192352
Castanhal	Castanhal	BR	America/Belem	192256
Cidade Tiradentes	Cidade Tiradentes	BR	America/Sao_Paulo	192177
Zabrze	Zabrze	PL	Europe/Warsaw	192177
Hamilton	Hamilton	NZ	Pacific/Auckland	192100
Bojnūrd	Bojnurd	IR	Asia/Tehran	192041
Surulere	Surulere	NG	Africa/Lagos	191920
Humen	Humen	CN	Asia/Shanghai	191891
Benfica	Benfica	AO	Africa/Luanda	191828
Hat Yai	Hat Yai	TH	Asia/Bangkok	191696
Haicheng	Haicheng	CN	Asia/Shanghai	191651
Curug	Curug	ID	Asia/Jakarta	191406
Barrancabermeja	Barrancabermeja	CO	America/Bogota	191403
Zlatoust	Zlatoust	RU	Asia/Yekaterinburg	191366
Mukono	Mukono	UG	Africa/Kampala	191300
Angren	Angren	UZ	Asia/Tashkent	191300
Ciudad del Carmen	Ciudad del Carmen	MX	America/Merida	191238
Khairpur Mir’s	Khairpur Mir's	PK	Asia/Karachi	191044
Business Bay	Business Bay	AE	Asia/Dubai	191000
Khujand	Khujand	TJ	Asia/Dushanbe	191000
Peoria	Peoria	US	America/Phoenix	190985
Ashaiman	Ashaiman	GH	Africa/Accra	190972
Tanjungbalai	Tanjungbalai	ID	Asia/Jakarta	190935
Providence	Providence	US	America/New_York	190934
Mahesāna	Mahesana	IN	Asia/Kolkata	190753
Knoxville	Knoxville	US	America/New_York	190740
Rangel	Rangel	AO	Africa/Luanda	190569
Fuenlabrada	Fuenlabrada	ES	Europe/Madrid	190496
Hino	Hino	JP	Asia/Tokyo	190435
Jhelum	Jhelum	PK	Asia/Karachi	190425
Mahbūbnagar	Mahbubnagar	IN	Asia/Kolkata	190400
Beipiao	Beipiao	CN	Asia/Shanghai	190315
Pak Kret	Pak Kret	TH	Asia/Bangkok	190272
Cẩm Phả	Cam Pha	VN	Asia/Bangkok	190232
Al Fallūjah	Al Fallujah	IQ	Asia/Baghdad	190159
Jinshanlu	Jinshanlu	CN	Asia/Urumqi	190064
Ise-Ekiti	Ise-Ekiti	NG	Africa/Lagos	190063
Nova Friburgo	Nova Friburgo	BR	America/Sao_Paulo	189939
Guarapuava	Guarapuava	BR	America/Sao_Paulo	189630
Kofu	Kofu	JP	Asia/Tokyo	189591
Numazu	Numazu	JP	Asia/Tokyo	189486
Santa Bárbara d'Oeste	Santa Barbara d'Oeste	BR	America/Sao_Paulo	189456
Jōetsu	Joetsu	JP	Asia/Tokyo	189430
Planaltina	Planaltina	BR	America/Sao_Paulo	189412
Sunrise Manor	Sunrise Manor	US	America/Los_Angeles	189372
Sambalpur	Sambalpur	IN	Asia/Kolkata	189366
Syzran	Syzran	RU	Europe/Samara	189338
Danshui	Danshui	TW	Asia/Taipei	189271
Bytom	Bytom	PL	Europe/Warsaw	189186
Mwene-Ditu	Mwene-Ditu	CD	Africa/Lubumbashi	189177
Ilhéus	Ilheus	BR	America/Bahia	189149
Panalanoy	Panalanoy	PH	Asia/Manila	189090
Guixi	Guixi	CN	Asia/Shanghai	188980
Odawara	Odawara	JP	Asia/Tokyo	188856
Labuan Bajo	Labuan Bajo	ID	Asia/Makassar	188724
Anjō	Anjo	JP	Asia/Tokyo	188693
Boyeros	Boyeros	CU	America/Havana	188593
George	George	ZA	Africa/Johannesburg	188580
Tottori-shi	Tottori-shi	JP	Asia/Tokyo	188465
Leganés	Leganes	ES	Europe/Madrid	188425
Acarigua	Acarigua	VE	America/Caracas	188278
Hosa’ina	Hosa'ina	ET	Africa/Addis_Ababa	188200
Sai Mai	Sai Mai	TH	Asia/Bangkok	188123
Yawnghwe	Yawnghwe	MM	Asia/Yangon	188083
Mabalacat City	Mabalacat City	PH	Asia/Manila	188050
Riohacha	Riohacha	CO	America/Bogota	188014
Laizhou	Laizhou	CN	Asia/Shanghai	188000
Grand Prairie	Grand Prairie	US	America/Chicago	187809
Sorsogon	Sorsogon	PH	Asia/Manila	187670
Ait Melloul	Ait Melloul	MA	Africa/Casablanca	187652
Sutton	Sutton	GB	Europe/London	187600
Shreveport	Shreveport	US	America/Chicago	187593
Choa Chu Kang New Town	Choa Chu Kang New Town	SG	Asia/Singapore	187550
Getafe	Getafe	ES	Europe/Madrid	187525
Quận Năm	Quan Nam	VN	Asia/Ho_Chi_Minh	187510
Bhusawal	Bhusawal	IN	Asia/Kolkata	187421
Miraflores	Miraflores	PE	America/Lima	187401
Alvorada	Alvorada	BR	America/Sao_Paulo	187315
Chilpancingo	Chilpancingo	MX	America/Mexico_City	187251
Donaustadt	Donaustadt	AT	Europe/Vienna	187007
Pinar del Río	Pinar del Rio	CU	America/Havana	186990
Huixing	Huixing	CN	Asia/Shanghai	186972
Kırıkkale	Kirikkale	TR	Europe/Istanbul	186960
Batumi	Batumi	GE	Asia/Tbilisi	186949
Burlington	Burlington	CA	America/Toronto	186948
Pābna	Pabna	BD	Asia/Dhaka	186781
Brownsville	Brownsville	US	America/Chicago	186738
Changyuan	Changyuan	CN	Asia/Shanghai	186653
Cienfuegos	Cienfuegos	CU	America/Havana	186644
Beersheba	Beersheba	IL	Asia/Jerusalem	186600
El Oued	El Oued	DZ	Africa/Algiers	186525
Overland Park	Overland Park	US	America/Chicago	186515
Raebareli	Raebareli	IN	Asia/Kolkata	186433
Shangri-La	Shangri-La	CN	Asia/Shanghai	186400
Springs	Springs	ZA	Africa/Johannesburg	186394
Newport News	Newport News	US	America/New_York	186247
Yangcheng	Yangcheng	CN	Asia/Shanghai	186242
Mopti	Mopti	ML	Africa/Bamako	186187
Khuraybat as Sūq	Khuraybat as Suq	JO	Asia/Amman	186158
Zawiya	Zawiya	LY	Africa/Tripoli	186123
Zamora de Hidalgo	Zamora de Hidalgo	MX	America/Mexico_City	186102
Haridwar	Haridwar	IN	Asia/Kolkata	186079
Ad-Damazin	Ad-Damazin	SD	Africa/Khartoum	186051
Dunhuang	Dunhuang	CN	Asia/Shanghai	186027
Jing’an	Jing'an	CN	Asia/Shanghai	186000
Le Havre	Le Havre	FR	Europe/Paris	185972
Verhunskyi	Verhunskyi	UA	Europe/Kyiv	185593
Phusro	Phusro	IN	Asia/Kolkata	185555
Donostia / San Sebastián	San Sebastian	ES	Europe/Madrid	185357
Poza Rica de Hidalgo	Poza Rica de Hidalgo	MX	America/Mexico_City	185242
Bilbeis	Bilbeis	EG	Africa/Cairo	185237
Roxas City	Roxas City	PH	Asia/Manila	185236
Paris 20 Ménilmontant	Paris 20 Menilmontant	FR	Europe/Paris	185140
Kütahya	Kuetahya	TR	Europe/Istanbul	185008
Palopo	Palopo	ID	Asia/Makassar	184961
Potsdam	Potsdam	DE	Europe/Berlin	184754
Modena	Modena	IT	Europe/Rome	184732
Bolu	Bolu	TR	Europe/Istanbul	184682
Toyokawa	Toyokawa	JP	Asia/Tokyo	184661
Adoni	Adoni	IN	Asia/Kolkata	184625
Izumi	Izumi	JP	Asia/Tokyo	184615
Santa Anita - Los Ficus	Santa Anita - Los Ficus	PE	America/Lima	184614
Zaoyang	Zaoyang	CN	Asia/Shanghai	184509
Paltan	Paltan	BD	Asia/Dhaka	184492
Ivory Park	Ivory Park	ZA	Africa/Johannesburg	184383
Al Qāmishlī	Al Qamishli	SY	Asia/Damascus	184231
Abakan	Abakan	RU	Asia/Krasnoyarsk	184168
Pemalang	Pemalang	ID	Asia/Jakarta	184149
Breda	Breda	NL	Europe/Amsterdam	184126
Langsa	Langsa	ID	Asia/Jakarta	184016
Vĩnh Châu	Vinh Chau	VN	Asia/Ho_Chi_Minh	183918
Baishan	Baishan	CN	Asia/Shanghai	183880
Sūjāngarh	Sujangarh	IN	Asia/Kolkata	183808
Linhares	Linhares	BR	America/Sao_Paulo	183797
Tachikawa	Tachikawa	JP	Asia/Tokyo	183581
Cergy-Pontoise	Cergy-Pontoise	FR	Europe/Paris	183430
Unaizah	Unaizah	SA	Asia/Riyadh	183319
Mobile	Mobile	US	America/Chicago	183289
St Helens	St Helens	GB	Europe/London	183200
Fort Lauderdale	Fort Lauderdale	US	America/New_York	183146
Lembang	Lembang	ID	Asia/Jakarta	183130
Paris 18 Buttes-Montmartre	Paris 18 Buttes-Montmartre	FR	Europe/Paris	183127
Sants-Montjuïc	Sants-Montjuic	ES	Europe/Madrid	183120
Oradea	Oradea	RO	Europe/Bucharest	183105
Araguaína	Araguaina	BR	America/Araguaina	183024
Saarbrücken	Saarbruecken	DE	Europe/Berlin	182971
Bunda	Bunda	TZ	Africa/Dar_es_Salaam	182970
Skikda	Skikda	DZ	Africa/Algiers	182903
Tirmiz	Tirmiz	UZ	Asia/Samarkand	182800
Singosari	Singosari	ID	Asia/Jakarta	182656
Porto Seguro	Porto Seguro	BR	America/Bahia	182630
Cúa	Cua	VE	America/Caracas	182558
Sirsa	Sirsa	IN	Asia/Kolkata	182534
Kamensk-Ural’skiy	Kamensk-Ural'skiy	RU	Asia/Yekaterinburg	182500
Cidade Dutra	Cidade Dutra	BR	America/Sao_Paulo	182459
Reggio Calabria	Reggio Calabria	IT	Europe/Rome	182455
Dinapur Nizamat	Dinapur Nizamat	IN	Asia/Kolkata	182429
Santa Clarita	Santa Clarita	US	America/Los_Angeles	182371
Carletonville	Carletonville	ZA	Africa/Johannesburg	182304
Dubréka	Dubreka	GN	Africa/Conakry	182296
Metro	Metro	ID	Asia/Jakarta	182293
Banhā	Banha	EG	Africa/Cairo	182254
Bahraigh	Bahraigh	IN	Asia/Kolkata	182218
Ash Shaţrah	Ash Shatrah	IQ	Asia/Baghdad	182175
Quarto Oggiaro	Quarto Oggiaro	IT	Europe/Rome	182118
Tsing Yi Town	Tsing Yi Town	HK	Asia/Hong_Kong	182100
Monywa	Monywa	MM	Asia/Yangon	182011
Dessalines	Dessalines	HT	America/Port-au-Prince	181903
Mwala	Mwala	KE	Africa/Nairobi	181896
Kāraikkudi	Karaikkudi	IN	Asia/Kolkata	181851
Araure	Araure	VE	America/Caracas	181820
Barra Mansa	Barra Mansa	BR	America/Sao_Paulo	181679
Sultan Pur Majra	Sultan Pur Majra	IN	Asia/Kolkata	181554
Zhenping	Zhenping	CN	Asia/Shanghai	181528
Anda	Anda	CN	Asia/Shanghai	181271
Paris 13 Gobelins	Paris 13 Gobelins	FR	Europe/Paris	181271
Petropavlovsk-Kamchatsky	Petropavlovsk-Kamchatsky	RU	Asia/Kamchatka	181216
Wādī as Sīr	Wadi as Sir	JO	Asia/Amman	181212
Fardīs	Fardis	IR	Asia/Tehran	181174
Chattanooga	Chattanooga	US	America/New_York	181099
Guna	Guna	IN	Asia/Kolkata	180935
Odense	Odense	DK	Europe/Copenhagen	180863
Sacaba	Sacaba	BO	America/La_Paz	180726
Quetzaltenango	Quetzaltenango	GT	America/Guatemala	180706
Chandannagar	Chandannagar	IN	Asia/Kolkata	180623
Baharampur	Baharampur	IN	Asia/Kolkata	180547
Ploieşti	Ploiesti	RO	Europe/Bucharest	180540
Berazategui	Berazategui	AR	America/Argentina/Buenos_Aires	180523
Shahuwadi	Shahuwadi	IN	Asia/Kolkata	180322
Madanapalle	Madanapalle	IN	Asia/Kolkata	180180
Tangail	Tangail	BD	Asia/Dhaka	180144
Shulin	Shulin	TW	Asia/Taipei	180044
Edirne	Edirne	TR	Europe/Istanbul	180002
Nepean	Nepean	CA	America/Toronto	180000
Pingwu County	Pingwu County	CN	Asia/Shanghai	180000
Kyaukpyu	Kyaukpyu	MM	Asia/Yangon	180000
Yasenevo	Yasenevo	RU	Europe/Moscow	180000
Phúc Yên	Phuc Yen	VN	Asia/Bangkok	180000
Shivpuri	Shivpuri	IN	Asia/Kolkata	179977
Yangju	Yangju	KR	Asia/Seoul	179923
Borshchahivka	Borshchahivka	UA	Europe/Kyiv	179900
Praga Południe	Praga Poludnie	PL	Europe/Warsaw	179836
Pirituba	Pirituba	BR	America/Sao_Paulo	179724
Kasama	Kasama	ZM	Africa/Lusaka	179636
Surendranagar	Surendranagar	IN	Asia/Kolkata	179628
Alexandra	Alexandra	ZA	Africa/Johannesburg	179624
Obuase	Obuase	GH	Africa/Accra	179604
Desnyanskyi	Desnyanskyi	UA	Europe/Kyiv	179600
Novozavodskyi	Novozavodskyi	UA	Europe/Kyiv	179600
Ibirité	Ibirite	BR	America/Sao_Paulo	179582
Tsentralnyi	Tsentralnyi	UA	Europe/Kyiv	179582
Legaspi	Legaspi	PH	Asia/Manila	179481
Phú Quốc	Phu Quoc	VN	Asia/Ho_Chi_Minh	179480
Podolsk	Podolsk	RU	Europe/Moscow	179400
Purwakarta	Purwakarta	ID	Asia/Jakarta	179233
Jizzax	Jizzax	UZ	Asia/Samarkand	179200
Ferraz de Vasconcelos	Ferraz de Vasconcelos	BR	America/Sao_Paulo	179198
Ila Orangun	Ila Orangun	NG	Africa/Lagos	179192
Thị Trấn Đại Từ	Thi Tran GJai Tu	VN	Asia/Ho_Chi_Minh	179192
Neyveli	Neyveli	IN	Asia/Kolkata	179150
Angra dos Reis	Angra dos Reis	BR	America/Sao_Paulo	179120
Qianjiang	Qianjiang	CN	Asia/Shanghai	179079
Hamm	Hamm	DE	Europe/Berlin	178967
Si Racha	Si Racha	TH	Asia/Bangkok	178916
Tiaret	Tiaret	DZ	Africa/Algiers	178915
La Rioja	La Rioja	AR	America/Argentina/La_Rioja	178872
Silchar	Silchar	IN	Asia/Kolkata	178865
Amadora	Amadora	PT	Europe/Lisbon	178858
Cuautitlán	Cuautitlan	MX	America/Mexico_City	178847
Ipswich	Ipswich	GB	Europe/London	178835
Njeru	Njeru	UG	Africa/Kampala	178800
Toliara	Toliara	MG	Indian/Antananarivo	178725
Paris 19 Buttes-Chaumont	Paris 19 Buttes-Chaumont	FR	Europe/Paris	178691
Saki	Saki	NG	Africa/Lagos	178677
Chlef	Chlef	DZ	Africa/Algiers	178616
Fontanar	Fontanar	CU	America/Havana	178601
Seogwipo	Seogwipo	KR	Asia/Seoul	178552
Concepcion	Concepcion	PH	Asia/Manila	178549
East Flatbush	East Flatbush	US	America/New_York	178464
Spring Valley	Spring Valley	US	America/Los_Angeles	178395
Livingstone	Livingstone	ZM	Africa/Lusaka	178361
Potchefstroom	Potchefstroom	ZA	Africa/Johannesburg	178285
Santa Rosa	Santa Rosa	US	America/Los_Angeles	178127
Ciudad Camilo Cienfuegos	Ciudad Camilo Cienfuegos	CU	America/Havana	178041
Paris 13e Arrondissement	Paris 13e Arrondissement	FR	Europe/Paris	177833
Sambizanga	Sambizanga	AO	Africa/Luanda	177808
Proddatūr	Proddatur	IN	Asia/Kolkata	177797
Sittwe	Sittwe	MM	Asia/Yangon	177743
Dundo	Dundo	AO	Africa/Luanda	177604
Basel	Basel	CH	Europe/Zurich	177595
Meiktila	Meiktila	MM	Asia/Yangon	177442
Gulu	Gulu	UG	Africa/Kampala	177400
Nijmegen	Nijmegen	NL	Europe/Amsterdam	177359
Idkū	Idku	EG	Africa/Cairo	177152
Uppsala	Uppsala	SE	Europe/Stockholm	177074
Hugli	Hugli	IN	Asia/Kolkata	177005
Hashtsāl	Hashtsal	IN	Asia/Kolkata	176877
Bragança Paulista	Braganca Paulista	BR	America/Sao_Paulo	176811
Teresópolis	Teresopolis	BR	America/Sao_Paulo	176735
San Luis Río Colorado	San Luis Rio Colorado	MX	America/Hermosillo	176685
Santa Ana	Santa Ana	SV	America/El_Salvador	176661
Eugene	Eugene	US	America/Los_Angeles	176654
Nador	Nador	MA	Africa/Casablanca	176600
Al Muharraq	Al Muharraq	BH	Asia/Bahrain	176583
Bielsko-Biala	Bielsko-Biala	PL	Europe/Warsaw	176515
Marsá Maţrūḩ	Marsa Matruh	EG	Africa/Cairo	176498
Almere Stad	Almere Stad	NL	Europe/Amsterdam	176432
Burgos	Burgos	ES	Europe/Madrid	176418
Gijang	Gijang	KR	Asia/Seoul	176388
Lander	Lander	VE	America/Caracas	176346
Saint-Étienne	Saint-Etienne	FR	Europe/Paris	176280
Amroha	Amroha	IN	Asia/Kolkata	176253
Narashino	Narashino	JP	Asia/Tokyo	176197
Béjaïa	Bejaia	DZ	Africa/Algiers	176139
Zhenzhou	Zhenzhou	CN	Asia/Shanghai	176006
Tempe	Tempe	US	America/Phoenix	175826
Xindi	Xindi	CN	Asia/Shanghai	175761
Oceanside	Oceanside	US	America/Los_Angeles	175691
Bella Vista	Bella Vista	DO	America/Santo_Domingo	175683
Fengcheng	Fengcheng	CN	Asia/Shanghai	175576
Salem	Salem	US	America/Los_Angeles	175535
Wigan	Wigan	GB	Europe/London	175405
Garden Grove	Garden Grove	US	America/Los_Angeles	175393
Karaman	Karaman	TR	Europe/Istanbul	175390
Oshawa	Oshawa	CA	America/Toronto	175383
Siverek	Siverek	TR	Europe/Istanbul	175341
Rancho Cucamonga	Rancho Cucamonga	US	America/Los_Angeles	175236
Cape Coral	Cape Coral	US	America/New_York	175229
Tân Châu	Tan Chau	VN	Asia/Ho_Chi_Minh	175211
Teluknaga	Teluknaga	ID	Asia/Jakarta	175155
Jiutai	Jiutai	CN	Asia/Shanghai	175115
Chhindwāra	Chhindwara	IN	Asia/Kolkata	175052
Itu	Itu	BR	America/Sao_Paulo	175047
Senador Canedo	Senador Canedo	BR	America/Sao_Paulo	175042
Khānaqīn	Khanaqin	IQ	Asia/Baghdad	175000
Naga	Naga	PH	Asia/Manila	174931
Tomakomai	Tomakomai	JP	Asia/Tokyo	174806
Tambaram	Tambaram	IN	Asia/Kolkata	174787
San Miguel de Allende	San Miguel de Allende	MX	America/Mexico_City	174615
Cianjur	Cianjur	ID	Asia/Jakarta	174587
Pamulang	Pamulang	ID	Asia/Jakarta	174557
Hitachi	Hitachi	JP	Asia/Tokyo	174508
Timon	Timon	BR	America/Fortaleza	174465
Bhetia	Bhetia	IN	Asia/Kolkata	174355
Pathānkot	Pathankot	IN	Asia/Kolkata	174306
Tando Adam	Tando Adam	PK	Asia/Karachi	174291
Badlapur	Badlapur	IN	Asia/Kolkata	174226
Cikupa	Cikupa	ID	Asia/Jakarta	174041
Puerto Cabello	Puerto Cabello	VE	America/Caracas	174000
Latkrabang	Latkrabang	TH	Asia/Bangkok	173987
Sakura	Sakura	JP	Asia/Tokyo	173740
Ube	Ube	JP	Asia/Tokyo	173733
Daule	Daule	EC	America/Guayaquil	173684
Bayjī	Bayji	IQ	Asia/Baghdad	173677
Cuddalore	Cuddalore	IN	Asia/Kolkata	173636
Santander	Santander	ES	Europe/Madrid	173635
Tlemcen	Tlemcen	DZ	Africa/Algiers	173531
Shimla	Shimla	IN	Asia/Kolkata	173503
Shāhīn Shahr	Shahin Shahr	IR	Asia/Tehran	173329
Croydon	Croydon	GB	Europe/London	173314
Myeik	Myeik	MM	Asia/Yangon	173298
East New York	East New York	US	America/New_York	173198
Khān Yūnis	Khan Yunis	PS	Asia/Gaza	173183
Dharān	Dharan	NP	Asia/Kathmandu	173096
Mülheim	Muelheim	DE	Europe/Berlin	173050
Albacete	Albacete	ES	Europe/Madrid	173050
Bata	Bata	GQ	Africa/Malabo	173046
Kamakura	Kamakura	JP	Asia/Tokyo	172929
Chicoloapan	Chicoloapan	MX	America/Mexico_City	172919
Gadag-Betageri	Gadag-Betageri	IN	Asia/Kolkata	172813
Licheng	Licheng	CN	Asia/Shanghai	172775
Izumo	Izumo	JP	Asia/Tokyo	172775
São Caetano do Sul	Sao Caetano do Sul	BR	America/Sao_Paulo	172693
Pindamonhangaba	Pindamonhangaba	BR	America/Sao_Paulo	172681
Gadag	Gadag	IN	Asia/Kolkata	172612
Ongata Rongai	Ongata Rongai	KE	Africa/Nairobi	172569
Lang'ata	Lang'ata	KE	Africa/Nairobi	172569
Tunja	Tunja	CO	America/Bogota	172548
Lages	Lages	BR	America/Sao_Paulo	172458
Quillacollo	Quillacollo	BO	America/La_Paz	172405
Alcorcón	Alcorcon	ES	Europe/Madrid	172384
Gisenyi	Gisenyi	RW	Africa/Kigali	172357
Poços de Caldas	Pocos de Caldas	BR	America/Sao_Paulo	172339
Isparta	Isparta	TR	Europe/Istanbul	172334
Warrington	Warrington	GB	Europe/London	172330
Klaipėda	Klaipeda	LT	Europe/Vilnius	172292
Walsall	Walsall	GB	Europe/London	172141
Herne	Herne	DE	Europe/Berlin	172108
Lyublino	Lyublino	RU	Europe/Moscow	172000
Mansfield	Mansfield	GB	Europe/London	171958
Reggio nell'Emilia	Reggio nell'Emilia	IT	Europe/Rome	171944
Castelló de la Plana	Castello de la Plana	ES	Europe/Madrid	171857
Barreiras	Barreiras	BR	America/Bahia	171634
Kēng Tung	Keng Tung	MM	Asia/Yangon	171620
Sioux Falls	Sioux Falls	US	America/Chicago	171544
Prizren	Prizren	XK	Europe/Belgrade	171464
Dongling	Dongling	CN	Asia/Shanghai	171454
Ungaran	Ungaran	ID	Asia/Jakarta	171378
Urayasu	Urayasu	JP	Asia/Tokyo	171362
Long Khánh	Long Khanh	VN	Asia/Ho_Chi_Minh	171276
Dagupan	Dagupan	PH	Asia/Manila	171271
Ontario	Ontario	US	America/Los_Angeles	171214
Watthana	Watthana	TH	Asia/Bangkok	171150
Verāval	Veraval	IN	Asia/Kolkata	171121
Navsari	Navsari	IN	Asia/Kolkata	171109
Imabari	Imabari	JP	Asia/Tokyo	170986
Mansa	Mansa	ZM	Africa/Lusaka	170965
Fort Collins	Fort Collins	US	America/Denver	170924
Bảo Lộc	Bao Loc	VN	Asia/Ho_Chi_Minh	170920
Kulim	Kulim	MY	Asia/Kuala_Lumpur	170889
Oshodi	Oshodi	NG	Africa/Lagos	170870
Ramat Gan	Ramat Gan	IL	Asia/Jerusalem	170822
Bahadurgarh	Bahadurgarh	IN	Asia/Kolkata	170767
Haldia	Haldia	IN	Asia/Kolkata	170695
Temirtau	Temirtau	KZ	Asia/Almaty	170600
East Helsinki	East Helsinki	FI	Europe/Helsinki	170557
Parnaíba	Parnaiba	BR	America/Fortaleza	170491
Carolina	Carolina	PR	America/Puerto_Rico	170404
Rāiganj	Raiganj	IN	Asia/Kolkata	170252
Malāyer	Malayer	IR	Asia/Tehran	170237
Springfield	Springfield	US	America/Chicago	170188
Sunderland	Sunderland	GB	Europe/London	170134
Takaoka	Takaoka	JP	Asia/Tokyo	170077
Baranovichi	Baranovichi	BY	Europe/Minsk	170039
Malda	Malda	IN	Asia/Kolkata	170039
Guadalupe	Guadalupe	MX	America/Mexico_City	170029
Nishio	Nishio	JP	Asia/Tokyo	169984
San Luis	San Luis	AR	America/Argentina/San_Luis	169947
Ouargla	Ouargla	DZ	Africa/Algiers	169928
Olsztyn	Olsztyn	PL	Europe/Warsaw	169793
Kipushi	Kipushi	CD	Africa/Lubumbashi	169635
Yuen Long Kau Hui	Yuen Long Kau Hui	HK	Asia/Hong_Kong	169600
Laiyang	Laiyang	CN	Asia/Shanghai	169594
Jaunpur	Jaunpur	IN	Asia/Kolkata	169572
Khlong Sam Wa	Khlong Sam Wa	TH	Asia/Bangkok	169489
Harburg	Harburg	DE	Europe/Berlin	169221
Chūō	Chuo	JP	Asia/Tokyo	169179
Mufulira	Mufulira	ZM	Africa/Lusaka	169136
Deoli	Deoli	IN	Asia/Kolkata	169122
Jaffna	Jaffna	LK	Asia/Colombo	169102
Arad	Arad	RO	Europe/Bucharest	169065
Chetumal	Chetumal	MX	America/Cancun	169028
Bharūch	Bharuch	IN	Asia/Kolkata	169007
Gurúè	Gurue	MZ	Africa/Maputo	168971
San Miguel	San Miguel	AR	America/Argentina/Buenos_Aires	168762
Hirosaki	Hirosaki	JP	Asia/Tokyo	168739
Pilsen	Pilsen	CZ	Europe/Prague	168733
Chalco	Chalco	MX	America/Mexico_City	168720
Toulon	Toulon	FR	Europe/Paris	168701
Vila Andrade	Vila Andrade	BR	America/Sao_Paulo	168669
Hoshiārpur	Hoshiarpur	IN	Asia/Kolkata	168653
Calabozo	Calabozo	VE	America/Caracas	168605
Jabālyā	Jabalya	PS	Asia/Gaza	168568
Cuauhtémoc	Cuauhtemoc	MX	America/Chihuahua	168482
Araraquara	Araraquara	BR	America/Sao_Paulo	168468
Yopal	Yopal	CO	America/Bogota	168433
Ituzaingó	Ituzaingo	AR	America/Argentina/Cordoba	168419
Piranshahr	Piranshahr	IR	Asia/Tehran	168393
Mahābād	Mahabad	IR	Asia/Tehran	168393
Florencia	Florencia	CO	America/Bogota	168346
Tây Hồ	Tay Ho	VN	Asia/Bangkok	168300
Moratuwa	Moratuwa	LK	Asia/Colombo	168280
Angers	Angers	FR	Europe/Paris	168279
Ilford	Ilford	GB	Europe/London	168168
Hasilpur	Hasilpur	PK	Asia/Karachi	168146
Rio das Ostras	Rio das Ostras	BR	America/Sao_Paulo	168099
Horta-Guinardó	Horta-Guinardo	ES	Europe/Madrid	168092
Pátra	Patra	GR	Europe/Athens	168034
Rutchenkivskyi	Rutchenkivskyi	UA	Europe/Kyiv	168029
Đồng Xoài	GJong Xoai	VN	Asia/Ho_Chi_Minh	168000
Jamālpur	Jamalpur	BD	Asia/Dhaka	167900
Kushiro	Kushiro	JP	Asia/Tokyo	167875
Berezniki	Berezniki	RU	Asia/Yekaterinburg	167748
Awka	Awka	NG	Africa/Lagos	167738
Volgodonsk	Volgodonsk	RU	Europe/Moscow	167731
Hollywood	Hollywood	US	America/Los_Angeles	167664
Oyama	Oyama	JP	Asia/Tokyo	167647
Ijero-Ekiti	Ijero-Ekiti	NG	Africa/Lagos	167632
Jīnd	Jind	IN	Asia/Kolkata	167592
Miass	Miass	RU	Asia/Yekaterinburg	167500
Fortechnyi	Fortechnyi	UA	Europe/Kyiv	167451
Tuguegarao	Tuguegarao	PH	Asia/Manila	167297
Carúpano	Carupano	VE	America/Caracas	167187
Kumbakonam	Kumbakonam	IN	Asia/Kolkata	167155
Plumbon	Plumbon	ID	Asia/Jakarta	167105
Darmstadt	Darmstadt	DE	Europe/Berlin	167029
Mary	Mary	TM	Asia/Ashgabat	167027
Novocherkassk	Novocherkassk	RU	Europe/Moscow	166974
Elk Grove	Elk Grove	US	America/Los_Angeles	166913
Mohali	Mohali	IN	Asia/Kolkata	166864
Sampit	Sampit	ID	Asia/Pontianak	166773
Clarksville	Clarksville	US	America/Chicago	166722
Wan Chai	Wan Chai	HK	Asia/Hong_Kong	166695
Linköping	Linkoeping	SE	Europe/Stockholm	166673
Iwata	Iwata	JP	Asia/Tokyo	166672
Kamalia	Kamalia	PK	Asia/Karachi	166617
Pembroke Pines	Pembroke Pines	US	America/New_York	166611
Maicao	Maicao	CO	America/Bogota	166603
Obihiro	Obihiro	JP	Asia/Tokyo	166536
Fatehpur	Fatehpur	IN	Asia/Kolkata	166480
Osnabrück	Osnabrueck	DE	Europe/Berlin	166462
Calama	Calama	CL	America/Santiago	166334
Nou Barris	Nou Barris	ES	Europe/Madrid	166310
Nepalgunj	Nepalgunj	NP	Asia/Kathmandu	166258
Comitán	Comitan	MX	America/Merida	166178
Ocumare del Tuy	Ocumare del Tuy	VE	America/Caracas	166072
Niiza	Niiza	JP	Asia/Tokyo	166017
Greater Sudbury	Greater Sudbury	CA	America/Toronto	166004
Ulanhot	Ulanhot	CN	Asia/Shanghai	165846
Khobar	Khobar	SA	Asia/Riyadh	165799
Songcheng	Songcheng	CN	Asia/Shanghai	165730
Deer Valley	Deer Valley	US	America/Phoenix	165656
Bang Khun Thian	Bang Khun Thian	TH	Asia/Bangkok	165491
Murfreesboro	Murfreesboro	US	America/Chicago	165430
Bushehr	Bushehr	IR	Asia/Tehran	165377
Dar Bouazza	Dar Bouazza	MA	Africa/Casablanca	165295
Tonk	Tonk	IN	Asia/Kolkata	165294
Saqqez	Saqqez	IR	Asia/Tehran	165258
Béchar	Bechar	DZ	Africa/Algiers	165241
Tam Kỳ	Tam Ky	VN	Asia/Ho_Chi_Minh	165240
Gölbaşı	Goelbasi	TR	Europe/Istanbul	165201
Francisco Morato	Francisco Morato	BR	America/Sao_Paulo	165139
Bima	Bima	ID	Asia/Makassar	165113
Mu-se	Mu-se	MM	Asia/Yangon	165022
Udupi	Udupi	IN	Asia/Kolkata	165000
Shahrud	Shahrud	IR	Asia/Tehran	165000
Banjaran	Banjaran	ID	Asia/Jakarta	164952
Thenali	Thenali	IN	Asia/Kolkata	164937
Mthatha	Mthatha	ZA	Africa/Johannesburg	164848
Hengshan	Hengshan	CN	Asia/Shanghai	164844
Slough	Slough	GB	Europe/London	164793
Bocoio	Bocoio	AO	Africa/Luanda	164685
Neukölln	Neukoelln	DE	Europe/Berlin	164636
Port Saint Lucie	Port Saint Lucie	US	America/New_York	164603
Sītāpur	Sitapur	IN	Asia/Kolkata	164435
Alandur	Alandur	IN	Asia/Kolkata	164430
Zenica	Zenica	BA	Europe/Sarajevo	164423
Lajeado	Lajeado	BR	America/Sao_Paulo	164391
Solingen	Solingen	DE	Europe/Berlin	164359
Itapetininga	Itapetininga	BR	America/Sao_Paulo	164256
Ðông Hà	Dong Ha	VN	Asia/Bangkok	164228
Corona	Corona	US	America/Los_Angeles	164226
Ḩawallī	Hawalli	KW	Asia/Kuwait	164212
Musoma	Musoma	TZ	Africa/Dar_es_Salaam	164172
Inisa	Inisa	NG	Africa/Lagos	164161
Nazran	Nazran	RU	Europe/Moscow	164131
Ilagan	Ilagan	PH	Asia/Manila	164020
Port-Gentil	Port-Gentil	GA	Africa/Libreville	164018
Bhadrāvati	Bhadravati	IN	Asia/Kolkata	163903
Santana de Parnaíba	Santana de Parnaiba	BR	America/Sao_Paulo	163787
Hadano	Hadano	JP	Asia/Tokyo	163787
Piraeus	Piraeus	GR	Europe/Athens	163688
Vapi	Vapi	IN	Asia/Kolkata	163630
Bournemouth	Bournemouth	GB	Europe/London	163600
Pedreira	Pedreira	BR	America/Sao_Paulo	163586
Sidon	Sidon	LB	Asia/Beirut	163554
Caxias	Caxias	BR	America/Fortaleza	163546
‘Ibrī	'Ibri	OM	Asia/Muscat	163473
Jomvu	Jomvu	KE	Africa/Nairobi	163415
Garissa	Garissa	KE	Africa/Nairobi	163399
Moga	Moga	IN	Asia/Kolkata	163397
Peterborough	Peterborough	GB	Europe/London	163379
Piedecuesta	Piedecuesta	CO	America/Bogota	163362
Tongzhou	Tongzhou	CN	Asia/Shanghai	163326
Ludwigshafen am Rhein	Ludwigshafen am Rhein	DE	Europe/Berlin	163196
Lat Krabang	Lat Krabang	TH	Asia/Bangkok	163175
Şalālah	Salalah	OM	Asia/Muscat	163140
Büyükçekmece	Bueyuekcekmece	TR	Europe/Istanbul	163140
Rāj-Nāndgaon	Raj-Nandgaon	IN	Asia/Kolkata	163114
Aydın	Aydin	TR	Europe/Istanbul	163022
Envigado	Envigado	CO	America/Bogota	163007
Itapecerica da Serra	Itapecerica da Serra	BR	America/Sao_Paulo	163003
Al-Junaynah	Al-Junaynah	SD	Africa/Khartoum	162981
Anbu	Anbu	CN	Asia/Shanghai	162964
McKinney	McKinney	US	America/Chicago	162898
Mostaganem	Mostaganem	DZ	Africa/Algiers	162885
Chirchiq	Chirchiq	UZ	Asia/Tashkent	162800
Bandar-e Māhshahr	Bandar-e Mahshahr	IR	Asia/Tehran	162797
Floridsdorf	Floridsdorf	AT	Europe/Vienna	162779
Leverkusen	Leverkusen	DE	Europe/Berlin	162738
Pandi	Pandi	PH	Asia/Manila	162725
Capas	Capas	PH	Asia/Manila	162724
Ning’er	Ning'er	CN	Asia/Shanghai	162711
Haarlem	Haarlem	NL	Europe/Amsterdam	162543
Arnhem	Arnhem	NL	Europe/Amsterdam	162424
Nkongsamba	Nkongsamba	CM	Africa/Douala	162309
El Vigía	El Vigia	VE	America/Caracas	162289
Araucária	Araucaria	BR	America/Sao_Paulo	162247
Robertsonpet	Robertsonpet	IN	Asia/Kolkata	162230
Kitale	Kitale	KE	Africa/Nairobi	162174
Suleja	Suleja	NG	Africa/Lagos	162135
Pouso Alegre	Pouso Alegre	BR	America/Sao_Paulo	162133
Taza	Taza	MA	Africa/Casablanca	162110
Oxford	Oxford	GB	Europe/London	162100
Al Maţarīyah	Al Matariyah	EG	Africa/Cairo	162045
Kunduz	Kunduz	AF	Asia/Kabul	161902
Fengcheng	Fengcheng	CN	Asia/Shanghai	161850
Trảng Bàng	Trang Bang	VN	Asia/Ho_Chi_Minh	161831
Unnāo	Unnao	IN	Asia/Kolkata	161671
Hortaleza	Hortaleza	ES	Europe/Madrid	161661
N'dalatando	N'dalatando	AO	Africa/Luanda	161584
Budaun	Budaun	IN	Asia/Kolkata	161555
Ōgaki	Ogaki	JP	Asia/Tokyo	161539
Newport	Newport	GB	Europe/London	161506
Coquimbo	Coquimbo	CL	America/Santiago	161317
Baubau	Baubau	ID	Asia/Makassar	161280
Đưc Trọng	GJuc Trong	VN	Asia/Ho_Chi_Minh	161232
Blitar	Blitar	ID	Asia/Jakarta	161204
Alagoinhas	Alagoinhas	BR	America/Bahia	161196
KwaDukuza	KwaDukuza	ZA	Africa/Johannesburg	161177
Miyakonojō	Miyakonojo	JP	Asia/Tokyo	161137
Madhyamgram	Madhyamgram	IN	Asia/Kolkata	161126
Lancaster	Lancaster	US	America/Los_Angeles	161103
Rubtsovsk	Rubtsovsk	RU	Asia/Barnaul	161065
Tacheng	Tacheng	CN	Asia/Urumqi	161037
Kindia	Kindia	GN	Africa/Conakry	161024
Tauranga	Tauranga	NZ	Pacific/Auckland	161000
Kalemie	Kalemie	CD	Africa/Lubumbashi	160961
Chatuchak	Chatuchak	TH	Asia/Bangkok	160906
San Juan de los Morros	San Juan de los Morros	VE	America/Caracas	160868
Sayama	Sayama	JP	Asia/Tokyo	160843
Sullana	Sullana	PE	America/Lima	160789
's-Hertogenbosch	's-Hertogenbosch	NL	Europe/Amsterdam	160783
Szeged	Szeged	HU	Europe/Budapest	160766
Malakal	Malakal	SS	Africa/Juba	160765
Chittoor	Chittoor	IN	Asia/Kolkata	160722
Toledo	Toledo	BR	America/Sao_Paulo	160701
Salamanca	Salamanca	MX	America/Mexico_City	160682
Ban Khlong Prawet	Ban Khlong Prawet	TH	Asia/Bangkok	160671
La Gi	La Gi	VN	Asia/Ho_Chi_Minh	160652
Anderlecht	Anderlecht	BE	Europe/Brussels	160553
Mytishchi	Mytishchi	RU	Europe/Moscow	160542
Delegación Cuajimalpa de Morelos	Delegacion Cuajimalpa de Morelos	MX	America/Mexico_City	160491
Hebron	Hebron	PS	Asia/Hebron	160470
Camaragibe	Camaragibe	BR	America/Recife	160318
Mogi Guaçu	Mogi Guacu	BR	America/Sao_Paulo	160318
Mejicanos	Mejicanos	SV	America/El_Salvador	160317
Trà Vinh	Tra Vinh	VN	Asia/Ho_Chi_Minh	160310
Parepare	Parepare	ID	Asia/Makassar	160309
Jāmuria	Jamuria	IN	Asia/Kolkata	160242
Koudougou	Koudougou	BF	Africa/Ouagadougou	160239
Nyzhnodniprovsk	Nyzhnodniprovsk	UA	Europe/Kyiv	160123
Taunggyi	Taunggyi	MM	Asia/Yangon	160115
Dhamār	Dhamar	YE	Asia/Aden	160114
Dubai Investments Park	Dubai Investments Park	AE	Asia/Dubai	160000
Ash Sharqāt	Ash Sharqat	IQ	Asia/Baghdad	160000
Dijon	Dijon	FR	Europe/Paris	159941
Salavat	Salavat	RU	Asia/Yekaterinburg	159893
Ede	Ede	NG	Africa/Lagos	159866
Sukrah	Sukrah	TN	Africa/Tunis	159862
Manzanillo	Manzanillo	MX	America/Mexico_City	159853
Jalapa	Jalapa	GT	America/Guatemala	159840
Paech’ŏn-ŭp	Paech'on-up	KP	Asia/Pyongyang	159825
Cary	Cary	US	America/New_York	159769
Skudai	Skudai	MY	Asia/Kuala_Lumpur	159733
Tahoua	Tahoua	NE	Africa/Niamey	159468
Alexandria	Alexandria	US	America/New_York	159467
Tuxtepec	Tuxtepec	MX	America/Mexico_City	159452
Puthia	Puthia	BD	Asia/Dhaka	159406
Newton	Newton	CA	America/Vancouver	159390
Paris 16 Passy	Paris 16 Passy	FR	Europe/Paris	159386
Zhicheng	Zhicheng	CN	Asia/Shanghai	159383
Ang Mo Kio New Town	Ang Mo Kio New Town	SG	Asia/Singapore	159340
Limuru	Limuru	KE	Africa/Nairobi	159314
San Miguel del Padrón	San Miguel del Padron	CU	America/Havana	159273
Tarija	Tarija	BO	America/La_Paz	159269
Patos de Minas	Patos de Minas	BR	America/Sao_Paulo	159235
Oldenburg	Oldenburg	DE	Europe/Berlin	159218
Paris 17 Batignolles-Monceau	Paris 17 Batignolles-Monceau	FR	Europe/Paris	159212
Matsusaka	Matsusaka	JP	Asia/Tokyo	159145
Catamarca	Catamarca	AR	America/Argentina/Catamarca	159139
Tochigi	Tochigi	JP	Asia/Tokyo	159056
Khoroshëvo-Mnevniki	Khoroshevo-Mnevniki	RU	Europe/Moscow	159000
Bibirevo	Bibirevo	RU	Europe/Moscow	159000
Bordj Bou Arreridj	Bordj Bou Arreridj	DZ	Africa/Algiers	158812
Dīla	Dila	ET	Africa/Addis_Ababa	158800
Jaigaon	Jaigaon	IN	Asia/Kolkata	158664
Atibaia	Atibaia	BR	America/Sao_Paulo	158647
Batāla	Batala	IN	Asia/Kolkata	158621
Grenoble	Grenoble	FR	Europe/Paris	158552
Sāmarrā’	Samarra'	IQ	Asia/Baghdad	158508
Tempe Junction	Tempe Junction	US	America/Phoenix	158368
Palmdale	Palmdale	US	America/Los_Angeles	158351
George Town	George Town	MY	Asia/Kuala_Lumpur	158336
El Achir	El Achir	DZ	Africa/Algiers	158333
Hayward	Hayward	US	America/Los_Angeles	158289
Orai	Orai	IN	Asia/Kolkata	158265
Thốt Nốt	Thot Not	VN	Asia/Ho_Chi_Minh	158225
Gweru	Gweru	ZW	Africa/Harare	158200
Abaetetuba	Abaetetuba	BR	America/Belem	158188
Centro Habana	Centro Habana	CU	America/Havana	158151
Panguíla	Panguila	AO	Africa/Luanda	158068
Bukit Batok New Town	Bukit Batok New Town	SG	Asia/Singapore	158030
Chom Thong	Chom Thong	TH	Asia/Bangkok	158005
Gol’yanovo	Gol'yanovo	RU	Europe/Moscow	158000
Sunggal	Sunggal	ID	Asia/Jakarta	157914
Admiralteisky	Admiralteisky	RU	Europe/Moscow	157897
Diourbel	Diourbel	SN	Africa/Dakar	157554
Ueda	Ueda	JP	Asia/Tokyo	157480
Aberdeen	Aberdeen	HK	Asia/Hong_Kong	157400
Avtozavodskyi	Avtozavodskyi	UA	Europe/Kyiv	157382
Salinas	Salinas	US	America/Los_Angeles	157380
San Blas-Canillejas	San Blas-Canillejas	ES	Europe/Madrid	157367
Cuautla	Cuautla	MX	America/Mexico_City	157336
Salzburg	Salzburg	AT	Europe/Vienna	157245
Perbaungan	Perbaungan	ID	Asia/Jakarta	157174
Nong Chok	Nong Chok	TH	Asia/Bangkok	157138
Ussuriysk	Ussuriysk	RU	Asia/Vladivostok	157068
Arif Wala	Arif Wala	PK	Asia/Karachi	157063
Nanpiao	Nanpiao	CN	Asia/Shanghai	157044
Livorno	Livorno	IT	Europe/Rome	157017
Río Cuarto	Rio Cuarto	AR	America/Argentina/Cordoba	157010
Harar	Harar	ET	Africa/Addis_Ababa	157000
Tiraspol	Tiraspol	MD	Europe/Chisinau	157000
Enfield Town	Enfield Town	GB	Europe/London	156858
Westonaria	Westonaria	ZA	Africa/Johannesburg	156831
Lizhi	Lizhi	CN	Asia/Shanghai	156753
Hitachi-Naka	Hitachi-Naka	JP	Asia/Tokyo	156581
Saharsa	Saharsa	IN	Asia/Kolkata	156540
Qalyub	Qalyub	EG	Africa/Cairo	156363
Escuintla	Escuintla	GT	America/Guatemala	156313
Marbella	Marbella	ES	Europe/Madrid	156295
Ereğli	Eregli	TR	Europe/Istanbul	156253
Batu Pahat	Batu Pahat	MY	Asia/Kuala_Lumpur	156236
Sitiawan	Sitiawan	MY	Asia/Kuala_Lumpur	156234
Mariveles	Mariveles	PH	Asia/Manila	156200
San Pablo de las Salinas	San Pablo de las Salinas	MX	America/Mexico_City	156191
Lampang	Lampang	TH	Asia/Bangkok	156139
York	York	GB	Europe/London	156135
Bạc Liêu	Bac Lieu	VN	Asia/Ho_Chi_Minh	156110
Juja	Juja	KE	Africa/Nairobi	156041
Nek’emtē	Nek'emte	ET	Africa/Addis_Ababa	156000
Fès al Bali	Fes al Bali	MA	Africa/Casablanca	156000
Örebro	OErebro	SE	Europe/Stockholm	155989
Al Miqdādīyah	Al Miqdadiyah	IQ	Asia/Baghdad	155968
Katsuta	Katsuta	JP	Asia/Tokyo	155968
Malabo	Malabo	GQ	Africa/Malabo	155963
Vidisha	Vidisha	IN	Asia/Kolkata	155951
Tuy Hòa	Tuy Hoa	VN	Asia/Ho_Chi_Minh	155921
Yizhou	Yizhou	CN	Asia/Shanghai	155872
Xinqiao	Xinqiao	CN	Asia/Shanghai	155856
Sunnyvale	Sunnyvale	US	America/Los_Angeles	155805
Tema	Tema	GH	Africa/Accra	155782
Yichun	Yichun	CN	Asia/Shanghai	155762
Đức Phổ	GJuc Pho	VN	Asia/Ho_Chi_Minh	155743
San Martin Texmelucan de Labastida	San Martin Texmelucan de Labastida	MX	America/Mexico_City	155738
Ar Ramthā	Ar Ramtha	JO	Asia/Amman	155693
Hanumāngarh	Hanumangarh	IN	Asia/Kolkata	155687
São Mateus	Sao Mateus	BR	America/Sao_Paulo	155682
Zemun	Zemun	RS	Europe/Belgrade	155591
Telford	Telford	GB	Europe/London	155570
Kisi	Kisi	NG	Africa/Lagos	155510
Nilópolis	Nilopolis	BR	America/Sao_Paulo	155500
Villa Canales	Villa Canales	GT	America/Guatemala	155423
Guyong	Guyong	PH	Asia/Manila	155391
Settat	Settat	MA	Africa/Casablanca	155333
Brusque	Brusque	BR	America/Sao_Paulo	155307
Paço do Lumiar	Paco do Lumiar	BR	America/Fortaleza	155307
Jampur	Jampur	PK	Asia/Karachi	155243
Port Louis	Port Louis	MU	Indian/Mauritius	155226
Kawanishi	Kawanishi	JP	Asia/Tokyo	155165
Thānesar	Thanesar	IN	Asia/Kolkata	155152
Al Ḩawāmidīyah	Al Hawamidiyah	EG	Africa/Cairo	155055
Hassan	Hassan	IN	Asia/Kolkata	155006
Lianghu	Lianghu	CN	Asia/Shanghai	155000
Tetuán de las Victorias	Tetuan de las Victorias	ES	Europe/Madrid	155000
Kishangarh	Kishangarh	IN	Asia/Kolkata	154886
Birendranagar	Birendranagar	NP	Asia/Kathmandu	154886
Dalūpura	Dalupura	IN	Asia/Kolkata	154791
Guangshui	Guangshui	CN	Asia/Shanghai	154771
Saint-Denis	Saint-Denis	RE	Indian/Reunion	154765
Brăila	Braila	RO	Europe/Bucharest	154686
Lyubertsy	Lyubertsy	RU	Europe/Moscow	154650
Bumba	Bumba	CD	Africa/Kinshasa	154586
Rudrapur	Rudrapur	IN	Asia/Kolkata	154554
La Serena	La Serena	CL	America/Santiago	154521
Miskolc	Miskolc	HU	Europe/Budapest	154521
Abū Kabīr	Abu Kabir	EG	Africa/Cairo	154466
Fu’an	Fu'an	CN	Asia/Shanghai	154439
Kitengela	Kitengela	KE	Africa/Nairobi	154436
Frisco	Frisco	US	America/Chicago	154407
Zhaodong	Zhaodong	CN	Asia/Shanghai	154406
Wujiaqu	Wujiaqu	CN	Asia/Urumqi	154400
Shomolu	Shomolu	NG	Africa/Lagos	154390
Janzūr	Janzur	LY	Africa/Tripoli	154389
Xai-Xai	Xai-Xai	MZ	Africa/Maputo	154356
Springfield	Springfield	US	America/New_York	154341
Nalgonda	Nalgonda	IN	Asia/Kolkata	154326
Katabi	Katabi	UG	Africa/Kampala	154300
Gwangyang	Gwangyang	KR	Asia/Seoul	154266
Kovrov	Kovrov	RU	Europe/Moscow	154224
Viranşehir	Viransehir	TR	Europe/Istanbul	154163
Noda	Noda	JP	Asia/Tokyo	154114
San Cristóbal	San Cristobal	DO	America/Santo_Domingo	154040
East Chattanooga	East Chattanooga	US	America/New_York	154024
Limassol	Limassol	CY	Asia/Nicosia	154000
Kariya	Kariya	JP	Asia/Tokyo	153834
Pasadena	Pasadena	US	America/Chicago	153784
Mīt Ghamr	Mit Ghamr	EG	Africa/Cairo	153754
Sanshui	Sanshui	CN	Asia/Shanghai	153714
Jackson	Jackson	US	America/Chicago	153701
Parelheiros	Parelheiros	BR	America/Sao_Paulo	153695
Enschede	Enschede	NL	Europe/Amsterdam	153655
Boshan	Boshan	CN	Asia/Shanghai	153596
Hazāribāgh	Hazaribagh	IN	Asia/Kolkata	153595
Yangchun	Yangchun	CN	Asia/Shanghai	153547
Souk Ahras	Souk Ahras	DZ	Africa/Algiers	153479
Musanze	Musanze	RW	Africa/Kigali	153368
Medinīpur	Medinipur	IN	Asia/Kolkata	153349
Andong	Andong	KR	Asia/Seoul	153348
Bālurghāt	Balurghat	IN	Asia/Kolkata	153279
Pomona	Pomona	US	America/Los_Angeles	153266
Valle de La Pascua	Valle de La Pascua	VE	America/Caracas	153136
Kreuzberg	Kreuzberg	DE	Europe/Berlin	153135
Chincha Alta	Chincha Alta	PE	America/Lima	153076
Cairns	Cairns	AU	Australia/Brisbane	153075
Fyzābād	Fyzabad	IN	Asia/Kolkata	153047
Thị Trấn Thuận Châu	Thi Tran Thuan Chau	VN	Asia/Ho_Chi_Minh	153000
Dinapore	Dinapore	IN	Asia/Kolkata	152940
Dingzhou	Dingzhou	CN	Asia/Shanghai	152934
Kansas City	Kansas City	US	America/Chicago	152933
As Samawah	As Samawah	IQ	Asia/Baghdad	152890
Porbandar	Porbandar	IN	Asia/Kolkata	152760
Sinp’o	Sinp'o	KP	Asia/Pyongyang	152759
Pengpu	Pengpu	CN	Asia/Shanghai	152725
Wazirabad	Wazirabad	PK	Asia/Karachi	152624
Washington Heights	Washington Heights	US	America/New_York	152613
Lakewood	Lakewood	US	America/Denver	152597
Baqubah	Baqubah	IQ	Asia/Baghdad	152550
Sumayl	Sumayl	IQ	Asia/Baghdad	152512
Simele	Simele	IQ	Asia/Baghdad	152512
Neuss	Neuss	DE	Europe/Berlin	152457
Chenghua	Chenghua	CN	Asia/Shanghai	152453
Songnim-ni	Songnim-ni	KP	Asia/Pyongyang	152425
Bānda	Banda	IN	Asia/Kolkata	152218
Cần Giuộc	Can Giuoc	VN	Asia/Ho_Chi_Minh	152200
Balvanera	Balvanera	AR	America/Argentina/Buenos_Aires	152198
Longfeng	Longfeng	CN	Asia/Shanghai	152074
Beining	Beining	CN	Asia/Shanghai	152033
Strogino	Strogino	RU	Europe/Moscow	152000
Gonbad-e Kāvūs	Gonbad-e Kavus	IR	Asia/Tehran	151910
Etwatwa	Etwatwa	ZA	Africa/Johannesburg	151866
Higashimurayama	Higashimurayama	JP	Asia/Tokyo	151815
Garanhuns	Garanhuns	BR	America/Recife	151803
Hindupur	Hindupur	IN	Asia/Kolkata	151677
Stavanger	Stavanger	NO	Europe/Oslo	151669
Bintulu	Bintulu	MY	Asia/Kuching	151617
Poole	Poole	GB	Europe/London	151500
Akhmīm	Akhmim	EG	Africa/Cairo	151430
Kohat	Kohat	PK	Asia/Karachi	151427
Regensburg	Regensburg	DE	Europe/Berlin	151389
Layyah	Layyah	PK	Asia/Karachi	151274
Girga	Girga	EG	Africa/Cairo	151256
Koforidua	Koforidua	GH	Africa/Accra	151255
Bukit Merah Estate	Bukit Merah Estate	SG	Asia/Singapore	151250
Logroño	Logrono	ES	Europe/Madrid	151164
Beāwar	Beawar	IN	Asia/Kolkata	151152
Sykhiv	Sykhiv	UA	Europe/Kyiv	151131
Shujaabad	Shujaabad	PK	Asia/Karachi	151115
Escondido	Escondido	US	America/Los_Angeles	151038
Ṣuwayliḥ	Suwaylih	JO	Asia/Amman	151016
Erzincan	Erzincan	TR	Europe/Istanbul	150714
Kırşehir	Kirsehir	TR	Europe/Istanbul	150700
Zarichnyi	Zarichnyi	UA	Europe/Kyiv	150694
La Laguna	La Laguna	ES	Atlantic/Canary	150661
Kokshetau	Kokshetau	KZ	Asia/Almaty	150649
Eminabad	Eminabad	PK	Asia/Karachi	150646
Anantnag	Anantnag	IN	Asia/Kolkata	150592
Kukichūō	Kukichuo	JP	Asia/Tokyo	150582
Badajoz	Badajoz	ES	Europe/Madrid	150530
Serilingampalle	Serilingampalle	IN	Asia/Kolkata	150525
Malatia-Sebastia	Malatia-Sebastia	AM	Asia/Yerevan	150500
Talcahuano	Talcahuano	CL	America/Santiago	150499
Chillán	Chillan	CL	America/Santiago	150396
Jaranwala	Jaranwala	PK	Asia/Karachi	150380
Kỳ Anh	Ky Anh	VN	Asia/Bangkok	150226
Nong Khaem	Nong Khaem	TH	Asia/Bangkok	150218
Piedras Negras	Piedras Negras	MX	America/Matamoros	150178
Kızıltepe	Kiziltepe	TR	Europe/Istanbul	150174
Astoria	Astoria	US	America/New_York	150165
Musashino	Musashino	JP	Asia/Tokyo	150149
Paranaguá	Paranagua	BR	America/Sao_Paulo	150104
Balashikha	Balashikha	RU	Europe/Moscow	150103
Raigarh	Raigarh	IN	Asia/Kolkata	150019
Gloucester	Gloucester	CA	America/Toronto	150012
Vryheid	Vryheid	ZA	Africa/Johannesburg	150012
Malkajgiri	Malkajgiri	IN	Asia/Kolkata	150000
Gimcheon	Gimcheon	KR	Asia/Seoul	150000
Bercham	Bercham	MY	Asia/Kuala_Lumpur	150000
Setia Alam	Setia Alam	MY	Asia/Kuala_Lumpur	150000
Bandar Tasik Puteri	Bandar Tasik Puteri	MY	Asia/Kuala_Lumpur	150000
Tordher	Tordher	PK	Asia/Karachi	150000
Zhulebino	Zhulebino	RU	Europe/Moscow	150000
Dili	Dili	TL	Asia/Dili	150000
Shāntipur	Shantipur	IN	Asia/Kolkata	149983
Chishtian	Chishtian	PK	Asia/Karachi	149939
Playa del Carmen	Playa del Carmen	MX	America/Cancun	149923
Santa Rita	Santa Rita	BR	America/Fortaleza	149910
Split	Split	HR	Europe/Zagreb	149830
Ursynów	Ursynow	PL	Europe/Warsaw	149775
Hollywood	Hollywood	US	America/New_York	149728
Madrid Centro	Madrid Centro	ES	Europe/Madrid	149718
Iguatemi	Iguatemi	BR	America/Sao_Paulo	149700
Harunabad	Harunabad	PK	Asia/Karachi	149679
Shūnan	Shunan	JP	Asia/Tokyo	149632
Agadez	Agadez	NE	Africa/Niamey	149549
Burnley	Burnley	GB	Europe/London	149422
Reẖovot	Rehovot	IL	Asia/Jerusalem	149392
Watampone	Watampone	ID	Asia/Makassar	149336
Sabha	Sabha	LY	Africa/Tripoli	149329
Disūq	Disuq	EG	Africa/Cairo	149291
Cagliari	Cagliari	IT	Europe/Rome	149257
Borough Park	Borough Park	US	America/New_York	149248
Harrow	Harrow	GB	Europe/London	149246
Berrechid	Berrechid	MA	Africa/Casablanca	149201
Queimados	Queimados	BR	America/Sao_Paulo	149093
Tambacounda	Tambacounda	SN	Africa/Dakar	149071
Huddersfield	Huddersfield	GB	Europe/London	149017
Ārabī	Arabi	ET	Africa/Addis_Ababa	148933
Kerch	Kerch	UA	Europe/Simferopol	148932
Saguenay	Saguenay	CA	America/Toronto	148886
Prenzlauer Berg	Prenzlauer Berg Bezirk	DE	Europe/Berlin	148878
Fazenda Rio Grande	Fazenda Rio Grande	BR	America/Sao_Paulo	148873
Komaki	Komaki	JP	Asia/Tokyo	148872
Marvdasht	Marvdasht	IR	Asia/Tehran	148858
Melitopol	Melitopol	UA	Europe/Kyiv	148851
Dunhua	Dunhua	CN	Asia/Shanghai	148844
Bhuj	Bhuj	IN	Asia/Kolkata	148834
Arganzuela	Arganzuela	ES	Europe/Madrid	148797
Jyväskylä	Jyvaeskylae	FI	Europe/Helsinki	148744
Yonago	Yonago	JP	Asia/Tokyo	148720
Ruqi	Ruqi	SO	Africa/Mogadishu	148702
Rimini	Rimini	IT	Europe/Rome	148688
Coquitlam	Coquitlam	CA	America/Vancouver	148625
Aḍ-Ḍawāḥy	Ad-Dawahy	EG	Africa/Cairo	148624
Arar	Arar	SA	Asia/Riyadh	148540
Valencia	Valencia	US	America/Los_Angeles	148456
Moreno	Moreno	AR	America/Argentina/Buenos_Aires	148290
Tama	Tama	JP	Asia/Tokyo	148285
Rockford	Rockford	US	America/Chicago	148278
Kalaban Koro	Kalaban Koro	ML	Africa/Bamako	148247
El Limón	El Limon	VE	America/Caracas	148247
Nîmes	Nimes	FR	Europe/Paris	148236
Dundee	Dundee	GB	Europe/London	148210
Bārākpur	Barakpur	IN	Asia/Kolkata	148174
Sao Rafael	Sao Rafael	BR	America/Sao_Paulo	148145
Sujiatun	Sujiatun	CN	Asia/Shanghai	148113
Astanajapura	Astanajapura	ID	Asia/Jakarta	148047
Ciudad Delicias	Ciudad Delicias	MX	America/Chihuahua	148045
Siguiri	Siguiri	GN	Africa/Conakry	148018
Mbanza Kongo	Mbanza Kongo	AO	Africa/Luanda	148000
East Hampton	East Hampton	US	America/New_York	147993
Honggang	Honggang	CN	Asia/Shanghai	147977
Sarrià-Sant Gervasi	Sarria-Sant Gervasi	ES	Europe/Madrid	147912
Kiambu	Kiambu	KE	Africa/Nairobi	147870
Clermont-Ferrand	Clermont-Ferrand	FR	Europe/Paris	147865
Joliet	Joliet	US	America/Chicago	147861
Barrie	Barrie	CA	America/Toronto	147829
Bang Kapi	Bang Kapi	TH	Asia/Bangkok	147800
Savannah	Savannah	US	America/New_York	147780
Paterson	Paterson	US	America/New_York	147754
Salamanca	Salamanca	ES	Europe/Madrid	147707
Kolomna	Kolomna	RU	Europe/Moscow	147690
Hājīpur	Hajipur	IN	Asia/Kolkata	147688
Rafsanjān	Rafsanjan	IR	Asia/Tehran	147680
Hòa Thành	Hoa Thanh	VN	Asia/Ho_Chi_Minh	147666
Mestre	Mestre	IT	Europe/Rome	147662
As Sālimīyah	As Salimiyah	KW	Asia/Kuwait	147649
Bridgeport	Bridgeport	US	America/New_York	147629
Shevchenko	Shevchenko	UA	Europe/Kyiv	147600
Kuntsevo	Kuntsevo	RU	Europe/Moscow	147497
Kragujevac	Kragujevac	RS	Europe/Belgrade	147473
Aktau	Aktau	KZ	Asia/Aqtau	147443
Nusantara	Nusantara	ID	Asia/Makassar	147430
Balcón de la Lisa	Balcon de la Lisa	CU	America/Havana	147415
Sasarām	Sasaram	IN	Asia/Kolkata	147408
Bohuniya	Bohuniya	UA	Europe/Kyiv	147324
Iruma	Iruma	JP	Asia/Tokyo	147166
Renca	Renca	CL	America/Santiago	147151
Kramatorsk	Kramatorsk	UA	Europe/Kyiv	147145
Naperville	Naperville	US	America/Chicago	147100
Manama	Manama	BH	Asia/Bahrain	147074
Colima	Colima	MX	America/Mexico_City	146965
Bhimavaram	Bhimavaram	IN	Asia/Kolkata	146961
Lárisa	Larisa	GR	Europe/Athens	146926
Nakhodka	Nakhodka	RU	Asia/Vladivostok	146920
Debre Birhan	Debre Birhan	ET	Africa/Addis_Ababa	146900
Cacuaco	Cacuaco	AO	Africa/Luanda	146867
Aix-en-Provence	Aix-en-Provence	FR	Europe/Paris	146821
Cam Ranh	Cam Ranh	VN	Asia/Ho_Chi_Minh	146771
Jalalpur Jattan	Jalalpur Jattan	PK	Asia/Karachi	146743
Matanzas	Matanzas	CU	America/Havana	146733
Beed	Beed	IN	Asia/Kolkata	146709
Khasnahzān	Khasnahzan	IQ	Asia/Baghdad	146639
Taozhou	Taozhou	CN	Asia/Shanghai	146610
Saint-Quentin-en-Yvelines	Saint-Quentin-en-Yvelines	FR	Europe/Paris	146598
Bandar Bukit Raja	Bandar Bukit Raja	MY	Asia/Kuala_Lumpur	146534
Blackburn	Blackburn	GB	Europe/London	146521
Rosemont–La Petite-Patrie	Rosemont-La Petite-Patrie	CA	America/Toronto	146501
Colina	Colina	CL	America/Santiago	146207
Burāri	Burari	IN	Asia/Kolkata	146190
Ruda Śląska	Ruda Slaska	PL	Europe/Warsaw	146189
Nouadhibou	Nouadhibou	MR	Africa/Nouakchott	146048
Puerto Plata	Puerto Plata	DO	America/Santo_Domingo	146000
Urdaneta	Urdaneta	PH	Asia/Manila	145935
Chamberí	Chamberi	ES	Europe/Madrid	145934
Krishnanagar	Krishnanagar	IN	Asia/Kolkata	145926
Xinji	Xinji	CN	Asia/Shanghai	145911
Jutiapa	Jutiapa	GT	America/Guatemala	145880
Chitradurga	Chitradurga	IN	Asia/Kolkata	145853
Bueng Kum	Bueng Kum	TH	Asia/Bangkok	145830
Cambridge	Cambridge	GB	Europe/London	145674
Kampung Pasir Gudang Baru	Kampung Pasir Gudang Baru	MY	Asia/Kuala_Lumpur	145639
Kampung Sungai Glugur	Kampung Sungai Glugur	MY	Asia/Kuala_Lumpur	145600
Dibrugarh	Dibrugarh	IN	Asia/Kolkata	145488
Médéa	Medea	DZ	Africa/Algiers	145441
Taishan	Taishan	CN	Asia/Shanghai	145440
El Eulma	El Eulma	DZ	Africa/Algiers	145380
Pécs	Pecs	HU	Europe/Budapest	145347
Giá Rai	Gia Rai	VN	Asia/Ho_Chi_Minh	145340
Abohar	Abohar	IN	Asia/Kolkata	145302
Tiruvannamalai	Tiruvannamalai	IN	Asia/Kolkata	145278
Teixeira de Freitas	Teixeira de Freitas	BR	America/Bahia	145216
Gainesville	Gainesville	US	America/New_York	145214
Concordia	Concordia	AR	America/Argentina/Cordoba	145210
Botucatu	Botucatu	BR	America/Sao_Paulo	145155
Fujieda	Fujieda	JP	Asia/Tokyo	145032
Spanish Town	Spanish Town	JM	America/Jamaica	145018
Blackpool	Blackpool	GB	Europe/London	145007
Urganch	Urganch	UZ	Asia/Samarkand	145000
Bukoba	Bukoba	TZ	Africa/Dar_es_Salaam	144938
Kaithal	Kaithal	IN	Asia/Kolkata	144915
Ingombota	Ingombota	AO	Africa/Luanda	144911
Brest	Brest	FR	Europe/Paris	144899
Basildon	Basildon	GB	Europe/London	144859
Franco da Rocha	Franco da Rocha	BR	America/Sao_Paulo	144849
Salamanca	Salamanca	ES	Europe/Madrid	144825
Villeray–Saint-Michel–Parc-Extension	Villeray-Saint-Michel-Parc-Extension	CA	America/Toronto	144814
Mesquite	Mesquite	US	America/Chicago	144788
Ashikaga	Ashikaga	JP	Asia/Tokyo	144746
Huyện Lâm Hà	Huyen Lam Ha	VN	Asia/Ho_Chi_Minh	144707
Acheng	Acheng	CN	Asia/Shanghai	144665
Kelowna	Kelowna	CA	America/Vancouver	144576
Umarkot	Umarkot	PK	Asia/Karachi	144558
León	Leon	NI	America/Managua	144538
Kakamigahara	Kakamigahara	JP	Asia/Tokyo	144521
Le Mans	Le Mans	FR	Europe/Paris	144515
Lodhran	Lodhran	PK	Asia/Karachi	144512
Campo Largo	Campo Largo	BR	America/Sao_Paulo	144504
Trois-Rivières	Trois-Rivieres	CA	America/Toronto	144472
Hailin	Hailin	CN	Asia/Shanghai	144443
Tsuchiura	Tsuchiura	JP	Asia/Tokyo	144399
Elektrostal’	Elektrostal'	RU	Europe/Moscow	144387
Balasore	Balasore	IN	Asia/Kolkata	144373
Yong’an	Yong'an	CN	Asia/Shanghai	144314
Paris 11e Arrondissement	Paris 11e Arrondissement	FR	Europe/Paris	144292
Kampong Pasir Ris	Kampong Pasir Ris	SG	Asia/Singapore	144260
Huelva	Huelva	ES	Europe/Madrid	144258
Navoiy	Navoiy	UZ	Asia/Samarkand	144158
Syracuse	Syracuse	US	America/New_York	144142
Ashkelon	Ashkelon	IL	Asia/Jerusalem	144073
Pinetown	Pinetown	ZA	Africa/Johannesburg	144026
Teshi Old Town	Teshi Old Town	GH	Africa/Accra	144013
Biryulëvo	Biryulevo	RU	Europe/Moscow	144000
Orekhovo-Borisovo	Orekhovo-Borisovo	RU	Europe/Moscow	144000
Kusatsu	Kusatsu	JP	Asia/Tokyo	143913
Nanjin	Nanjin	CN	Asia/Shanghai	143766
Guelph	Guelph	CA	America/Toronto	143740
Qianjiang	Qianjiang	CN	Asia/Shanghai	143727
Ramna Maidan	Ramna Maidan	BD	Asia/Dhaka	143677
Godhra	Godhra	IN	Asia/Kolkata	143644
Khemisset	Khemisset	MA	Africa/Casablanca	143640
Çanakkale	Canakkale	TR	Europe/Istanbul	143622
Torrance	Torrance	US	America/Los_Angeles	143592
Três Lagoas	Tres Lagoas	BR	America/Campo_Grande	143523
San Jose	San Jose	PH	Asia/Manila	143495
Ladysmith	Ladysmith	ZA	Africa/Johannesburg	143446
Lévis	Levis	CA	America/Toronto	143414
Cachoeirinha	Cachoeirinha	BR	America/Sao_Paulo	143366
Heidelberg	Heidelberg	DE	Europe/Berlin	143345
Fresnillo	Fresnillo	MX	America/Mexico_City	143281
Touggourt	Touggourt	DZ	Africa/Algiers	143270
Shillong	Shillong	IN	Asia/Kolkata	143229
Surprise	Surprise	US	America/Phoenix	143148
Norwich	Norwich	GB	Europe/London	143135
Tịnh Biên	Tinh Bien	VN	Asia/Ho_Chi_Minh	143098
Moriguchi	Moriguchi	JP	Asia/Tokyo	143096
Amiens	Amiens	FR	Europe/Paris	143086
Cai Lậy	Cai Lay	VN	Asia/Ho_Chi_Minh	143050
Rewāri	Rewari	IN	Asia/Kolkata	143021
Basirhat City	Basirhat City	IN	Asia/Kolkata	143007
Novyye Kuz’minki	Novyye Kuz'minki	RU	Europe/Moscow	143000
Kuz’minki	Kuz'minki	RU	Europe/Moscow	143000
Aalborg	Aalborg	DK	Europe/Copenhagen	142937
La Trinidad	La Trinidad	PH	Asia/Manila	142925
Ghardaïa	Ghardaia	DZ	Africa/Algiers	142913
Timika	Timika	ID	Asia/Jayapura	142909
Pyatigorsk	Pyatigorsk	RU	Europe/Moscow	142865
Teófilo Otoni	Teofilo Otoni	BR	America/Sao_Paulo	142851
Mbanza-Ngungu	Mbanza-Ngungu	CD	Africa/Kinshasa	142773
Mercier–Hochelaga-Maisonneuve	Mercier-Hochelaga-Maisonneuve	CA	America/Toronto	142753
Okinawa	Okinawa	JP	Asia/Tokyo	142752
Middlesbrough	Middlesbrough	GB	Europe/London	142707
Shahrisabz	Shahrisabz	UZ	Asia/Samarkand	142700
Moro	Moro	PK	Asia/Karachi	142685
Ch’ŏngdan-ŭp	Ch'ongdan-up	KP	Asia/Pyongyang	142607
Sant Andreu	Sant Andreu	ES	Europe/Madrid	142598
Rybnik	Rybnik	PL	Europe/Warsaw	142510
Saïda	Saida	DZ	Africa/Algiers	142497
Metairie Terrace	Metairie Terrace	US	America/Chicago	142489
Tuzla	Tuzla	BA	Europe/Sarajevo	142486
Kovpakivskyi	Kovpakivskyi	UA	Europe/Kyiv	142447
eMbalenhle	eMbalenhle	ZA	Africa/Johannesburg	142443
Trindade	Trindade	BR	America/Sao_Paulo	142431
Khanpur	Khanpur	PK	Asia/Karachi	142426
Columbia	Columbia	US	America/New_York	142416
Nawābganj	Nawabganj	BD	Asia/Dhaka	142361
Inezgane	Inezgane	MA	Africa/Casablanca	142320
Puerto Cortez	Puerto Cortez	HN	America/Tegucigalpa	142311
Pasadena	Pasadena	US	America/Los_Angeles	142250
Toowoomba	Toowoomba	AU	Australia/Brisbane	142163
Paderborn	Paderborn	DE	Europe/Berlin	142161
Misato, Saitama	Misato, Saitama	JP	Asia/Tokyo	142145
Chhatarpur	Chhatarpur	IN	Asia/Kolkata	142128
Kimberley	Kimberley	ZA	Africa/Johannesburg	142089
Alto Hospicio	Alto Hospicio	CL	America/Santiago	142086
Ciego de Ávila	Ciego de Avila	CU	America/Havana	142027
Samālūţ	Samalut	EG	Africa/Cairo	142009
Chertanovo Yuzhnoye	Chertanovo Yuzhnoye	RU	Europe/Moscow	142000
Jieshou	Jieshou	CN	Asia/Shanghai	141993
Maykop	Maykop	RU	Europe/Moscow	141970
Attock City	Attock City	PK	Asia/Karachi	141945
Kisaran	Kisaran	ID	Asia/Jakarta	141915
Mojokerto	Mojokerto	ID	Asia/Jakarta	141785
Facatativá	Facatativa	CO	America/Bogota	141762
Masai	Masai	MY	Asia/Kuala_Lumpur	141730
Punto Fijo	Punto Fijo	VE	America/Caracas	141729
Myingyan	Myingyan	MM	Asia/Yangon	141713
Kamālshahr	Kamalshahr	IR	Asia/Tehran	141669
Mandsaur	Mandsaur	IN	Asia/Kolkata	141667
Zheleznodorozhnyy	Zheleznodorozhnyy	RU	Europe/Moscow	141648
Chas	Chas	IN	Asia/Kolkata	141640
Jahrom	Jahrom	IR	Asia/Tehran	141634
Tours	Tours	FR	Europe/Paris	141621
Pālanpur	Palanpur	IN	Asia/Kolkata	141592
Bondoukou	Bondoukou	CI	Africa/Abidjan	141568
Chichicastenango	Chichicastenango	GT	America/Guatemala	141567
Tarragona	Tarragona	ES	Europe/Madrid	141542
Cachoeirinha	Cachoeirinha	BR	America/Sao_Paulo	141503
Tobruk	Tobruk	LY	Africa/Tripoli	141499
Sinch’ŏn-ŭp	Sinch'on-up	KP	Asia/Pyongyang	141407
Abbotsford	Abbotsford	CA	America/Vancouver	141397
Circoiscrizione II	Circoiscrizione II	IT	Europe/Rome	141344
Bolton	Bolton	GB	Europe/London	141331
Yushu	Yushu	CN	Asia/Shanghai	141308
Piteşti	Pitesti	RO	Europe/Bucharest	141275
Fukayachō	Fukayacho	JP	Asia/Tokyo	141268
Potosí	Potosi	BO	America/La_Paz	141251
Usera	Usera	ES	Europe/Madrid	141189
Limoges	Limoges	FR	Europe/Paris	141176
Cangaiba	Cangaiba	BR	America/Sao_Paulo	141172
Salto	Salto	BR	America/Sao_Paulo	141111
Asaka	Asaka	JP	Asia/Tokyo	141083
Ghazni	Ghazni	AF	Asia/Kabul	141000
Orange	Orange	US	America/Los_Angeles	140992
Wola	Wola	PL	Europe/Warsaw	140958
Sanhe	Sanhe	CN	Asia/Shanghai	140954
Īlām	Ilam	IR	Asia/Tehran	140940
Gongzhuling	Gongzhuling	CN	Asia/Shanghai	140909
Shimotoda	Shimotoda	JP	Asia/Tokyo	140899
Comodoro Rivadavia	Comodoro Rivadavia	AR	America/Argentina/Catamarca	140850
Kampung Sungai Ara	Kampung Sungai Ara	MY	Asia/Kuala_Lumpur	140849
Fullerton	Fullerton	US	America/Los_Angeles	140847
Killeen	Killeen	US	America/Chicago	140806
Norilsk	Norilsk	RU	Asia/Krasnoyarsk	140800
Lleida	Lleida	ES	Europe/Madrid	140797
Coimbra	Coimbra	PT	Europe/Lisbon	140796
Mtwara	Mtwara	TZ	Africa/Dar_es_Salaam	140793
Manjhand	Manjhand	PK	Asia/Karachi	140766
Beni	Beni	CD	Africa/Lubumbashi	140731
Debre Mark’os	Debre Mark'os	ET	Africa/Addis_Ababa	140700
Norzagaray	Norzagaray	PH	Asia/Manila	140697
Qeładizê	Qeladize	IQ	Asia/Baghdad	140688
Vila Curuca	Vila Curuca	BR	America/Sao_Paulo	140673
Nigel	Nigel	ZA	Africa/Johannesburg	140644
Shengavit	Shengavit	AM	Asia/Yerevan	140600
Catacamas	Catacamas	HN	America/Tegucigalpa	140548
Buea	Buea	CM	Africa/Douala	140533
Shuizhai	Shuizhai	CN	Asia/Shanghai	140493
Al’met’yevsk	Al'met'yevsk	RU	Europe/Moscow	140437
Paris 12e Arrondissement	Paris 12e Arrondissement	FR	Europe/Paris	140311
McAllen	McAllen	US	America/Chicago	140269
Lakhīmpur	Lakhimpur	IN	Asia/Kolkata	140223
Ishinomaki	Ishinomaki	JP	Asia/Tokyo	140151
Mpumalanga	Mpumalanga	ZA	Africa/Johannesburg	140121
Mian Channun	Mian Channun	PK	Asia/Karachi	140112
Ji Paraná	Ji Parana	BR	America/Porto_Velho	140101
Zaanstad	Zaanstad	NL	Europe/Amsterdam	140085
Kabin Buri	Kabin Buri	TH	Asia/Bangkok	140056
Kuwana	Kuwana	JP	Asia/Tokyo	140051
Ayacucho	Ayacucho	PE	America/Lima	140033
Torbat-e Ḩeydarīyeh	Torbat-e Heydariyeh	IR	Asia/Tehran	140019
Shanhaiguan	Shanhaiguan	CN	Asia/Shanghai	140000
Chamartín	Chamartin	ES	Europe/Madrid	140000
Şaḩam	Saham	OM	Asia/Muscat	140000
Abéché	Abeche	TD	Africa/Ndjamena	139983
Peristéri	Peristeri	GR	Europe/Athens	139981
Amersfoort	Amersfoort	NL	Europe/Amsterdam	139914
Darwin	Darwin	AU	Australia/Darwin	139902
Jeongeup	Jeongeup	KR	Asia/Seoul	139876
Bellevue	Bellevue	US	America/Los_Angeles	139820
Korolev	Korolev	RU	Europe/Moscow	139798
Valsād	Valsad	IN	Asia/Kolkata	139764
Shinyanga	Shinyanga	TZ	Africa/Dar_es_Salaam	139727
Sollentuna	Sollentuna	SE	Europe/Stockholm	139606
Al Hindīyah	Al Hindiyah	IQ	Asia/Baghdad	139578
Yaizu	Yaizu	JP	Asia/Tokyo	139578
Payakumbuh	Payakumbuh	ID	Asia/Jakarta	139576
Damoh	Damoh	IN	Asia/Kolkata	139561
Āsela	Asela	ET	Africa/Addis_Ababa	139500
Haldwani	Haldwani	IN	Asia/Kolkata	139497
Irewe	Irewe	NG	Africa/Lagos	139494
Batang	Batang	ID	Asia/Jakarta	139492
Gbongan	Gbongan	NG	Africa/Lagos	139485
Gama	Gama	BR	America/Sao_Paulo	139467
Siem Reap	Siem Reap	KH	Asia/Phnom_Penh	139458
Anaco	Anaco	VE	America/Caracas	139397
Purwodadi	Purwodadi	ID	Asia/Jakarta	139387
Koga	Koga	JP	Asia/Tokyo	139344
Yuepu	Yuepu	CN	Asia/Shanghai	139328
Hābra	Habra	IN	Asia/Kolkata	139297
Sidoarjo	Sidoarjo	ID	Asia/Jakarta	139189
Kyivskyi	Kyivskyi	UA	Europe/Kyiv	139177
Şabāḩ as Sālim	Sabah as Salim	KW	Asia/Kuwait	139163
Balneário Camboriú	Balneario Camboriu	BR	America/Sao_Paulo	139155
Plaza de la Revolución	Plaza de la Revolucion	CU	America/Havana	139135
Lausanne	Lausanne	CH	Europe/Zurich	139111
Choloma	Choloma	HN	America/Tegucigalpa	139100
Barcarena	Barcarena	BR	America/Belem	139076
Kairouan	Kairouan	TN	Africa/Tunis	139070
Stockport	Stockport	GB	Europe/London	139052
Budapest XI. kerület	Budapest XI. keruelet	HU	Europe/Budapest	139049
Huadian	Huadian	CN	Asia/Shanghai	139047
Crato	Crato	BR	America/Fortaleza	139027
Kousséri	Kousseri	CM	Africa/Douala	139024
Weru	Weru	ID	Asia/Jakarta	139004
Al-'Ubūr	Al-'Ubur	EG	Africa/Cairo	138987
Kolpino	Kolpino	RU	Europe/Moscow	138979
Itapipoca	Itapipoca	BR	America/Fortaleza	138978
Conselheiro Lafaiete	Conselheiro Lafaiete	BR	America/Sao_Paulo	138946
Belgrano	Belgrano	AR	America/Argentina/Buenos_Aires	138942
Sarh	Sarh	TD	Africa/Ndjamena	138928
Gingoog	Gingoog	PH	Asia/Manila	138895
San Juan del Río	San Juan del Rio	MX	America/Mexico_City	138878
Sekondi-Takoradi	Sekondi-Takoradi	GH	Africa/Accra	138872
Liuzhi	Liuzhi	CN	Asia/Shanghai	138826
Altamira	Altamira	BR	America/Santarem	138749
Naga	Naga	PH	Asia/Manila	138727
Fuyu	Fuyu	CN	Asia/Shanghai	138704
Vespasiano	Vespasiano	BR	America/Sao_Paulo	138583
Whitby	Whitby	CA	America/Toronto	138501
Metairie	Metairie	US	America/Chicago	138481
Chaohu	Chaohu	CN	Asia/Shanghai	138463
Kolār	Kolar	IN	Asia/Kolkata	138462
Bizerte	Bizerte	TN	Africa/Tunis	138430
Táriba	Tariba	VE	America/Caracas	138402
Ejigbo	Ejigbo	NG	Africa/Lagos	138357
Santa Cruz do Sul	Santa Cruz do Sul	BR	America/Sao_Paulo	138270
Ksar El Kebir	Ksar El Kebir	MA	Africa/Casablanca	138262
Paris 11 Popincourt	Paris 11 Popincourt	FR	Europe/Paris	138170
Dabou	Dabou	CI	Africa/Abidjan	138083
Bukit Panjang New Town	Bukit Panjang New Town	SG	Asia/Singapore	138050
Sao Lucas	Sao Lucas	BR	America/Sao_Paulo	138038
Paris 12 Reuilly	Paris 12 Reuilly	FR	Europe/Paris	138024
Bertoua	Bertoua	CM	Africa/Douala	137993
Jacmel	Jacmel	HT	America/Port-au-Prince	137966
Srikakulam	Srikakulam	IN	Asia/Kolkata	137944
Candelaria	Candelaria	PH	Asia/Manila	137933
Araruama	Araruama	BR	America/Sao_Paulo	137906
Vĩnh Long	Vinh Long	VN	Asia/Ho_Chi_Minh	137870
Praia	Praia	CV	Atlantic/Cape_Verde	137868
Resende	Resende	BR	America/Sao_Paulo	137697
Liangping	Liangping	CN	Asia/Shanghai	137620
Kirdāsah	Kirdasah	EG	Africa/Cairo	137588
Ponce	Ponce	PR	America/Puerto_Rico	137491
Doilungdêqên	Doilungdeqen	CN	Asia/Shanghai	137451
Jieshi	Jieshi	CN	Asia/Shanghai	137444
Hejiang	Hejiang	CN	Asia/Shanghai	137437
Pasir Puteh	Pasir Puteh	MY	Asia/Kuala_Lumpur	137400
Mandya	Mandya	IN	Asia/Kolkata	137358
Xiayang	Xiayang	CN	Asia/Shanghai	137321
Nor Nork	Nor Nork	AM	Asia/Yerevan	137300
Dixinn	Dixinn	GN	Africa/Conakry	137287
Bhisho	Bhisho	ZA	Africa/Johannesburg	137287
Freguesia do Ó	Freguesia do O	BR	America/Sao_Paulo	137240
Subang	Subang	ID	Asia/Jakarta	137234
Madhurampur Dehri	Madhurampur Dehri	IN	Asia/Kolkata	137231
Negombo	Negombo	LK	Asia/Colombo	137223
Irákleion	Irakleion	GR	Europe/Athens	137154
Hampton	Hampton	US	America/New_York	137148
Wuyishan	Wuyishan	CN	Asia/Shanghai	137133
Miramar	Miramar	US	America/New_York	137132
Jiashan	Jiashan	CN	Asia/Shanghai	137112
Bilqās	Bilqas	EG	Africa/Cairo	137080
Rangkasbitung	Rangkasbitung	ID	Asia/Jakarta	137041
Odintsovo	Odintsovo	RU	Europe/Moscow	137041
Foggia	Foggia	IT	Europe/Rome	137032
Antsiranana	Antsiranana	MG	Indian/Antananarivo	136959
Kānchrāpāra	Kanchrapara	IN	Asia/Kolkata	136954
San Juan Sacatepéquez	San Juan Sacatepequez	GT	America/Guatemala	136886
Minoh	Minoh	JP	Asia/Tokyo	136868
Funtua	Funtua	NG	Africa/Lagos	136811
St. Catharines	St. Catharines	CA	America/Toronto	136803
Dawei	Dawei	MM	Asia/Yangon	136783
Igboho	Igboho	NG	Africa/Lagos	136764
Gunungsitoli	Gunungsitoli	ID	Asia/Jakarta	136707
Apeldoorn	Apeldoorn	NL	Europe/Amsterdam	136670
Cidade Lider	Cidade Lider	BR	America/Sao_Paulo	136660
Marīvān	Marivan	IR	Asia/Tehran	136654
Phủ Lý	Phu Ly	VN	Asia/Bangkok	136654
Divo	Divo	CI	Africa/Abidjan	136627
Huinong	Huinong	CN	Asia/Shanghai	136570
Ebina	Ebina	JP	Asia/Tokyo	136516
Larache	Larache	MA	Africa/Casablanca	136505
Varginha	Varginha	BR	America/Sao_Paulo	136467
Paris 14 Observatoire	Paris 14 Observatoire	FR	Europe/Paris	136455
Van Nuys	Van Nuys	US	America/Los_Angeles	136443
Būsh	Bush	EG	Africa/Cairo	136441
Mlolongo	Mlolongo	KE	Africa/Nairobi	136351
Guarapari	Guarapari	BR	America/Sao_Paulo	136311
Tương Mai	Tuong Mai	VN	Asia/Bangkok	136292
San José del Cabo	San Jose del Cabo	MX	America/Mazatlan	136285
West Valley City	West Valley City	US	America/Denver	136208
Kisarazu	Kisarazu	JP	Asia/Tokyo	136166
Gejiu	Gejiu	CN	Asia/Shanghai	136135
Bacău	Bacau	RO	Europe/Bucharest	136087
Saaba	Saaba	BF	Africa/Ouagadougou	136011
Mingaladon	Mingaladon	MM	Asia/Yangon	136000
Dimāpur	Dimapur	IN	Asia/Kolkata	135860
Sasolburg	Sasolburg	ZA	Africa/Johannesburg	135828
Cheras	Cheras	MY	Asia/Kuala_Lumpur	135823
Tasek Glugor	Tasek Glugor	MY	Asia/Kuala_Lumpur	135786
Osorno	Osorno	CL	America/Santiago	135773
Jiagedaqi	Jiagedaqi	CN	Asia/Shanghai	135760
Araras	Araras	BR	America/Sao_Paulo	135744
Tumxuk	Tumxuk	CN	Asia/Urumqi	135727
Kushtia	Kushtia	BD	Asia/Dhaka	135724
Pitalito	Pitalito	CO	America/Bogota	135711
Baliuag	Baliuag	PH	Asia/Manila	135679
Hoàn Kiếm	Hoan Kiem	VN	Asia/Bangkok	135618
Kajansi	Kajansi	UG	Africa/Kampala	135600
Isahaya	Isahaya	JP	Asia/Tokyo	135546
Dayton	Dayton	US	America/New_York	135512
Cẩm Phả Mines	Cam Pha Mines	VN	Asia/Ho_Chi_Minh	135477
Petapa	Petapa	GT	America/Guatemala	135447
Māler Kotla	Maler Kotla	IN	Asia/Kolkata	135424
Buguma	Buguma	NG	Africa/Lagos	135404
Itaituba	Itaituba	BR	America/Santarem	135369
Ahuntsic-Cartierville	Ahuntsic-Cartierville	CA	America/Toronto	135336
Shiqiao	Shiqiao	CN	Asia/Shanghai	135308
Pyay	Pyay	MM	Asia/Yangon	135308
Rabak	Rabak	SD	Africa/Khartoum	135281
Tây Ninh	Tay Ninh	VN	Asia/Ho_Chi_Minh	135254
Le Vieux-Longueuil	Le Vieux-Longueuil	CA	America/Toronto	135218
Tyre	Tyre	LB	Asia/Beirut	135204
Kutaisi	Kutaisi	GE	Asia/Tbilisi	135201
Andīmeshk	Andimeshk	IR	Asia/Tehran	135116
Siwān	Siwan	IN	Asia/Kolkata	135066
Madrid	Madrid	CO	America/Bogota	135000
Angono	Angono	PH	Asia/Manila	134975
Cartago	Cartago	CO	America/Bogota	134972
Shahreẕā	Shahreza	IR	Asia/Tehran	134952
Hinthada	Hinthada	MM	Asia/Yangon	134947
Apucarana	Apucarana	BR	America/Sao_Paulo	134910
Cap-Haïtien	Cap-Haitien	HT	America/Port-au-Prince	134815
Baturaja	Baturaja	ID	Asia/Jakarta	134759
Inazawa	Inazawa	JP	Asia/Tokyo	134751
Rodriguez	Rodriguez	PH	Asia/Manila	134432
Kalol	Kalol	IN	Asia/Kolkata	134426
Mīāndoāb	Miandoab	IR	Asia/Tehran	134425
São Mateus	Sao Mateus	BR	America/Sao_Paulo	134423
Laghouat	Laghouat	DZ	Africa/Algiers	134372
Nevinnomyssk	Nevinnomyssk	RU	Europe/Moscow	134345
San Mateo	San Mateo	PH	Asia/Manila	134327
Ţahţā	Tahta	EG	Africa/Cairo	134314
San Juan	San Juan	PH	Asia/Manila	134312
Sibiu	Sibiu	RO	Europe/Bucharest	134309
Olathe	Olathe	US	America/Chicago	134305
El Geneina Fort	El Geneina Fort	SD	Africa/Khartoum	134264
Ikirun	Ikirun	NG	Africa/Lagos	134240
Shenglilu	Shenglilu	CN	Asia/Shanghai	134218
San Nicolás de los Arroyos	San Nicolas de los Arroyos	AR	America/Argentina/Buenos_Aires	134217
Léogâne	Leogane	HT	America/Port-au-Prince	134190
Vila Jacui	Vila Jacui	BR	America/Sao_Paulo	134189
Adiwerna	Adiwerna	ID	Asia/Jakarta	134188
Cametá	Cameta	BR	America/Belem	134184
Al Qurnah	Al Qurnah	IQ	Asia/Baghdad	134174
Abakaliki	Abakaliki	NG	Africa/Lagos	134102
Vitória de Santo Antão	Vitoria de Santo Antao	BR	America/Recife	134084
Marianao	Marianao	CU	America/Havana	134057
Warren	Warren	US	America/Detroit	134056
Cizre	Cizre	TR	Europe/Istanbul	134041
Circoiscrizione VIII	Circoiscrizione VIII	IT	Europe/Rome	134028
Bānkura	Bankura	IN	Asia/Kolkata	133966
İnegol	Inegol	TR	Europe/Istanbul	133959
Ebetsu	Ebetsu	JP	Asia/Tokyo	133953
Anyama	Anyama	CI	Africa/Abidjan	133905
Jiawang	Jiawang	CN	Asia/Shanghai	133861
Singaraja	Singaraja	ID	Asia/Makassar	133784
Pātan	Patan	IN	Asia/Kolkata	133737
Würzburg	Wuerzburg	DE	Europe/Berlin	133731
Barysaw	Barysaw	BY	Europe/Minsk	133700
Đồng Hới	GJong Hoi	VN	Asia/Bangkok	133672
Randfontein	Randfontein	ZA	Africa/Johannesburg	133654
Pervouralsk	Pervouralsk	RU	Asia/Yekaterinburg	133600
Gondā City	Gonda City	IN	Asia/Kolkata	133583
Madīnat Ḩamad	Madinat Hamad	BH	Asia/Bahrain	133550
Ōme	Ome	JP	Asia/Tokyo	133535
Sinnūris	Sinnuris	EG	Africa/Cairo	133532
Votorantim	Votorantim	BR	America/Sao_Paulo	133510
Milagro	Milagro	EC	America/Guayaquil	133508
Jaú	Jau	BR	America/Sao_Paulo	133497
Thornton	Thornton	US	America/Denver	133451
Valdivia	Valdivia	CL	America/Santiago	133419
Olmaliq	Olmaliq	UZ	Asia/Tashkent	133400
Okrika	Okrika	NG	Africa/Lagos	133271
High Wycombe	High Wycombe	GB	Europe/London	133204
Carrollton	Carrollton	US	America/Chicago	133168
Talisay	Talisay	PH	Asia/Manila	133148
Gao	Gao	ML	Africa/Bamako	133110
Dhaulpur	Dhaulpur	IN	Asia/Kolkata	133075
Tarime	Tarime	TZ	Africa/Dar_es_Salaam	133043
Kentron	Kentron	AM	Asia/Yerevan	133000
Milton	Milton	CA	America/Toronto	132979
M'Sila	M'Sila	DZ	Africa/Algiers	132975
Narita	Narita	JP	Asia/Tokyo	132906
Franceville	Franceville	GA	Africa/Libreville	132895
Puqi	Puqi	CN	Asia/Shanghai	132891
Tondabayashichō	Tondabayashicho	JP	Asia/Tokyo	132873
Sandachō	Sandacho	JP	Asia/Tokyo	132858
Gondiā	Gondia	IN	Asia/Kolkata	132813
Dunedin	Dunedin	NZ	Pacific/Auckland	132800
Kislovodsk	Kislovodsk	RU	Europe/Moscow	132771
Kyauktan	Kyauktan	MM	Asia/Yangon	132765
Schaerbeek	Schaerbeek	BE	Europe/Brussels	132761
Hoofddorp	Hoofddorp	NL	Europe/Amsterdam	132734
Machiques	Machiques	VE	America/Caracas	132734
Palakkad	Palakkad	IN	Asia/Kolkata	132728
Silifke	Silifke	TR	Europe/Istanbul	132665
Charleston	Charleston	US	America/New_York	132609
Langley	Langley	CA	America/Vancouver	132603
Midland	Midland	US	America/Chicago	132524
Fujinomiya	Fujinomiya	JP	Asia/Tokyo	132507
Mingala Tangnyunt	Mingala Tangnyunt	MM	Asia/Yangon	132494
Innsbruck	Innsbruck	AT	Europe/Vienna	132493
Bragança	Braganca	BR	America/Belem	132489
Kingston	Kingston	CA	America/Toronto	132485
Wugang	Wugang	CN	Asia/Shanghai	132457
Gloucester	Gloucester	GB	Europe/London	132416
Waco	Waco	US	America/Chicago	132356
Cerro	Cerro	CU	America/Havana	132351
Zama	Zama	JP	Asia/Tokyo	132325
Manokwari	Manokwari	ID	Asia/Jayapura	132300
Valinhos	Valinhos	BR	America/Sao_Paulo	132258
Dimitrovgrad	Dimitrovgrad	RU	Europe/Ulyanovsk	132226
Zhalantun	Zhalantun	CN	Asia/Shanghai	132224
Bettiah	Bettiah	IN	Asia/Kolkata	132209
Maijdi	Maijdi	BD	Asia/Dhaka	132185
São Félix do Xingu	Sao Felix do Xingu	BR	America/Belem	132138
San Pedro Garza García	San Pedro Garza Garcia	MX	America/Monterrey	132128
Sapucaia do Sul	Sapucaia do Sul	BR	America/Sao_Paulo	132107
Kombolcha	Kombolcha	ET	Africa/Addis_Ababa	132100
Muricay	Muricay	PH	Asia/Manila	132094
Sterling Heights	Sterling Heights	US	America/Detroit	132052
Surat Thani	Surat Thani	TH	Asia/Bangkok	132040
Fürth	Fuerth	DE	Europe/Berlin	132036
Ferrara	Ferrara	IT	Europe/Rome	132009
Quận Đức Thịnh	Quan GJuc Thinh	VN	Asia/Ho_Chi_Minh	132000
Isidro Casanova	Isidro Casanova	AR	America/Argentina/Buenos_Aires	131981
Ōmuta	Omuta	JP	Asia/Tokyo	131974
Villa Mercedes	Villa Mercedes	CL	America/Santiago	131936
Fuji	Fuji	CN	Asia/Shanghai	131927
Palwal	Palwal	IN	Asia/Kolkata	131926
Bielany	Bielany	PL	Europe/Warsaw	131910
Dawukou	Dawukou	CN	Asia/Shanghai	131880
Bulaon	Bulaon	PH	Asia/Manila	131818
Garut	Garut	ID	Asia/Jakarta	131809
Ajdabiya	Ajdabiya	LY	Africa/Tripoli	131773
Abiko	Abiko	JP	Asia/Tokyo	131771
Kadoma	Kadoma	JP	Asia/Tokyo	131727
Majie	Majie	CN	Asia/Shanghai	131696
Bhakkar	Bhakkar	PK	Asia/Karachi	131658
Rio Pequeno	Rio Pequeno	BR	America/Sao_Paulo	131631
Kāshmar	Kashmar	IR	Asia/Tehran	131517
Jijel	Jijel	DZ	Africa/Algiers	131513
Martapura	Martapura	ID	Asia/Makassar	131449
Villeurbanne	Villeurbanne	FR	Europe/Paris	131445
Hải Châu	Hai Chau	VN	Asia/Ho_Chi_Minh	131427
Limbe	Limbe	CM	Africa/Douala	131381
Rānīganj	Raniganj	IN	Asia/Kolkata	131261
Hepo	Hepo	CN	Asia/Shanghai	131238
Iranshahr	Iranshahr	IR	Asia/Tehran	131232
Soubré	Soubre	CI	Africa/Abidjan	131181
Onomichi	Onomichi	JP	Asia/Tokyo	131170
Denton	Denton	US	America/Chicago	131044
Etah	Etah	IN	Asia/Kolkata	131023
Pīlibhīt	Pilibhit	IN	Asia/Kolkata	131008
Shangzhi	Shangzhi	CN	Asia/Shanghai	131006
Lashio	Lashio	MM	Asia/Yangon	131000
Novomoskovsk	Novomoskovsk	RU	Europe/Moscow	130982
Matsubara	Matsubara	JP	Asia/Tokyo	130855
Abengourou	Abengourou	CI	Africa/Abidjan	130810
Al Bāb	Al Bab	SY	Asia/Damascus	130745
Shuangcheng	Shuangcheng	CN	Asia/Shanghai	130710
Exeter	Exeter	GB	Europe/London	130709
Circoiscrizione III	Circoiscrizione III	IT	Europe/Rome	130709
Ho	Ho	GH	Africa/Accra	130701
Narowal	Narowal	PK	Asia/Karachi	130692
Lào Cai	Lao Cai	VN	Asia/Bangkok	130671
Al Ajaylat	Al Ajaylat	LY	Africa/Tripoli	130546
Udon Thani	Udon Thani	TH	Asia/Bangkok	130531
Baḥarkah	Baharkah	IQ	Asia/Baghdad	130518
Bayan Lepas	Bayan Lepas	MY	Asia/Kuala_Lumpur	130455
Petrogradka	Petrogradka	RU	Europe/Moscow	130455
Rajapalayam	Rajapalayam	IN	Asia/Kolkata	130442
Zipaquirá	Zipaquira	CO	America/Bogota	130432
Jīroft	Jiroft	IR	Asia/Tehran	130429
Cedar Rapids	Cedar Rapids	US	America/Chicago	130405
Dongyang	Dongyang	CN	Asia/Shanghai	130387
Nantou	Nantou	CN	Asia/Shanghai	130370
Botad	Botad	IN	Asia/Kolkata	130327
Nablus	Nablus	PS	Asia/Hebron	130326
New Haven	New Haven	US	America/New_York	130322
Arcahaie	Arcahaie	HT	America/Port-au-Prince	130306
Jiazi	Jiazi	CN	Asia/Shanghai	130298
Foumban	Foumban	CM	Africa/Douala	130287
Roseville	Roseville	US	America/Los_Angeles	130269
Quilpué	Quilpue	CL	America/Santiago	130263
Rawson	Rawson	AR	America/Argentina/San_Juan	130258
Kati	Kati	ML	Africa/Bamako	130254
Seri Kembangan	Seri Kembangan	MY	Asia/Kuala_Lumpur	130252
Kembangan	Kembangan	SG	Asia/Singapore	130252
Colchester	Colchester	GB	Europe/London	130245
Umeå	Umea	SE	Europe/Stockholm	130224
Din Daeng	Din Daeng	TH	Asia/Bangkok	130220
Chaman	Chaman	PK	Asia/Karachi	130139
Sennar	Sennar	SD	Africa/Khartoum	130122
Masaya	Masaya	NI	America/Managua	130113
Visalia	Visalia	US	America/Los_Angeles	130104
Nankana Sahib	Nankana Sahib	PK	Asia/Karachi	130041
Caála	Caala	AO	Africa/Luanda	130000
Sonārgaon	Sonargaon	BD	Asia/Dhaka	130000
Tottenham	Tottenham	GB	Europe/London	130000
Zugló	Zuglo	HU	Europe/Budapest	130000
Aley	Aley	LB	Asia/Beirut	130000
San Martin	San Martin	PE	America/Lima	130000
Tychy	Tychy	PL	Europe/Warsaw	130000
Ramenki	Ramenki	RU	Europe/Moscow	130000
Wuda	Wuda	CN	Asia/Shanghai	129922
Cambridge	Cambridge	CA	America/Toronto	129920
Mardin	Mardin	TR	Europe/Istanbul	129864
Pingxiang	Pingxiang	CN	Asia/Shanghai	129843
Zwolle	Zwolle	NL	Europe/Amsterdam	129840
Baidoa	Baidoa	SO	Africa/Mogadishu	129839
Sầm Sơn	Sam Son	VN	Asia/Ho_Chi_Minh	129801
Santo António	Santo Antonio	CN	Asia/Macau	129800
Salford	Salford	GB	Europe/London	129794
Mandi Bahauddin	Mandi Bahauddin	PK	Asia/Karachi	129733
Tokat	Tokat	TR	Europe/Istanbul	129702
Erebuni	Erebuni	AM	Asia/Yerevan	129700
Ô Môn	O Mon	VN	Asia/Ho_Chi_Minh	129683
Gapan	Gapan	PH	Asia/Manila	129610
Deoria	Deoria	IN	Asia/Kolkata	129570
Bayambang	Bayambang	PH	Asia/Manila	129506
Mianwali	Mianwali	PK	Asia/Karachi	129500
Coral Springs	Coral Springs	US	America/New_York	129485
Sherbrooke	Sherbrooke	CA	America/Toronto	129447
Al Bayḑā’	Al Bayda'	LY	Africa/Tripoli	129439
Jardim Helena	Jardim Helena	BR	America/Sao_Paulo	129409
Sabará	Sabara	BR	America/Sao_Paulo	129380
Acilia-Castel Fusano-Ostia Antica	Acilia-Castel Fusano-Ostia Antica	IT	Europe/Rome	129362
Charlottenburg	Charlottenburg	DE	Europe/Berlin	129359
Thousand Oaks	Thousand Oaks	US	America/Los_Angeles	129339
Columbia	Columbia	US	America/Chicago	129330
Colatina	Colatina	BR	America/Sao_Paulo	129301
Győr	Gyor	HU	Europe/Budapest	129301
Copiapó	Copiapo	CL	America/Santiago	129280
Kokubunji	Kokubunji	JP	Asia/Tokyo	129242
Quibdó	Quibdo	CO	America/Bogota	129237
Guelmim	Guelmim	MA	Africa/Casablanca	129200
Charallave	Charallave	VE	America/Caracas	129182
Shahr-e Kord	Shahr-e Kord	IR	Asia/Tehran	129153
Malambo	Malambo	CO	America/Bogota	129148
Tatuí	Tatui	BR	America/Sao_Paulo	129130
Iwakuni	Iwakuni	JP	Asia/Tokyo	129125
Leiyang	Leiyang	CN	Asia/Shanghai	129116
Białołeka	Bialoleka	PL	Europe/Warsaw	129106
Cadiz	Cadiz	PH	Asia/Manila	129053
Carnot	Carnot	CF	Africa/Bangui	129032
Bat Yam	Bat Yam	IL	Asia/Jerusalem	129012
Zacatecas	Zacatecas	MX	America/Mexico_City	129011
Elizabeth	Elizabeth	US	America/New_York	129007
Zyablikovo	Zyablikovo	RU	Europe/Moscow	129000
Daur	Daur	PK	Asia/Karachi	128958
Bingöl	Bingoel	TR	Europe/Istanbul	128935
Copacabana	Copacabana	BR	America/Sao_Paulo	128919
Sātkhira	Satkhira	BD	Asia/Dhaka	128918
Parung	Parung	ID	Asia/Jakarta	128905
Palo Negro	Palo Negro	VE	America/Caracas	128875
Stamford	Stamford	US	America/New_York	128874
Idlib	Idlib	SY	Asia/Damascus	128840
Moanda	Moanda	CD	Africa/Kinshasa	128804
Sīnah	Sinah	IQ	Asia/Baghdad	128776
Ōsaki	Osaki	JP	Asia/Tokyo	128763
Magelang	Magelang	ID	Asia/Jakarta	128709
Concord	Concord	US	America/Los_Angeles	128667
Leiria	Leiria	PT	Europe/Lisbon	128640
Puno	Puno	PE	America/Lima	128637
Kamyshin	Kamyshin	RU	Europe/Volgograd	128626
Shuanglonghu	Shuanglonghu	CN	Asia/Shanghai	128563
Nimach	Nimach	IN	Asia/Kolkata	128561
Kafr ad Dawwār	Kafr ad Dawwar	EG	Africa/Cairo	128539
Águas Claras	Aguas Claras	BR	America/Sao_Paulo	128486
Bosque Saúde	Bosque Saude	BR	America/Sao_Paulo	128469
Novocheboksarsk	Novocheboksarsk	RU	Europe/Moscow	128468
Besançon	Besancon	FR	Europe/Paris	128426
Lugazi	Lugazi	UG	Africa/Kampala	128400
Thành phố Sông Công	Thanh pho Song Cong	VN	Asia/Ho_Chi_Minh	128357
Rosario	Rosario	PH	Asia/Manila	128352
Khardah	Khardah	IN	Asia/Kolkata	128346
Sakakah	Sakakah	SA	Asia/Riyadh	128332
Khenifra	Khenifra	MA	Africa/Casablanca	128318
Al Manāqil	Al Manaqil	SD	Africa/Khartoum	128297
Rustavi	Rustavi	GE	Asia/Tbilisi	128249
Jose Bonifacio	Jose Bonifacio	BR	America/Sao_Paulo	128243
Manzanillo	Manzanillo	CU	America/Havana	128188
Yavatmāl	Yavatmal	IN	Asia/Kolkata	128175
Hālīsahar	Halisahar	IN	Asia/Kolkata	128172
Serpukhov	Serpukhov	RU	Europe/Moscow	128158
Rionegro	Rionegro	CO	America/Bogota	128153
Shache	Shache	CN	Asia/Urumqi	128145
Siheungdong	Siheungdong	KR	Asia/Seoul	128142
Khanna	Khanna	IN	Asia/Kolkata	128137
Koidu	Koidu	SL	Africa/Freetown	128030
Norman	Norman	US	America/Chicago	128026
Mosquera	Mosquera	CO	America/Bogota	128012
Orekhovo-Borisovo Severnoye	Orekhovo-Borisovo Severnoye	RU	Europe/Moscow	128000
Ivanovskoye	Ivanovskoye	RU	Europe/Moscow	128000
Bento Gonçalves	Bento Goncalves	BR	America/Sao_Paulo	127977
Buôn Hồ	Buon Ho	VN	Asia/Ho_Chi_Minh	127920
Chũ	Chu	VN	Asia/Bangkok	127881
Västerås	Vaesteras	SE	Europe/Stockholm	127799
Seto	Seto	JP	Asia/Tokyo	127792
Alhambra	Alhambra	US	America/Phoenix	127764
Titāgarh	Titagarh	IN	Asia/Kolkata	127751
Newcastle under Lyme	Newcastle under Lyme	GB	Europe/London	127727
Opole	Opole	PL	Europe/Warsaw	127676
Worcester	Worcester	ZA	Africa/Johannesburg	127597
Elbląg	Elblag	PL	Europe/Warsaw	127558
Gaojing	Gaojing	CN	Asia/Shanghai	127512
Sirajganj	Sirajganj	BD	Asia/Dhaka	127481
Jequié	Jequie	BR	America/Bahia	127475
Płock	Plock	PL	Europe/Warsaw	127474
Siguatepeque	Siguatepeque	HN	America/Tegucigalpa	127468
Wałbrzych	Walbrzych	PL	Europe/Warsaw	127431
Yevlakh	Yevlakh	AZ	Asia/Baku	127400
Mykilska Borshchahivka	Mykilska Borshchahivka	UA	Europe/Kyiv	127400
Al Manzalah	Al Manzalah	EG	Africa/Cairo	127394
Wau	Wau	SS	Africa/Juba	127384
Songnan	Songnan	CN	Asia/Shanghai	127347
Södermalm	Soedermalm	SE	Europe/Stockholm	127323
Athens	Athens	US	America/New_York	127315
Amaigbo	Amaigbo	NG	Africa/Lagos	127300
Vila Mariana	Vila Mariana	BR	America/Sao_Paulo	127286
Chiang Mai	Chiang Mai	TH	Asia/Bangkok	127240
Lafia	Lafia	NG	Africa/Lagos	127236
Jiangyou	Jiangyou	CN	Asia/Shanghai	127225
Cikampek	Cikampek	ID	Asia/Jakarta	127173
Mustafābād	Mustafabad	IN	Asia/Kolkata	127167
Tengyue	Tengyue	CN	Asia/Shanghai	127133
Shajing	Shajing	CN	Asia/Shanghai	127089
Jinfeng	Jinfeng	CN	Asia/Shanghai	127076
Sancti Spíritus	Sancti Spiritus	CU	America/Havana	127069
Mataró	Mataro	ES	Europe/Madrid	126988
Barretos	Barretos	BR	America/Sao_Paulo	126957
Kent	Kent	US	America/Los_Angeles	126952
Pakokku	Pakokku	MM	Asia/Yangon	126938
Murom	Murom	RU	Europe/Moscow	126931
Daska Kalan	Daska Kalan	PK	Asia/Karachi	126924
Sertãozinho	Sertaozinho	BR	America/Sao_Paulo	126887
Hāthras	Hathras	IN	Asia/Kolkata	126882
Pulong Santa Cruz	Pulong Santa Cruz	PH	Asia/Manila	126844
Klaten	Klaten	ID	Asia/Jakarta	126831
Khasavyurt	Khasavyurt	RU	Europe/Moscow	126829
Neftekamsk	Neftekamsk	RU	Asia/Yekaterinburg	126805
Villaverde	Villaverde	ES	Europe/Madrid	126802
Simi Valley	Simi Valley	US	America/Los_Angeles	126788
Bayawan	Bayawan	PH	Asia/Manila	126744
Shakargarh	Shakargarh	PK	Asia/Karachi	126742
Jorhat	Jorhat	IN	Asia/Kolkata	126736
Santa Cruz	Santa Cruz	PH	Asia/Manila	126735
La Victoria	La Victoria	VE	America/Caracas	126721
Pakpattan	Pakpattan	PK	Asia/Karachi	126706
Jingzhi	Jingzhi	CN	Asia/Shanghai	126703
Danshui	Danshui	CN	Asia/Shanghai	126701
Circoiscrizione V	Circoiscrizione V	IT	Europe/Rome	126666
Solihull	Solihull	GB	Europe/London	126577
East Los Angeles	East Los Angeles	US	America/Los_Angeles	126496
Lalitpur	Lalitpur	IN	Asia/Kolkata	126475
Jombang	Jombang	ID	Asia/Jakarta	126465
Maxixe	Maxixe	MZ	Africa/Maputo	126408
Nakhon Ratchasima	Nakhon Ratchasima	TH	Asia/Bangkok	126391
Chinandega	Chinandega	NI	America/Managua	126387
Al Jadīd	Al Jadid	LY	Africa/Tripoli	126386
Lambaré	Lambare	PY	America/Asuncion	126377
Macheng	Macheng	CN	Asia/Shanghai	126366
Iizuka	Iizuka	JP	Asia/Tokyo	126364
Hua Hin	Hua Hin	TH	Asia/Bangkok	126355
San Carlos del Zulia	San Carlos del Zulia	VE	America/Caracas	126353
Vilkhivskyi	Vilkhivskyi	UA	Europe/Kyiv	126340
Rafaḩ	Rafah	PS	Asia/Gaza	126305
Ampang	Ampang	MY	Asia/Kuala_Lumpur	126285
Guntakal	Guntakal	IN	Asia/Kolkata	126270
Ālā'ĕr	Ala'er	CN	Asia/Urumqi	126259
Santa Clara	Santa Clara	US	America/Los_Angeles	126215
Pithampur	Pithampur	IN	Asia/Kolkata	126200
Paseh	Paseh	ID	Asia/Jakarta	126181
Mothīhāri	Mothihari	IN	Asia/Kolkata	126158
Koganei	Koganei	JP	Asia/Tokyo	126074
Retiro	Retiro	ES	Europe/Madrid	126058
Nossa Senhora de Fátima	Nossa Senhora de Fatima	CN	Asia/Macau	126000
Sunset Park	Sunset Park	US	America/New_York	126000
Topeka	Topeka	US	America/Chicago	125963
Orléans	Orleans	CA	America/Toronto	125937
Paek'ak	Paek'ak	KP	Asia/Pyongyang	125924
Huicheng	Huicheng	CN	Asia/Shanghai	125919
Puerto Ayacucho	Puerto Ayacucho	VE	America/Caracas	125840
Gashua	Gashua	NG	Africa/Lagos	125817
Les Cayes	Les Cayes	HT	America/Port-au-Prince	125799
Salerno	Salerno	IT	Europe/Rome	125797
Savannakhet	Savannakhet	LA	Asia/Vientiane	125760
Munūf	Munuf	EG	Africa/Cairo	125707
Watford	Watford	GB	Europe/London	125707
Guará	Guara	BR	America/Sao_Paulo	125703
Giresun	Giresun	TR	Europe/Istanbul	125682
Xiazhen	Xiazhen	CN	Asia/Shanghai	125667
Chaeryŏng-ni	Chaeryong-ni	KP	Asia/Pyongyang	125631
Kastamonu	Kastamonu	TR	Europe/Istanbul	125622
Kanhangad	Kanhangad	IN	Asia/Kolkata	125564
‘Ajlūn	'Ajlun	JO	Asia/Amman	125557
Derince	Derince	TR	Europe/Istanbul	125485
Sukawati	Sukawati	ID	Asia/Makassar	125470
Jagdalpur	Jagdalpur	IN	Asia/Kolkata	125463
Kuopio	Kuopio	FI	Europe/Helsinki	125462
Bang Sue	Bang Sue	TH	Asia/Bangkok	125440
Mailsi	Mailsi	PK	Asia/Karachi	125431
Los Ángeles	Los Angeles	CL	America/Santiago	125430
Haimen	Haimen	CN	Asia/Shanghai	125427
Karabük	Karabuek	TR	Europe/Istanbul	125403
Ntuzuma	Ntuzuma	ZA	Africa/Johannesburg	125394
Tsuruoka	Tsuruoka	JP	Asia/Tokyo	125389
Saint Peters	Saint Peters	GB	Europe/London	125370
Barbacena	Barbacena	BR	America/Sao_Paulo	125317
Uruma	Uruma	JP	Asia/Tokyo	125303
Debre Tabor	Debre Tabor	ET	Africa/Addis_Ababa	125300
Sakiet ed Daier	Sakiet ed Daier	TN	Africa/Tunis	125204
Nzega	Nzega	TZ	Africa/Dar_es_Salaam	125193
Abilene	Abilene	US	America/Chicago	125182
Ban Samae Dam	Ban Samae Dam	TH	Asia/Bangkok	125133
Shahecheng	Shahecheng	CN	Asia/Shanghai	125132
Kumbo	Kumbo	CM	Africa/Douala	125124
Ottawa South	Ottawa South	CA	America/Toronto	125090
Willemstad	Willemstad	CW	America/Curacao	125000
Bălţi	Balti	MD	Europe/Chisinau	125000
Dokri	Dokri	PK	Asia/Karachi	125000
Tyoply Stan	Tyoply Stan	RU	Europe/Moscow	125000
Az Zulfī	Az Zulfi	SA	Asia/Riyadh	125000
Sultan Kudarat	Sultan Kudarat	PH	Asia/Manila	124965
Bet Shemesh	Bet Shemesh	IL	Asia/Jerusalem	124957
Jagādhri	Jagadhri	IN	Asia/Kolkata	124894
Huixquilucan	Huixquilucan	MX	America/Mexico_City	124846
Arapongas	Arapongas	BR	America/Sao_Paulo	124838
Semnan	Semnan	IR	Asia/Tehran	124826
León	Leon	ES	Europe/Madrid	124772
San Francisco de Macorís	San Francisco de Macoris	DO	America/Santo_Domingo	124763
Yushu	Yushu	CN	Asia/Shanghai	124736
Yuanlin	Yuanlin	TW	Asia/Taipei	124725
Santa Tecla	Santa Tecla	SV	America/El_Salvador	124694
Sorriso	Sorriso	BR	America/Cuiaba	124665
Ciudad Valles	Ciudad Valles	MX	America/Mexico_City	124644
Ouahigouya	Ouahigouya	BF	Africa/Ouagadougou	124587
Poblacion	Poblacion	PH	Asia/Manila	124554
Kashihara-shi	Kashihara-shi	JP	Asia/Tokyo	124521
Ashmūn	Ashmun	EG	Africa/Cairo	124483
Ağrı	Agri	TR	Europe/Istanbul	124483
Leeuwarden	Leeuwarden	NL	Europe/Amsterdam	124481
Bến Tre	Ben Tre	VN	Asia/Ho_Chi_Minh	124449
Monza	Monza	IT	Europe/Rome	124398
New Mirpur City	New Mirpur City	PK	Asia/Karachi	124352
Chía	Chia	CO	America/Bogota	124309
Olanchito	Olanchito	HN	America/Tegucigalpa	124286
Koreatown	Koreatown	US	America/Los_Angeles	124281
Targówek	Targowek	PL	Europe/Warsaw	124279
Lecheng	Lecheng	CN	Asia/Shanghai	124268
Nancun	Nancun	CN	Asia/Shanghai	124210
Marand	Marand	IR	Asia/Tehran	124191
As Sinbillāwayn	As Sinbillawayn	EG	Africa/Cairo	124020
Crawley	Crawley	GB	Europe/London	124008
Rudnyy	Rudnyy	KZ	Asia/Qostanay	124000
Magangué	Magangue	CO	America/Bogota	123982
Itaguaí	Itaguai	BR	America/Sao_Paulo	123980
Bemowo	Bemowo	PL	Europe/Warsaw	123932
Metz	Metz	FR	Europe/Paris	123914
Jiupu	Jiupu	CN	Asia/Shanghai	123843
Dārjiling	Darjiling	IN	Asia/Kolkata	123797
Baoshan	Baoshan	CN	Asia/Shanghai	123791
Salvaleón de Higüey	Salvaleon de Higueey	DO	America/Santo_Domingo	123787
Butanta	Butanta	BR	America/Sao_Paulo	123748
Thaton	Thaton	MM	Asia/Yangon	123727
Budapest III. kerület	Budapest III. keruelet	HU	Europe/Budapest	123723
Kurichchi	Kurichchi	IN	Asia/Kolkata	123667
Lumajang	Lumajang	ID	Asia/Jakarta	123626
Ise	Ise	JP	Asia/Tokyo	123533
Hagonoy	Hagonoy	PH	Asia/Manila	123531
Samandağ	Samandag	TR	Europe/Istanbul	123447
Caraguatatuba	Caraguatatuba	BR	America/Sao_Paulo	123389
Birigui	Birigui	BR	America/Sao_Paulo	123340
Pinsk	Pinsk	BY	Europe/Minsk	123283
Telde	Telde	ES	Atlantic/Canary	123265
Indramayu	Indramayu	ID	Asia/Jakarta	123263
Relizane	Relizane	DZ	Africa/Algiers	123255
Bordj el Kiffan	Bordj el Kiffan	DZ	Africa/Algiers	123246
Manas	Manas	KG	Asia/Bishkek	123239
Kirishima	Kirishima	JP	Asia/Tokyo	123205
Orizaba	Orizaba	MX	America/Mexico_City	123182
Luoyang	Luoyang	CN	Asia/Shanghai	123144
Toba Tek Singh	Toba Tek Singh	PK	Asia/Karachi	123102
Honmachi	Honmachi	JP	Asia/Tokyo	123067
Wolfsburg	Wolfsburg	DE	Europe/Berlin	123064
Umuarama	Umuarama	BR	America/Sao_Paulo	123059
Niihama	Niihama	JP	Asia/Tokyo	123059
Jiaohe	Jiaohe	CN	Asia/Shanghai	123018
Igarassu	Igarassu	BR	America/Recife	123017
Tsaritsyno	Tsaritsyno	RU	Europe/Moscow	123000
Dos Hermanas	Dos Hermanas	ES	Europe/Madrid	122943
Ajapnyak	Ajapnyak	AM	Asia/Yerevan	122800
Tabuk	Tabuk	PH	Asia/Manila	122771
Tabuk	Tabuk	PH	Asia/Manila	122771
Dam Dam	Dam Dam	IN	Asia/Kolkata	122719
Hoima	Hoima	UG	Africa/Kampala	122700
Az Zubayr	Az Zubayr	IQ	Asia/Baghdad	122676
Schöneberg	Schoeneberg	DE	Europe/Berlin	122658
Beppu	Beppu	JP	Asia/Tokyo	122643
Hardoī	Hardoi	IN	Asia/Kolkata	122635
Behbahān	Behbahan	IR	Asia/Tehran	122604
Itatiba	Itatiba	BR	America/Sao_Paulo	122581
Huangzhou	Huangzhou	CN	Asia/Shanghai	122563
Sheepshead Bay	Sheepshead Bay	US	America/New_York	122534
Puruliya	Puruliya	IN	Asia/Kolkata	122533
Ubon Ratchathani	Ubon Ratchathani	TH	Asia/Bangkok	122533
Virginia	Virginia	ZA	Africa/Johannesburg	122502
Brits	Brits	ZA	Africa/Johannesburg	122497
Recklinghausen	Recklinghausen	DE	Europe/Berlin	122438
Xiulin	Xiulin	CN	Asia/Shanghai	122411
Zhoucun	Zhoucun	CN	Asia/Shanghai	122402
Cherkessk	Cherkessk	RU	Europe/Moscow	122395
Haveli Lakha	Haveli Lakha	PK	Asia/Karachi	122389
Maastricht	Maastricht	NL	Europe/Amsterdam	122378
Amherst	Amherst	US	America/New_York	122366
Tekirdağ	Tekirdag	TR	Europe/Istanbul	122287
Shahr-e Ṣadrā	Shahr-e Sadra	IR	Asia/Tehran	122226
Victorville	Victorville	US	America/Los_Angeles	122225
Burton upon Trent	Burton upon Trent	GB	Europe/London	122199
Calumpit	Calumpit	PH	Asia/Manila	122187
Lat Phrao	Lat Phrao	TH	Asia/Bangkok	122182
Livoberezhnyi	Livoberezhnyi	UA	Europe/Kyiv	122175
Göttingen	Goettingen	DE	Europe/Berlin	122149
Titiwangsa	Titiwangsa	MY	Asia/Kuala_Lumpur	122096
Phasi Charoen	Phasi Charoen	TH	Asia/Bangkok	122070
Veshnyaki	Veshnyaki	RU	Europe/Moscow	122000
Presnenskiy	Presnenskiy	RU	Europe/Moscow	122000
Zābol	Zabol	IR	Asia/Tehran	121989
Kaya	Kaya	BF	Africa/Ouagadougou	121970
Xiangcheng	Xiangcheng	CN	Asia/Shanghai	121959
Dharmavaram	Dharmavaram	IN	Asia/Kolkata	121874
Gokalpur	Gokalpur	IN	Asia/Kolkata	121870
Ādīgrat	Adigrat	ET	Africa/Addis_Ababa	121800
Kotamobagu	Kotamobagu	ID	Asia/Makassar	121756
Carora	Carora	VE	America/Caracas	121741
Vallejo	Vallejo	US	America/Los_Angeles	121692
Bhadreswar	Bhadreswar	IN	Asia/Kolkata	121662
Dorūd	Dorud	IR	Asia/Tehran	121638
Bern	Bern	CH	Europe/Zurich	121631
San Pedro de la Paz	San Pedro de la Paz	CL	America/Santiago	121631
Nagaon	Nagaon	IN	Asia/Kolkata	121628
Lahti	Lahti	FI	Europe/Helsinki	121622
Vejalpur	Vejalpur	IN	Asia/Kolkata	121610
Longshui	Longshui	CN	Asia/Shanghai	121609
Siracusa	Siracusa	IT	Europe/Rome	121605
Mubende	Mubende	UG	Africa/Kampala	121600
Stara Zagora	Stara Zagora	BG	Europe/Sofia	121582
Ondjiva	Ondjiva	AO	Africa/Luanda	121537
Alberton	Alberton	ZA	Africa/Johannesburg	121536
Gràcia	Gracia	ES	Europe/Madrid	121502
Chikmagalūr	Chikmagalur	IN	Asia/Kolkata	121484
Ekibastuz	Ekibastuz	KZ	Asia/Almaty	121470
Algeciras	Algeciras	ES	Europe/Madrid	121414
Lafayette	Lafayette	US	America/Chicago	121374
Lianhe	Lianhe	CN	Asia/Shanghai	121367
Chico	Chico	US	America/Los_Angeles	121345
Bhadrak	Bhadrak	IN	Asia/Kolkata	121338
Bagé	Bage	BR	America/Sao_Paulo	121335
North Stamford	North Stamford	US	America/New_York	121230
Bergamo	Bergamo	IT	Europe/Rome	121200
Ruse	Ruse	BG	Europe/Sofia	121168
Sawai Madhopur	Sawai Madhopur	IN	Asia/Kolkata	121106
Chơn Thành	Chon Thanh	VN	Asia/Ho_Chi_Minh	121083
Ambikāpur	Ambikapur	IN	Asia/Kolkata	121071
Eunápolis	Eunapolis	BR	America/Bahia	121067
Apalit	Apalit	PH	Asia/Manila	121057
Hartford	Hartford	US	America/New_York	121054
Bukittinggi	Bukittinggi	ID	Asia/Jakarta	121028
Dolisie	Dolisie	CG	Africa/Brazzaville	121000
Zyuzino	Zyuzino	RU	Europe/Moscow	121000
Ejido	Ejido	VE	America/Caracas	120978
Berkeley	Berkeley	US	America/Los_Angeles	120972
Xilin Hot	Xilin Hot	CN	Asia/Shanghai	120965
Nova Lima	Nova Lima	BR	America/Sao_Paulo	120959
Plaridel	Plaridel	PH	Asia/Manila	120939
West Palm Beach	West Palm Beach	US	America/New_York	120932
Kashiwara	Kashiwara	JP	Asia/Tokyo	120922
Uruguaiana	Uruguaiana	BR	America/Sao_Paulo	120819
Ikoma	Ikoma	JP	Asia/Tokyo	120741
Heilbronn	Heilbronn	DE	Europe/Berlin	120733
El Mourouj	El Mourouj	TN	Africa/Tunis	120732
Ţūz Khūrmātū	Tuz Khurmatu	IQ	Asia/Baghdad	120712
Trento	Trento	IT	Europe/Rome	120709
Shahdad Kot	Shahdad Kot	PK	Asia/Karachi	120687
Catchiungo	Catchiungo	AO	Africa/Luanda	120677
Ingolstadt	Ingolstadt	DE	Europe/Berlin	120658
Toa Payoh New Town	Toa Payoh New Town	SG	Asia/Singapore	120650
Lichuan	Lichuan	CN	Asia/Shanghai	120587
Bukit Bintang	Bukit Bintang	MY	Asia/Kuala_Lumpur	120529
Fengcheng	Fengcheng	CN	Asia/Shanghai	120514
La Concepción	La Concepcion	VE	America/Caracas	120478
Ulm	Ulm	DE	Europe/Berlin	120451
Mandoli	Mandoli	IN	Asia/Kolkata	120417
San Carlos	San Carlos	VE	America/Caracas	120375
Włocławek	Wloclawek	PL	Europe/Warsaw	120339
Allentown	Allentown	US	America/New_York	120207
Satara	Satara	IN	Asia/Kolkata	120195
Bao'an Centre	Bao'an Centre	CN	Asia/Shanghai	120170
Charsadda	Charsadda	PK	Asia/Karachi	120170
Fernando de la Mora	Fernando de la Mora	PY	America/Asuncion	120167
Chūru	Churu	IN	Asia/Kolkata	120157
Perugia	Perugia	IT	Europe/Rome	120137
Gangāpur	Gangapur	IN	Asia/Kolkata	120115
Zhujing	Zhujing	CN	Asia/Shanghai	120084
Bồ Đề	Bo GJe	VN	Asia/Bangkok	120028
Guelma	Guelma	DZ	Africa/Algiers	120004
International City	International City	AE	Asia/Dubai	120000
Dubai Marina	Dubai Marina	AE	Asia/Dubai	120000
Zhaoyuan	Zhaoyuan	CN	Asia/Shanghai	120000
Nabatîyé et Tahta	Nabatiye et Tahta	LB	Asia/Beirut	120000
Rustaq	Rustaq	OM	Asia/Muscat	120000
Solntsevo	Solntsevo	RU	Europe/Moscow	120000
Orekhovo-Zuyevo	Orekhovo-Zuyevo	RU	Europe/Moscow	120000
Gereida	Gereida	SD	Africa/Khartoum	120000
Cabudwaaq	Cabudwaaq	SO	Africa/Addis_Ababa	120000
Cheremushky	Cheremushky	UA	Europe/Kyiv	120000
Madhyapur Thimi	Madhyapur Thimi	NP	Asia/Kathmandu	119955
Saint-Louis-de-Terrebonne	Saint-Louis-de-Terrebonne	CA	America/Toronto	119944
Evansville	Evansville	US	America/Chicago	119943
Bonon	Bonon	CI	Africa/Abidjan	119938
Bottrop	Bottrop	DE	Europe/Berlin	119909
Ghotki	Ghotki	PK	Asia/Karachi	119879
Kwekwe	Kwekwe	ZW	Africa/Harare	119863
Malindi	Malindi	KE	Africa/Nairobi	119859
Ban I Chang	Ban I Chang	TH	Asia/Bangkok	119858
Rize	Rize	TR	Europe/Istanbul	119828
Almirante Tamandaré	Almirante Tamandare	BR	America/Sao_Paulo	119825
Palm Bay	Palm Bay	US	America/New_York	119760
Ann	Ann	MM	Asia/Yangon	119714
Leiden	Leiden	NL	Europe/Amsterdam	119713
Thon Buri	Thon Buri	TH	Asia/Bangkok	119708
Ajax	Ajax	CA	America/Toronto	119677
Bergedorf	Bergedorf	DE	Europe/Berlin	119665
Sambrial	Sambrial	PK	Asia/Karachi	119571
Pescara	Pescara	IT	Europe/Rome	119554
Modakeke	Modakeke	NG	Africa/Lagos	119529
Nobeoka	Nobeoka	JP	Asia/Tokyo	119521
Silang	Silang	PH	Asia/Manila	119475
Amanfrom	Amanfrom	GH	Africa/Accra	119467
Marituba	Marituba	BR	America/Belem	119437
Paulo Afonso	Paulo Afonso	BR	America/Bahia	119418
Moḩammad Shahr	Mohammad Shahr	IR	Asia/Tehran	119418
Īz̄eh	Izeh	IR	Asia/Tehran	119399
Nazilli	Nazilli	TR	Europe/Istanbul	119370
Daitō	Daito	JP	Asia/Tokyo	119367
Hòa Cường	Hoa Cuong	VN	Asia/Ho_Chi_Minh	119363
Lira	Lira	UG	Africa/Kampala	119323
Pforzheim	Pforzheim	DE	Europe/Berlin	119313
Salihli	Salihli	TR	Europe/Istanbul	119311
Arabkir	Arabkir	AM	Asia/Yerevan	119300
Port Dickson	Port Dickson	MY	Asia/Kuala_Lumpur	119300
Berkane	Berkane	MA	Africa/Casablanca	119284
Catanduva	Catanduva	BR	America/Sao_Paulo	119275
Dordrecht	Dordrecht	NL	Europe/Amsterdam	119260
Battambang	Battambang	KH	Asia/Phnom_Penh	119251
Offenbach	Offenbach	DE	Europe/Berlin	119192
Kitami	Kitami	JP	Asia/Tokyo	119135
Vĩnh Yên	Vinh Yen	VN	Asia/Bangkok	119128
Madhavaram	Madhavaram	IN	Asia/Kolkata	119105
Cagua	Cagua	VE	America/Caracas	119033
Fujairah	Fujairah	AE	Asia/Dubai	118933
Mandimba	Mandimba	MZ	Africa/Maputo	118922
Reykjavík	Reykjavik	IS	Atlantic/Reykjavik	118918
Dohad	Dohad	IN	Asia/Kolkata	118846
Cheltenham	Cheltenham	GB	Europe/London	118836
Huaraz	Huaraz	PE	America/Lima	118836
Santa Coloma de Gramenet	Santa Coloma de Gramenet	ES	Europe/Madrid	118821
Santana	Santana	BR	America/Belem	118803
Araxá	Araxa	BR	America/Sao_Paulo	118786
Piraquara	Piraquara	BR	America/Sao_Paulo	118730
Barshi	Barshi	IN	Asia/Kolkata	118722
Lhasa	Lhasa	CN	Asia/Shanghai	118721
Bắc Quang	Bac Quang	VN	Asia/Ho_Chi_Minh	118690
Xunchang	Xunchang	CN	Asia/Shanghai	118664
Hưng Yên	Hung Yen	VN	Asia/Bangkok	118646
Miramar	Miramar	MX	America/Monterrey	118614
Bremerhaven	Bremerhaven	DE	Europe/Berlin	118610
Queenstown	Queenstown	ZA	Africa/Johannesburg	118599
Nanbin	Nanbin	CN	Asia/Shanghai	118597
Bandar-e Anzalī	Bandar-e Anzali	IR	Asia/Tehran	118564
Khlong Luang	Khlong Luang	TH	Asia/Bangkok	118551
Ādilābād	Adilabad	IN	Asia/Kolkata	118526
Fargo	Fargo	US	America/Chicago	118523
Brugge	Brugge	BE	Europe/Brussels	118509
Jhunjhunūn	Jhunjhunun	IN	Asia/Kolkata	118473
Iguala de la Independencia	Iguala de la Independencia	MX	America/Mexico_City	118468
Sarandi	Sarandi	BR	America/Sao_Paulo	118455
Zomba	Zomba	MW	Africa/Blantyre	118440
Sepatan	Sepatan	ID	Asia/Jakarta	118439
Malita	Malita	PH	Asia/Manila	118438
Zielona Góra	Zielona Gora	PL	Europe/Warsaw	118433
Luodian	Luodian	CN	Asia/Shanghai	118323
Jetpur	Jetpur	IN	Asia/Kolkata	118302
Tsentralno-Miskyi	Tsentralno-Miskyi	UA	Europe/Kyiv	118283
Uppal Kalan	Uppal Kalan	IN	Asia/Kolkata	118259
São Lourenço da Mata	Sao Lourenco da Mata	BR	America/Recife	118258
Maghāghah	Maghaghah	EG	Africa/Cairo	118223
Pita Kotte	Pita Kotte	LK	Asia/Colombo	118179
Guiguinto	Guiguinto	PH	Asia/Manila	118173
Gudivāda	Gudivada	IN	Asia/Kolkata	118167
Setúbal	Setubal	PT	Europe/Lisbon	118166
Torrejón de Ardoz	Torrejon de Ardoz	ES	Europe/Madrid	118162
Aizu-Wakamatsu	Aizu-Wakamatsu	JP	Asia/Tokyo	118159
Bama	Bama	NG	Africa/Lagos	118121
Ilobu	Ilobu	NG	Africa/Lagos	118089
Manolo Fortich	Manolo Fortich	PH	Asia/Manila	118075
Itabira	Itabira	BR	America/Sao_Paulo	118053
Kiến An	Kien An	VN	Asia/Bangkok	118047
Jandira	Jandira	BR	America/Sao_Paulo	118045
Guaratinguetá	Guaratingueta	BR	America/Sao_Paulo	118044
San Rafael	San Rafael	AR	America/Argentina/Mendoza	118009
Shaoshan	Shaoshan	CN	Asia/Shanghai	118000
Troparëvo	Troparevo	RU	Europe/Moscow	118000
Nghi Xuân	Nghi Xuan	VN	Asia/Bangkok	118000
Bārān	Baran	IN	Asia/Kolkata	117992
Narmadapuram	Narmadapuram	IN	Asia/Kolkata	117988
Amreli	Amreli	IN	Asia/Kolkata	117967
Nakhon Pathom	Nakhon Pathom	TH	Asia/Bangkok	117927
Manfalūţ	Manfalut	EG	Africa/Cairo	117925
Kakegawa	Kakegawa	JP	Asia/Tokyo	117925
Handa	Handa	JP	Asia/Tokyo	117884
Wushan	Wushan	CN	Asia/Shanghai	117873
Friedrichshain	Friedrichshain Bezirk	DE	Europe/Berlin	117829
Abomey	Abomey	BJ	Africa/Porto-Novo	117824
Sokodé	Sokode	TG	Africa/Lome	117811
Araguari	Araguari	BR	America/Sao_Paulo	117808
Tarnów	Tarnow	PL	Europe/Warsaw	117799
Bangkok Noi	Bangkok Noi	TH	Asia/Bangkok	117793
Jalingo	Jalingo	NG	Africa/Lagos	117757
Raposo Tavares	Raposo Tavares	BR	America/Sao_Paulo	117738
Saanich	Saanich	CA	America/Vancouver	117735
Ibanda	Ibanda	UG	Africa/Kampala	117700
Bairro da Penha	Bairro da Penha	BR	America/Sao_Paulo	117691
Nyíregyháza	Nyiregyhaza	HU	Europe/Budapest	117689
Sano	Sano	JP	Asia/Tokyo	117669
Karatsu	Karatsu	JP	Asia/Tokyo	117663
Achinsk	Achinsk	RU	Asia/Krasnoyarsk	117634
Pudukkottai	Pudukkottai	IN	Asia/Kolkata	117630
Shunyi	Shunyi	CN	Asia/Shanghai	117623
Rotherham	Rotherham	GB	Europe/London	117618
Ciudad de Villa de Álvarez	Ciudad de Villa de Alvarez	MX	America/Mexico_City	117600
Rouiba	Rouiba	DZ	Africa/Algiers	117558
Banyuwangi	Banyuwangi	ID	Asia/Jakarta	117558
Tebingtinggi	Tebingtinggi	ID	Asia/Jakarta	117530
Tigwav	Tigwav	HT	America/Port-au-Prince	117504
Narasaraopet	Narasaraopet	IN	Asia/Kolkata	117489
Lisala	Lisala	CD	Africa/Kinshasa	117464
Badin	Badin	PK	Asia/Karachi	117455
Banfora	Banfora	BF	Africa/Ouagadougou	117452
Punta Arenas	Punta Arenas	CL	America/Punta_Arenas	117430
Kadoma	Kadoma	ZW	Africa/Harare	117381
Midsayap	Midsayap	PH	Asia/Manila	117365
Camboriú	Camboriu	BR	America/Sao_Paulo	117324
Pyin Oo Lwin	Pyin Oo Lwin	MM	Asia/Yangon	117303
Clearwater	Clearwater	US	America/New_York	117292
Himamaylan	Himamaylan	PH	Asia/Manila	117286
Independence	Independence	US	America/Chicago	117255
Heroica Guaymas	Heroica Guaymas	MX	America/Hermosillo	117253
Kedungwuni	Kedungwuni	ID	Asia/Jakarta	117249
Ilebo	Ilebo	CD	Africa/Lubumbashi	117245
Kristiansand	Kristiansand	NO	Europe/Oslo	117237
Longjing	Longjing	CN	Asia/Shanghai	117185
Kroonstad	Kroonstad	ZA	Africa/Johannesburg	117152
Remscheid	Remscheid	DE	Europe/Berlin	117118
Billings	Billings	US	America/Denver	117116
Möng Yang	Moeng Yang	MM	Asia/Yangon	117108
Čačak	Cacak	RS	Europe/Belgrade	117072
Ann Arbor	Ann Arbor	US	America/Detroit	117070
Los Baños	Los Banos	PH	Asia/Manila	117030
Duekoué	Duekoue	CI	Africa/Abidjan	117023
Higashikurume	Higashikurume	JP	Asia/Tokyo	117020
Rishra	Rishra	IN	Asia/Kolkata	117014
Pinhais	Pinhais	BR	America/Sao_Paulo	117000
Kyzyl	Kyzyl	RU	Asia/Krasnoyarsk	116983
Cadiz	Cadiz	ES	Europe/Madrid	116979
Dąbrowa Górnicza	Dabrowa Gornicza	PL	Europe/Warsaw	116971
Passos	Passos	BR	America/Sao_Paulo	116951
Fāqūs	Faqus	EG	Africa/Cairo	116945
Tacurong	Tacurong	PH	Asia/Manila	116945
Hōfu	Hofu	JP	Asia/Tokyo	116925
Gabela	Gabela	AO	Africa/Luanda	116903
Serangoon	Serangoon	SG	Asia/Singapore	116900
Serangoon New Town	Serangoon New Town	SG	Asia/Singapore	116900
Funza	Funza	CO	America/Bogota	116890
Merauke	Merauke	ID	Asia/Jayapura	116864
Baripāda	Baripada	IN	Asia/Kolkata	116849
Kōnosu	Konosu	JP	Asia/Tokyo	116828
Soreang	Soreang	ID	Asia/Jakarta	116780
Smolyanskyi	Smolyanskyi	UA	Europe/Kyiv	116779
Dinaig	Dinaig	PH	Asia/Manila	116768
Manp’o	Manp'o	KP	Asia/Pyongyang	116760
Muktsar	Muktsar	IN	Asia/Kolkata	116747
El Monte	El Monte	US	America/Los_Angeles	116732
Tubarão	Tubarao	BR	America/Sao_Paulo	116725
Forlì	Forli	IT	Europe/Rome	116696
Azamgarh	Azamgarh	IN	Asia/Kolkata	116644
Santa Maria	Santa Maria	BR	America/Sao_Paulo	116622
Masaka	Masaka	UG	Africa/Kampala	116600
Cờ Đỏ	Co GJo	VN	Asia/Ho_Chi_Minh	116576
Taldykorgan	Taldykorgan	KZ	Asia/Almaty	116558
Moncloa-Aravaca	Moncloa-Aravaca	ES	Europe/Madrid	116531
Gulin	Gulin	CN	Asia/Shanghai	116527
Al Majaz	Al Majaz	AE	Asia/Dubai	116503
Thung Khru	Thung Khru	TH	Asia/Bangkok	116473
Barnāla	Barnala	IN	Asia/Kolkata	116449
Yelahanka	Yelahanka	IN	Asia/Kolkata	116447
Pattaya	Pattaya	TH	Asia/Bangkok	116417
Chittorgarh	Chittorgarh	IN	Asia/Kolkata	116406
Chenggu	Chenggu	CN	Asia/Shanghai	116375
Harlem	Harlem	US	America/New_York	116345
Orléans	Orleans	FR	Europe/Paris	116344
Rouen	Rouen	FR	Europe/Paris	116331
Tinsukia	Tinsukia	IN	Asia/Kolkata	116322
Westminster	Westminster	US	America/Denver	116317
Dasha	Dasha	CN	Asia/Shanghai	116307
Yakeshi	Yakeshi	CN	Asia/Shanghai	116284
Ipiranga	Ipiranga	BR	America/Sao_Paulo	116271
Makumbako	Makumbako	TZ	Africa/Dar_es_Salaam	116232
Khargone	Khargone	IN	Asia/Kolkata	116150
Mariara	Mariara	VE	America/Caracas	116142
Digos	Digos	PH	Asia/Manila	116122
Tshilenge	Tshilenge	CD	Africa/Lubumbashi	116073
Aïn Beïda	Ain Beida	DZ	Africa/Algiers	116064
Shahre Jadide Andisheh	Shahre Jadide Andisheh	IR	Asia/Tehran	116062
Andīsheh	Andisheh	IR	Asia/Tehran	116062
Breves	Breves	BR	America/Belem	116058
Alcobendas	Alcobendas	ES	Europe/Madrid	116037
Kissidougou	Kissidougou	GN	Africa/Conakry	116019
San Tung Chung Hang	San Tung Chung Hang	HK	Asia/Hong_Kong	116000
Taganskiy	Taganskiy	RU	Europe/Moscow	116000
Round Rock	Round Rock	US	America/Chicago	115997
Noginsk	Noginsk	RU	Europe/Moscow	115979
Tinaquillo	Tinaquillo	VE	America/Caracas	115937
Wilmington	Wilmington	US	America/New_York	115933
Cavite City	Cavite City	PH	Asia/Manila	115932
Campo Grande	Campo Grande	BR	America/Sao_Paulo	115925
East Harlem	East Harlem	US	America/New_York	115921
Formosa	Formosa	BR	America/Sao_Paulo	115901
Tandil	Tandil	AR	America/Argentina/Buenos_Aires	115877
Zoetermeer	Zoetermeer	NL	Europe/Amsterdam	115845
São Gonçalo do Amarante	Sao Goncalo do Amarante	BR	America/Fortaleza	115838
Sri Jayewardenepura Kotte	Sri Jayewardenepura Kotte	LK	Asia/Colombo	115826
Nasushiobara	Nasushiobara	JP	Asia/Tokyo	115794
Várzea Paulista	Varzea Paulista	BR	America/Sao_Paulo	115771
Baisha	Baisha	CN	Asia/Shanghai	115761
Banī Mazār	Bani Mazar	EG	Africa/Cairo	115759
Taunsa	Taunsa	PK	Asia/Karachi	115704
Urasoe	Urasoe	JP	Asia/Tokyo	115690
Santana	Santana	BR	America/Sao_Paulo	115689
Yelets	Yelets	RU	Europe/Moscow	115688
Suan Luang	Suan Luang	TH	Asia/Bangkok	115658
Parla	Parla	ES	Europe/Madrid	115611
Mỹ Hào	My Hao	VN	Asia/Bangkok	115608
Anliu	Anliu	CN	Asia/Shanghai	115560
Ribeirão Pires	Ribeirao Pires	BR	America/Sao_Paulo	115559
Recanto das Emas	Recanto das Emas	BR	America/Sao_Paulo	115550
Chunga	Chunga	ZM	Africa/Lusaka	115539
Novo-Peredelkino	Novo-Peredelkino	RU	Europe/Moscow	115536
Baidyabāti	Baidyabati	IN	Asia/Kolkata	115504
Okigwe	Okigwe	NG	Africa/Lagos	115499
Ar Rifā‘	Ar Rifa'	BH	Asia/Bahrain	115495
Uzhhorod	Uzhhorod	UA	Europe/Kyiv	115449
Kasese	Kasese	UG	Africa/Kampala	115400
Lengshuijiang	Lengshuijiang	CN	Asia/Shanghai	115399
Tianfu	Tianfu	CN	Asia/Shanghai	115370
Arvada	Arvada	US	America/Denver	115368
Otaru	Otaru	JP	Asia/Tokyo	115333
Tayabas	Tayabas	PH	Asia/Manila	115318
Inkisi	Inkisi	CD	Africa/Kinshasa	115317
Iriga City	Iriga City	PH	Asia/Manila	115306
Thornhill	Thornhill	CA	America/Toronto	115292
Vacoas	Vacoas	MU	Indian/Mauritius	115289
Beaumont	Beaumont	US	America/Chicago	115282
Vlorë	Vlore	AL	Europe/Tirane	115261
Sanxia	Sanxia	TW	Asia/Taipei	115185
Provo	Provo	US	America/Denver	115162
Tucuruí	Tucurui	BR	America/Belem	115144
Bastī	Basti	IN	Asia/Kolkata	115115
Peoria	Peoria	US	America/Chicago	115070
Ezeiza	Ezeiza	AR	America/Argentina/Buenos_Aires	115021
Lasnamäe	Lasnamaee	EE	Europe/Tallinn	115008
Xiva	Xiva	UZ	Asia/Samarkand	115000
Amasya	Amasya	TR	Europe/Istanbul	114921
Mendoza	Mendoza	AR	America/Argentina/Mendoza	114893
Balkh	Balkh	AF	Asia/Kabul	114883
Cubatão	Cubatao	BR	America/Sao_Paulo	114870
Mingshui	Mingshui	CN	Asia/Shanghai	114858
Vila Medeiros	Vila Medeiros	BR	America/Sao_Paulo	114839
Phong Điền	Phong GJien	VN	Asia/Bangkok	114820
Nova Serrana	Nova Serrana	BR	America/Sao_Paulo	114791
Wang Thonglang	Wang Thonglang	TH	Asia/Bangkok	114768
Carlsbad	Carlsbad	US	America/Los_Angeles	114746
Mandera	Mandera	KE	Africa/Nairobi	114718
Qiaotou	Qiaotou	CN	Asia/Shanghai	114712
Gyumri	Gyumri	AM	Asia/Yerevan	114667
Silopi	Silopi	TR	Europe/Istanbul	114645
Gangavati	Gangavati	IN	Asia/Kolkata	114642
Ambur	Ambur	IN	Asia/Kolkata	114608
Tangará da Serra	Tangara da Serra	BR	America/Cuiaba	114603
Gorzów Wielkopolski	Gorzow Wielkopolski	PL	Europe/Warsaw	114567
Simões Filho	Simoes Filho	BR	America/Bahia	114559
Giridih	Giridih	IN	Asia/Kolkata	114533
Phool Nagar	Phool Nagar	PK	Asia/Karachi	114530
Quezon	Quezon	PH	Asia/Manila	114521
Aryanah	Aryanah	TN	Africa/Tunis	114486
Tungipara	Tungipara	BD	Asia/Dhaka	114482
Ichinoseki	Ichinoseki	JP	Asia/Tokyo	114476
Khenchela	Khenchela	DZ	Africa/Algiers	114472
Khon Kaen	Khon Kaen	TH	Asia/Bangkok	114459
Odessa	Odessa	US	America/Chicago	114428
Catalão	Catalao	BR	America/Sao_Paulo	114427
Tando Muhammad Khan	Tando Muhammad Khan	PK	Asia/Karachi	114406
Springfield	Springfield	US	America/Chicago	114394
Somaroboro	Somaroboro	ZA	Africa/Johannesburg	114369
Guadalajara de Buga	Guadalajara de Buga	CO	America/Bogota	114316
Pamanukan	Pamanukan	ID	Asia/Jakarta	114290
Codó	Codo	BR	America/Fortaleza	114275
Pardīs	Pardis	IR	Asia/Tehran	114249
Pleiku	Pleiku	VN	Asia/Ho_Chi_Minh	114225
Downey	Downey	US	America/Los_Angeles	114219
Lower Hutt	Lower Hutt	NZ	Pacific/Auckland	114200
Yuyao	Yuyao	CN	Asia/Shanghai	114177
Rānyah	Ranyah	IQ	Asia/Baghdad	114173
Hatsukaichi	Hatsukaichi	JP	Asia/Tokyo	114173
Tung Chung	Tung Chung	HK	Asia/Hong_Kong	114100
Salto	Salto	UY	America/Montevideo	114084
Siirt	Siirt	TR	Europe/Istanbul	114034
Korolyov	Korolyov	UA	Europe/Kyiv	114034
Zhaozhou	Zhaozhou	CN	Asia/Shanghai	114009
Villa Lugano	Villa Lugano	AR	America/Argentina/Buenos_Aires	114000
Ochakovo-Matveyevskoye	Ochakovo-Matveyevskoye	RU	Europe/Moscow	114000
Punta Cardón	Punta Cardon	VE	America/Caracas	113999
Akishima	Akishima	JP	Asia/Tokyo	113949
Itacoatiara	Itacoatiara	BR	America/Manaus	113917
Chililabombwe	Chililabombwe	ZM	Africa/Lusaka	113876
Rivière-des-Prairies–Pointe-aux-Trembles	Riviere-des-Prairies-Pointe-aux-Trembles	CA	America/Toronto	113868
Worthing	Worthing	GB	Europe/London	113866
Navojoa	Navojoa	MX	America/Hermosillo	113836
Offa	Offa	NG	Africa/Lagos	113830
Tobolsk	Tobolsk	RU	Asia/Yekaterinburg	113800
Tōkai	Tokai	JP	Asia/Tokyo	113787
Wardha	Wardha	IN	Asia/Kolkata	113759
Wansheng	Wansheng	CN	Asia/Shanghai	113751
Pattoki	Pattoki	PK	Asia/Karachi	113735
Wayaobu	Wayaobu	CN	Asia/Shanghai	113698
Hikone	Hikone	JP	Asia/Tokyo	113647
Nagahama	Nagahama	JP	Asia/Tokyo	113636
Pingshan	Pingshan	CN	Asia/Shanghai	113631
Songyuan	Songyuan	CN	Asia/Shanghai	113611
Maba	Maba	CN	Asia/Shanghai	113609
Fujimino	Fujimino	JP	Asia/Tokyo	113597
Doncaster	Doncaster	GB	Europe/London	113566
Bình Thủy	Binh Thuy	VN	Asia/Ho_Chi_Minh	113565
Dumaguete	Dumaguete	PH	Asia/Manila	113541
Budapest XIII. kerület	Budapest XIII. keruelet	HU	Europe/Budapest	113531
Nippes	Nippes	DE	Europe/Berlin	113487
Jaén	Jaen	ES	Europe/Madrid	113457
Chengqiao	Chengqiao	CN	Asia/Shanghai	113442
Chorzów	Chorzow	PL	Europe/Warsaw	113430
Porz am Rhein	Porz am Rhein	DE	Europe/Berlin	113415
Louga	Louga	SN	Africa/Dakar	113365
Elmhurst	Elmhurst	US	America/New_York	113364
Hoàng Mai	Hoang Mai	VN	Asia/Bangkok	113360
Kamsar	Kamsar	GN	Africa/Conakry	113350
Yaritagua	Yaritagua	VE	America/Caracas	113343
Shahdadpur	Shahdadpur	PK	Asia/Karachi	113342
Itumbiara	Itumbiara	BR	America/Sao_Paulo	113322
Khwisero	Khwisero	KE	Africa/Nairobi	113294
Costa Mesa	Costa Mesa	US	America/Los_Angeles	113204
Jauharabad	Jauharabad	PK	Asia/Karachi	113188
Miami Gardens	Miami Gardens	US	America/New_York	113187
Chesterfield	Chesterfield	GB	Europe/London	113057
North Peoria	North Peoria	US	America/Chicago	113004
Shchyolkovo	Shchyolkovo	RU	Europe/Moscow	113000
Al Fashn	Al Fashn	EG	Africa/Cairo	112999
Fairfield	Fairfield	US	America/Los_Angeles	112970
Guanabacoa	Guanabacoa	CU	America/Havana	112964
Hammanskraal	Hammanskraal	ZA	Africa/Johannesburg	112950
Ōshū	Oshu	JP	Asia/Tokyo	112937
Taourirt	Taourirt	MA	Africa/Casablanca	112908
Ţalkhā	Talkha	EG	Africa/Cairo	112851
Neili	Neili	TW	Asia/Taipei	112845
Vihari	Vihari	PK	Asia/Karachi	112840
Taonan	Taonan	CN	Asia/Shanghai	112819
Youkaichi	Youkaichi	JP	Asia/Tokyo	112819
Kazo	Kazo	JP	Asia/Tokyo	112792
Santa Lucía Cotzumalguapa	Santa Lucia Cotzumalguapa	GT	America/Guatemala	112780
Jönköping	Joenkoeping	SE	Europe/Stockholm	112766
City of Port Phillip	City of Port Phillip	AU	Australia/Melbourne	112669
Tadepalligudem	Tadepalligudem	IN	Asia/Kolkata	112655
Haikou	Haikou	CN	Asia/Shanghai	112644
Lansing	Lansing	US	America/Detroit	112644
Chanduasi	Chanduasi	IN	Asia/Kolkata	112635
Bagaha	Bagaha	IN	Asia/Kolkata	112634
Nefteyugansk	Nefteyugansk	RU	Asia/Yekaterinburg	112632
Reutlingen	Reutlingen	DE	Europe/Berlin	112627
Bushwick	Bushwick	US	America/New_York	112620
Upata	Upata	VE	America/Caracas	112617
Shaowu	Shaowu	CN	Asia/Shanghai	112585
Mengmao	Mengmao	CN	Asia/Shanghai	112578
Lawang	Lawang	ID	Asia/Jakarta	112540
Bouskoura	Bouskoura	MA	Africa/Casablanca	112501
Satu Mare	Satu Mare	RO	Europe/Bucharest	112490
Itanhaém	Itanhaem	BR	America/Sao_Paulo	112476
Kaiyuan	Kaiyuan	CN	Asia/Shanghai	112462
Kisii	Kisii	KE	Africa/Nairobi	112417
Petržalka	Petrzalka	SK	Europe/Bratislava	112380
Kāzerūn	Kazerun	IR	Asia/Tehran	112360
Ermelino Matarazzo	Ermelino Matarazzo	BR	America/Sao_Paulo	112333
Achalpur	Achalpur	IN	Asia/Kolkata	112311
Planaltina	Planaltina	BR	America/Sao_Paulo	112304
Guanare	Guanare	VE	America/Caracas	112286
Wuzhishan	Wuzhishan	CN	Asia/Shanghai	112269
Gravesend	Gravesend	US	America/New_York	112229
Rochester	Rochester	US	America/Chicago	112225
Gondal	Gondal	IN	Asia/Kolkata	112197
Chichawatni	Chichawatni	PK	Asia/Karachi	112191
Farīdpur	Faridpur	BD	Asia/Dhaka	112187
Apopa	Apopa	SV	America/El_Salvador	112158
Carmona	Carmona	PH	Asia/Manila	112140
Laoag	Laoag	PH	Asia/Manila	112117
Elgin	Elgin	US	America/Chicago	112111
Dharashiv	Dharashiv	IN	Asia/Kolkata	112085
Xigang	Xigang	CN	Asia/Shanghai	112061
Chóngfú	Chongfu	CN	Asia/Shanghai	112060
Taipa	Taipa	MO	Asia/Macau	112051
Port Blair	Port Blair	IN	Asia/Kolkata	112050
Minatitlán	Minatitlan	MX	America/Mexico_City	112046
Esuk Oron	Esuk Oron	NG	Africa/Lagos	112033
Atbara	Atbara	SD	Africa/Khartoum	112021
Vicenza	Vicenza	IT	Europe/Rome	111980
Ciudad Guzmán	Ciudad Guzman	MX	America/Mexico_City	111975
Ballarat	Ballarat	AU	Australia/Melbourne	111973
Tocoa	Tocoa	HN	America/Tegucigalpa	111972
West Jordan	West Jordan	US	America/Denver	111946
Bagalkot	Bagalkot	IN	Asia/Kolkata	111933
Lomas de Zamora	Lomas de Zamora	AR	America/Argentina/Buenos_Aires	111897
Yeoju	Yeoju	KR	Asia/Seoul	111897
Dūmā	Duma	SY	Asia/Damascus	111864
Winterthur	Winterthur	CH	Europe/Zurich	111840
Novokuybyshevsk	Novokuybyshevsk	RU	Europe/Samara	111800
Bou Saâda	Bou Saada	DZ	Africa/Algiers	111787
Abnūb	Abnub	EG	Africa/Cairo	111785
Qūchān	Quchan	IR	Asia/Tehran	111752
Manacapuru	Manacapuru	BR	America/Manaus	111751
Kuningan	Kuningan	ID	Asia/Jakarta	111742
Suriāpet	Suriapet	IN	Asia/Kolkata	111729
Kandy	Kandy	LK	Asia/Colombo	111701
Zefta	Zefta	EG	Africa/Cairo	111700
Bangaon	Bangaon	IN	Asia/Kolkata	111693
Inglewood	Inglewood	US	America/Los_Angeles	111666
Kilis	Kilis	TR	Europe/Istanbul	111648
Terrebonne	Terrebonne	CA	America/Toronto	111575
Kyimyindine	Kyimyindine	MM	Asia/Yangon	111514
Set Ka Lay	Set Ka Lay	MM	Asia/Yangon	111514
Chelmsford	Chelmsford	GB	Europe/London	111511
Marzahn	Marzahn	DE	Europe/Berlin	111508
Chiquimula	Chiquimula	GT	America/Guatemala	111505
Cileunyi	Cileunyi	ID	Asia/Jakarta	111476
Ashoknagar Kalyangarh	Ashoknagar Kalyangarh	IN	Asia/Kolkata	111475
Mongu	Mongu	ZM	Africa/Lusaka	111450
Mulhouse	Mulhouse	FR	Europe/Paris	111430
Al Fqih Ben Çalah	Al Fqih Ben Calah	MA	Africa/Casablanca	111402
Pulilan	Pulilan	PH	Asia/Manila	111384
Beau Bassin-Rose Hill	Beau Bassin-Rose Hill	MU	Indian/Mauritius	111355
Tuscaloosa	Tuscaloosa	US	America/Chicago	111338
Sogamoso	Sogamoso	CO	America/Bogota	111336
Sainte-Foy	Sainte-Foy	CA	America/Toronto	111300
Mbale	Mbale	UG	Africa/Kampala	111300
Montreuil	Montreuil	FR	Europe/Paris	111240
Terni	Terni	IT	Europe/Rome	111189
Deesa	Deesa	IN	Asia/Kolkata	111160
Navadwīp	Navadwip	IN	Asia/Kolkata	111123
Maran	Maran	MY	Asia/Kuala_Lumpur	111056
Nandurbar	Nandurbar	IN	Asia/Kolkata	111037
Kasuga	Kasuga	JP	Asia/Tokyo	111023
Nsukka	Nsukka	NG	Africa/Lagos	111017
Nguru	Nguru	NG	Africa/Lagos	111014
Mabopane	Mabopane	ZA	Africa/Johannesburg	110972
Namur	Namur	BE	Europe/Brussels	110939
Cambé	Cambe	BR	America/Sao_Paulo	110923
Encheng	Encheng	CN	Asia/Shanghai	110921
Turhal	Turhal	TR	Europe/Istanbul	110884
Gò Vấp	Go Vap	VN	Asia/Ho_Chi_Minh	110850
Richardson	Richardson	US	America/Chicago	110815
Bokhtar	Bokhtar	TJ	Asia/Dushanbe	110800
Hadejia	Hadejia	NG	Africa/Lagos	110753
Zhuji	Zhuji	CN	Asia/Shanghai	110721
Perpignan	Perpignan	FR	Europe/Paris	110706
Lowell	Lowell	US	America/New_York	110699
Lavras	Lavras	BR	America/Sao_Paulo	110682
São Pedro da Aldeia	Sao Pedro da Aldeia	BR	America/Sao_Paulo	110677
East Independence	East Independence	US	America/Chicago	110675
Caen	Caen	FR	Europe/Paris	110624
Açailândia	Acailandia	BR	America/Fortaleza	110611
Kyivskyi	Kyivskyi	UA	Europe/Kyiv	110600
Borāzjān	Borazjan	IR	Asia/Tehran	110567
Yenangyaung	Yenangyaung	MM	Asia/Yangon	110553
Gresham	Gresham	US	America/Los_Angeles	110553
Antioch	Antioch	US	America/Los_Angeles	110542
Paulínia	Paulinia	BR	America/Sao_Paulo	110537
Manzini	Manzini	SZ	Africa/Mbabane	110537
St. John's	St. John's	CA	America/St_Johns	110525
Delicias	Delicias	ES	Europe/Madrid	110520
Masindi	Masindi	UG	Africa/Kampala	110500
Kfar Saba	Kfar Saba	IL	Asia/Jerusalem	110456
Matsutō	Matsuto	JP	Asia/Tokyo	110408
Cambridge	Cambridge	US	America/New_York	110402
Sultānpur	Sultanpur	IN	Asia/Kolkata	110368
Delhi Cantonment	Delhi Cantonment	IN	Asia/Kolkata	110351
Firozpur	Firozpur	IN	Asia/Kolkata	110313
Bayugan	Bayugan	PH	Asia/Manila	110313
High Point	High Point	US	America/New_York	110268
Datun	Datun	CN	Asia/Shanghai	110258
Manchester	Manchester	US	America/New_York	110229
Bāneh	Baneh	IR	Asia/Tehran	110218
Geylang	Geylang	SG	Asia/Singapore	110201
Kresek	Kresek	ID	Asia/Jakarta	110182
Bender	Bender	MD	Europe/Chisinau	110175
Mbombela	Mbombela	ZA	Africa/Johannesburg	110159
Rodenkirchen	Rodenkirchen	DE	Europe/Berlin	110158
Sembawang Estate	Sembawang Estate	SG	Asia/Singapore	110090
Gabès	Gabes	TN	Africa/Tunis	110075
Orkney	Orkney	ZA	Africa/Johannesburg	110052
Qingnian	Qingnian	CN	Asia/Shanghai	110046
Temecula	Temecula	US	America/Los_Angeles	110003
Lucapa	Lucapa	AO	Africa/Luanda	110000
Mendip	Mendip	GB	Europe/London	110000
Qal‘at Sukkar	Qal'at Sukkar	IQ	Asia/Baghdad	110000
An Nu‘mānīyah	An Nu'maniyah	IQ	Asia/Baghdad	110000
Kufa	Kufa	IQ	Asia/Baghdad	110000
Ressano Garcia	Ressano Garcia	MZ	Africa/Maputo	110000
Noyabrsk	Noyabrsk	RU	Asia/Yekaterinburg	110000
Sengerema	Sengerema	TZ	Africa/Dar_es_Salaam	110000
Bataysk	Bataysk	RU	Europe/Moscow	109962
Pisa	Pisa	IT	Europe/Rome	109960
Linshui	Linshui	CN	Asia/Shanghai	109955
Kamagaya	Kamagaya	JP	Asia/Tokyo	109932
Sutton Coldfield	Sutton Coldfield	GB	Europe/London	109899
Hailun	Hailun	CN	Asia/Shanghai	109881
Maramag	Maramag	PH	Asia/Manila	109864
Kecskemét	Kecskemet	HU	Europe/Budapest	109847
Seversk	Seversk	RU	Asia/Tomsk	109844
Ciamis	Ciamis	ID	Asia/Jakarta	109839
Murrieta	Murrieta	US	America/Los_Angeles	109830
Brovary	Brovary	UA	Europe/Kyiv	109806
Santo Antônio de Jesus	Santo Antonio de Jesus	BR	America/Bahia	109791
Lak Si	Lak Si	TH	Asia/Bangkok	109770
Wakefield	Wakefield	GB	Europe/London	109766
Centennial	Centennial	US	America/Denver	109741
Shilong	Shilong	CN	Asia/Shanghai	109733
Richmond	Richmond	US	America/Los_Angeles	109708
Corona	Corona	US	America/New_York	109698
Thới Lai	Thoi Lai	VN	Asia/Ho_Chi_Minh	109684
Sejoumi	Sejoumi	TN	Africa/Tunis	109672
Vilhena	Vilhena	BR	America/Porto_Velho	109651
Pandit Deen Dayal Upadhyaya Nagar	Pandit Deen Dayal Upadhyaya Nagar	IN	Asia/Kolkata	109650
Dchira El Jihadia	Dchira El Jihadia	MA	Africa/Casablanca	109564
Didao	Didao	CN	Asia/Shanghai	109561
Arsuz	Arsuz	TR	Europe/Istanbul	109550
Pelabuhanratu	Pelabuhanratu	ID	Asia/Jakarta	109523
Marugame	Marugame	JP	Asia/Tokyo	109513
Habikino	Habikino	JP	Asia/Tokyo	109479
Arzamas	Arzamas	RU	Europe/Moscow	109479
Phalaborwa	Phalaborwa	ZA	Africa/Johannesburg	109468
Walthamstow	Walthamstow	GB	Europe/London	109424
Pueblo	Pueblo	US	America/Denver	109412
Guaianases	Guaianases	BR	America/Sao_Paulo	109316
Ijebu-Igbo	Ijebu-Igbo	NG	Africa/Lagos	109261
Sergiyev Posad	Sergiyev Posad	RU	Europe/Moscow	109252
Talisay	Talisay	PH	Asia/Manila	109204
San Juan	San Juan	AR	America/Argentina/San_Juan	109123
Sehore	Sehore	IN	Asia/Kolkata	109118
Jianchang	Jianchang	CN	Asia/Shanghai	109108
Hulan	Hulan	CN	Asia/Shanghai	109104
Matagalpa	Matagalpa	NI	America/Managua	109089
Khlong Toei	Khlong Toei	TH	Asia/Bangkok	109041
Leninsk-Kuznetsky	Leninsk-Kuznetsky	RU	Asia/Novokuznetsk	109023
Kiryū	Kiryu	JP	Asia/Tokyo	108991
Handeni	Handeni	TZ	Africa/Dar_es_Salaam	108968
Balombo	Balombo	AO	Africa/Luanda	108965
Zhongxiang	Zhongxiang	CN	Asia/Shanghai	108883
Thunder Bay	Thunder Bay	CA	America/Toronto	108843
Iwatsuki	Iwatsuki	JP	Asia/Tokyo	108833
Pearland	Pearland	US	America/Chicago	108821
Dehui	Dehui	CN	Asia/Shanghai	108818
Pangkalanbuun	Pangkalanbuun	ID	Asia/Pontianak	108814
Waterbury	Waterbury	US	America/New_York	108802
Greeley	Greeley	US	America/Denver	108795
Boulogne-Billancourt	Boulogne-Billancourt	FR	Europe/Paris	108782
Warīsān	Warisan	AE	Asia/Dubai	108759
Kalisz	Kalisz	PL	Europe/Warsaw	108759
Baia Mare	Baia Mare	RO	Europe/Bucharest	108759
Coronel Fabriciano	Coronel Fabriciano	BR	America/Sao_Paulo	108708
Mascara	Mascara	DZ	Africa/Algiers	108629
Maranguape	Maranguape	BR	America/Fortaleza	108622
Uromi	Uromi	NG	Africa/Lagos	108608
Katumba	Katumba	TZ	Africa/Dar_es_Salaam	108558
Móng Cái	Mong Cai	VN	Asia/Bangkok	108553
Vila Maria	Vila Maria	BR	America/Sao_Paulo	108543
Kanpur Cantonment	Kanpur Cantonment	IN	Asia/Kolkata	108534
Komatsu	Komatsu	JP	Asia/Tokyo	108509
West Covina	West Covina	US	America/Los_Angeles	108484
Enterprise	Enterprise	US	America/Los_Angeles	108481
Bānsbāria	Bansbaria	IN	Asia/Kolkata	108474
Girón	Giron	CO	America/Bogota	108466
Baghlān	Baghlan	AF	Asia/Kabul	108449
Muriaé	Muriae	BR	America/Sao_Paulo	108447
Hanjia	Hanjia	CN	Asia/Shanghai	108430
Trincomalee	Trincomalee	LK	Asia/Colombo	108420
La Cité-Limoilou	La Cite-Limoilou	CA	America/Toronto	108415
Santiago	Santiago	PH	Asia/Manila	108414
Taibai	Taibai	CN	Asia/Shanghai	108387
Vedado	Vedado	CU	America/Havana	108369
Dagenham	Dagenham	GB	Europe/London	108368
Xuyong	Xuyong	CN	Asia/Shanghai	108352
North Charleston	North Charleston	US	America/New_York	108304
Sohar	Sohar	OM	Asia/Muscat	108274
Nehe	Nehe	CN	Asia/Shanghai	108253
Oktyabrsky	Oktyabrsky	RU	Asia/Yekaterinburg	108200
Tadpatri	Tadpatri	IN	Asia/Kolkata	108171
Birnin Kebbi	Birnin Kebbi	NG	Africa/Lagos	108164
Santa Cruz	Santa Cruz	PH	Asia/Manila	108145
Everett	Everett	US	America/Los_Angeles	108010
An Nuhūd	An Nuhud	SD	Africa/Khartoum	108008
Ŭllyul	Ullyul	KP	Asia/Pyongyang	107997
Rijeka	Rijeka	HR	Europe/Zagreb	107964
Douliu	Douliu	TW	Asia/Taipei	107924
Luis Eduardo Magalhães	Luis Eduardo Magalhaes	BR	America/Bahia	107909
Catbalogan	Catbalogan	PH	Asia/Manila	107896
College Station	College Station	US	America/Chicago	107889
As Salţ	As Salt	JO	Asia/Amman	107874
Mishima	Mishima	JP	Asia/Tokyo	107851
Baía Farta	Baia Farta	AO	Africa/Luanda	107841
Jalpāiguri	Jalpaiguri	IN	Asia/Kolkata	107832
Jalai Nur	Jalai Nur	CN	Asia/Shanghai	107828
Tajimi	Tajimi	JP	Asia/Tokyo	107818
Castelar	Castelar	AR	America/Argentina/Buenos_Aires	107786
Pompano Beach	Pompano Beach	US	America/New_York	107762
Coronel	Coronel	CL	America/Santiago	107759
Bacabal	Bacabal	BR	America/Fortaleza	107755
Novo Gama	Novo Gama	BR	America/Sao_Paulo	107663
Dusit	Dusit	TH	Asia/Bangkok	107655
Mandurah	Mandurah	AU	Australia/Perth	107643
Basingstoke	Basingstoke	GB	Europe/London	107642
Bandırma	Bandirma	TR	Europe/Istanbul	107631
Maidstone	Maidstone	GB	Europe/London	107627
Tieli	Tieli	CN	Asia/Shanghai	107621
Umm Qaşr	Umm Qasr	IQ	Asia/Baghdad	107620
Butterworth	Butterworth	MY	Asia/Kuala_Lumpur	107591
Shaping	Shaping	CN	Asia/Shanghai	107589
Labé	Labe	GN	Africa/Conakry	107571
Chālūs	Chalus	IR	Asia/Tehran	107490
Koszalin	Koszalin	PL	Europe/Warsaw	107450
Bolzano	Bolzano	IT	Europe/Rome	107436
South Fulton	South Fulton	US	America/New_York	107436
Ubá	Uba	BR	America/Sao_Paulo	107423
Sherpur	Sherpur	BD	Asia/Dhaka	107419
Obninsk	Obninsk	RU	Europe/Moscow	107392
Circoiscrizione VI	Circoiscrizione VI	IT	Europe/Rome	107369
Girardot City	Girardot City	CO	America/Bogota	107324
Koblenz	Koblenz	DE	Europe/Berlin	107319
Itaperuna	Itaperuna	BR	America/Sao_Paulo	107246
Siegen	Siegen	DE	Europe/Berlin	107242
Hirnytskyi	Hirnytskyi	UA	Europe/Kyiv	107216
Mangalagiri	Mangalagiri	IN	Asia/Kolkata	107197
Thohoyandou	Thohoyandou	ZA	Africa/Johannesburg	107144
As Suwayq	As Suwayq	OM	Asia/Muscat	107143
Norwalk	Norwalk	US	America/Los_Angeles	107140
Yên Vinh	Yen Vinh	VN	Asia/Bangkok	107082
Mitrovicë	Mitrovice	XK	Europe/Belgrade	107045
Yevpatoriya	Yevpatoriya	UA	Europe/Simferopol	107040
Pati	Pati	ID	Asia/Jakarta	107028
Elista	Elista	RU	Europe/Moscow	106971
Dera Murad Jamali	Dera Murad Jamali	PK	Asia/Karachi	106952
Taungoo	Taungoo	MM	Asia/Yangon	106945
Bedford	Bedford	GB	Europe/London	106940
Bagong Silangan	Bagong Silangan	PH	Asia/Manila	106886
Kangnyŏng	Kangnyong	KP	Asia/Pyongyang	106827
Catia La Mar	Catia La Mar	VE	America/Caracas	106822
Boulder	Boulder	US	America/Denver	106803
Anning	Anning	CN	Asia/Shanghai	106795
Ituiutaba	Ituiutaba	BR	America/Sao_Paulo	106775
Rayong	Rayong	TH	Asia/Bangkok	106737
Sirte	Sirte	LY	Africa/Tripoli	106705
Kotri	Kotri	PK	Asia/Karachi	106615
Cherëmushki	Cheremushki	RU	Europe/Moscow	106587
Broken Arrow	Broken Arrow	US	America/Chicago	106563
Daly City	Daly City	US	America/Los_Angeles	106562
Cikarang	Cikarang	ID	Asia/Jakarta	106479
Arlit	Arlit	NE	Africa/Niamey	106448
Bahārestān	Baharestan	IR	Asia/Tehran	106433
Ba Đồn	Ba GJon	VN	Asia/Bangkok	106413
Ranebennur	Ranebennur	IN	Asia/Kolkata	106406
Longjiang	Longjiang	CN	Asia/Shanghai	106384
Hwado	Hwado	KR	Asia/Seoul	106358
Buhe	Buhe	CN	Asia/Shanghai	106347
Hammamet	Hammamet	TN	Africa/Tunis	106326
Pindiga	Pindiga	NG	Africa/Lagos	106322
Berdyansk	Berdyansk	UA	Europe/Kyiv	106311
Toufen	Toufen	TW	Asia/Taipei	106310
Mīāneh	Mianeh	IR	Asia/Tehran	106291
Dakhla	Dakhla	EH	Africa/El_Aaiun	106277
Paniqui	Paniqui	PH	Asia/Manila	106190
Novotroitsk	Novotroitsk	RU	Asia/Yekaterinburg	106186
Bergisch Gladbach	Bergisch Gladbach	DE	Europe/Berlin	106184
Rangamati	Rangamati	BD	Asia/Dhaka	106069
Alchevsk	Alchevsk	UA	Europe/Kyiv	106062
Sơn La	Son La	VN	Asia/Bangkok	106052
Mingachevir	Mingachevir	AZ	Asia/Baku	106048
Legnica	Legnica	PL	Europe/Warsaw	106033
Drammen	Drammen	NO	Europe/Oslo	106013
Pare	Pare	ID	Asia/Jakarta	106007
Tokoza	Tokoza	ZA	Africa/Johannesburg	106000
Balsas	Balsas	BR	America/Fortaleza	105974
Sydney	Sydney	CA	America/Glace_Bay	105968
Derbent	Derbent	RU	Europe/Moscow	105965
Xinghua	Xinghua	CN	Asia/Shanghai	105918
Khurja	Khurja	IN	Asia/Kolkata	105909
Mati	Mati	PH	Asia/Manila	105908
Arjawinangun	Arjawinangun	ID	Asia/Jakarta	105845
Le Plateau-Mont-Royal	Le Plateau-Mont-Royal	CA	America/Toronto	105813
Funchal	Funchal	PT	Atlantic/Madeira	105795
Kishanganj	Kishanganj	IN	Asia/Kolkata	105782
Yautepec	Yautepec	MX	America/Mexico_City	105780
Jataí	Jatai	BR	America/Sao_Paulo	105729
Sergeli	Sergeli	UZ	Asia/Tashkent	105700
Azare	Azare	NG	Africa/Lagos	105687
Nantou	Nantou	TW	Asia/Taipei	105682
Ipojuca	Ipojuca	BR	America/Recife	105638
Lahad Datu	Lahad Datu	MY	Asia/Kuching	105622
Vila Prudente	Vila Prudente	BR	America/Sao_Paulo	105590
Subulussalam	Subulussalam	ID	Asia/Jakarta	105553
Paragominas	Paragominas	BR	America/Belem	105550
Bukama	Bukama	CD	Africa/Lubumbashi	105530
Ponnāni	Ponnani	IN	Asia/Kolkata	105512
Tanza	Tanza	PH	Asia/Manila	105510
Inzai	Inzai	JP	Asia/Tokyo	105463
Bhairab Bāzār	Bhairab Bazar	BD	Asia/Dhaka	105457
Chengtangcun	Chengtangcun	CN	Asia/Shanghai	105456
Hindaun	Hindaun	IN	Asia/Kolkata	105452
Jamālpur	Jamalpur	IN	Asia/Kolkata	105434
Abū Tīj	Abu Tij	EG	Africa/Cairo	105418
Coatepeque	Coatepeque	GT	America/Guatemala	105415
Baraki	Baraki	DZ	Africa/Algiers	105402
Robāţ Karīm	Robat Karim	IR	Asia/Tehran	105393
'Ākra	'Akra	IQ	Asia/Baghdad	105370
Sandy Springs	Sandy Springs	US	America/New_York	105330
Burbank	Burbank	US	America/Los_Angeles	105319
Taling Chan	Taling Chan	TH	Asia/Bangkok	105299
San Justo	San Justo	AR	America/Argentina/Buenos_Aires	105274
Hòa Bình	Hoa Binh	VN	Asia/Bangkok	105260
Saint-Paul	Saint-Paul	RE	Indian/Reunion	105240
Ourense	Ourense	ES	Europe/Madrid	105233
Nāgaur	Nagaur	IN	Asia/Kolkata	105218
Riacho Fundo II	Riacho Fundo II	BR	America/Sao_Paulo	105210
Green Bay	Green Bay	US	America/Chicago	105207
Mityana	Mityana	UG	Africa/Kampala	105200
Jizan	Jizan	SA	Asia/Riyadh	105198
Texcoco de Mora	Texcoco de Mora	MX	America/Mexico_City	105165
Bang Bon	Bang Bon	TH	Asia/Bangkok	105161
Nikopol	Nikopol	UA	Europe/Kyiv	105160
Slovyansk	Slovyansk	UA	Europe/Kyiv	105141
Santa Maria	Santa Maria	US	America/Los_Angeles	105093
San Francisco De Borja	San Francisco De Borja	PE	America/Lima	105076
Yidu	Yidu	CN	Asia/Shanghai	105070
Nancy	Nancy	FR	Europe/Paris	105058
Kuala Krai	Kuala Krai	MY	Asia/Kuala_Lumpur	105007
Zhonghe	Zhonghe	CN	Asia/Shanghai	105003
Universal City	Universal City	US	America/Los_Angeles	105000
Puyang Chengguanzhen	Puyang Chengguanzhen	CN	Asia/Shanghai	104994
Ikeda	Ikeda	JP	Asia/Tokyo	104993
Waterloo	Waterloo	CA	America/Toronto	104986
Ambala Sadar	Ambala Sadar	IN	Asia/Kolkata	104974
Chinautla	Chinautla	GT	America/Guatemala	104972
Salzgitter	Salzgitter	DE	Europe/Berlin	104970
Ville-Marie	Ville-Marie	CA	America/Toronto	104944
Moratalaz	Moratalaz	ES	Europe/Madrid	104923
Bhiwadi	Bhiwadi	IN	Asia/Kolkata	104921
Būndi	Bundi	IN	Asia/Kolkata	104919
Miryalaguda	Miryalaguda	IN	Asia/Kolkata	104918
Daxing	Daxing	CN	Asia/Shanghai	104904
Artur Alvim	Artur Alvim	BR	America/Sao_Paulo	104864
Assis	Assis	BR	America/Sao_Paulo	104858
Santa Cruz do Capibaribe	Santa Cruz do Capibaribe	BR	America/Recife	104854
Yezhou	Yezhou	CN	Asia/Shanghai	104839
Hidalgo del Parral	Hidalgo del Parral	MX	America/Chihuahua	104836
Saijō	Saijo	JP	Asia/Tokyo	104791
Jena	Jena	DE	Europe/Berlin	104712
Wichita Falls	Wichita Falls	US	America/Chicago	104710
Brantford	Brantford	CA	America/Toronto	104688
Gera	Gera	DE	Europe/Berlin	104659
Tuyên Quang	Tuyen Quang	VN	Asia/Bangkok	104645
Ottakring	Ottakring	AT	Europe/Vienna	104627
Al Fāw	Al Faw	IQ	Asia/Baghdad	104569
Angoche	Angoche	MZ	Africa/Maputo	104540
Depok	Depok	ID	Asia/Jakarta	104527
Toride	Toride	JP	Asia/Tokyo	104524
Mostar	Mostar	BA	Europe/Sarajevo	104518
Mazyr	Mazyr	BY	Europe/Minsk	104517
Kamloops	Kamloops	CA	America/Vancouver	104460
Mazabuka	Mazabuka	ZM	Africa/Lusaka	104412
Lakeland	Lakeland	US	America/New_York	104401
Pozniaky	Pozniaky	UA	Europe/Kyiv	104400
Zhezqazghan	Zhezqazghan	KZ	Asia/Almaty	104357
Pailou	Pailou	CN	Asia/Shanghai	104351
Lo Prado	Lo Prado	CL	America/Santiago	104316
Tizi Ouzou	Tizi Ouzou	DZ	Africa/Algiers	104312
Pulandian	Pulandian	CN	Asia/Shanghai	104277
Helsingborg	Helsingborg	SE	Europe/Stockholm	104250
Abreu e Lima	Abreu e Lima	BR	America/Recife	104248
Kot Addu	Kot Addu	PK	Asia/Karachi	104217
Bouaflé	Bouafle	CI	Africa/Abidjan	104209
Kara	Kara	TG	Africa/Lome	104207
Clovis	Clovis	US	America/Los_Angeles	104180
Kafue	Kafue	ZM	Africa/Lusaka	104174
Wuchuan	Wuchuan	CN	Asia/Shanghai	104168
Campo Mourão	Campo Mourao	BR	America/Sao_Paulo	104122
Salaqi	Salaqi	CN	Asia/Shanghai	104090
Kalulushi	Kalulushi	ZM	Africa/Lusaka	104046
Lewisville	Lewisville	US	America/Chicago	104039
Oued Zem	Oued Zem	MA	Africa/Casablanca	104029
Weldiya	Weldiya	ET	Africa/Addis_Ababa	104000
Soyībug	Soyibug	IN	Asia/Kolkata	104000
Izmaylovo	Izmaylovo	RU	Europe/Moscow	104000
Kiselëvsk	Kiselevsk	RU	Asia/Novokuznetsk	104000
Jishu	Jishu	CN	Asia/Shanghai	103988
El Kelaa des Srarhna	El Kelaa des Srarhna	MA	Africa/Casablanca	103982
Séguéla	Seguela	CI	Africa/Abidjan	103980
Ourinhos	Ourinhos	BR	America/Sao_Paulo	103970
Totonicapán	Totonicapan	GT	America/Guatemala	103952
Ad-Damir	Ad-Damir	SD	Africa/Khartoum	103941
Jagtiāl	Jagtial	IN	Asia/Kolkata	103930
Woking	Woking	GB	Europe/London	103900
Roorkee	Roorkee	IN	Asia/Kolkata	103894
Edéa	Edea	CM	Africa/Douala	103861
Yuxi	Yuxi	CN	Asia/Shanghai	103829
Lincoln	Lincoln	GB	Europe/London	103813
Poá	Poa	BR	America/Sao_Paulo	103765
Bashan	Bashan	CN	Asia/Shanghai	103748
Nkpor	Nkpor	NG	Africa/Lagos	103733
Berbérati	Berberati	CF	Africa/Bangui	103713
Sangla Hill	Sangla Hill	PK	Asia/Karachi	103709
Tongren	Tongren	CN	Asia/Shanghai	103700
Tyler	Tyler	US	America/Chicago	103700
Male	Male	MV	Indian/Maldives	103693
El Cajon	El Cajon	US	America/Los_Angeles	103679
Mandaqui	Mandaqui	BR	America/Sao_Paulo	103665
Piacenza	Piacenza	IT	Europe/Rome	103607
Gardez	Gardez	AF	Asia/Kabul	103601
Zhanaozen	Zhanaozen	KZ	Asia/Aqtau	103598
Gangu Chengguanzhen	Gangu Chengguanzhen	CN	Asia/Shanghai	103589
Teziutlan	Teziutlan	MX	America/Mexico_City	103583
Kolda	Kolda	SN	Africa/Dakar	103574
Vila Matilde	Vila Matilde	BR	America/Sao_Paulo	103558
Udgīr	Udgir	IN	Asia/Kolkata	103550
San Mateo	San Mateo	US	America/Los_Angeles	103536
Viseu	Viseu	PT	Europe/Lisbon	103502
Nagda	Nagda	IN	Asia/Kolkata	103501
Moers	Moers	DE	Europe/Berlin	103487
Brandon	Brandon	US	America/New_York	103483
Buzău	Buzau	RO	Europe/Bucharest	103481
Reus	Reus	ES	Europe/Madrid	103477
Prabumulih	Prabumulih	ID	Asia/Jakarta	103470
Itabaiana	Itabaiana	BR	America/Maceio	103440
Francistown	Francistown	BW	Africa/Gaborone	103417
Isehara	Isehara	JP	Asia/Tokyo	103401
Queluz	Queluz	PT	Europe/Lisbon	103399
Betūl	Betul	IN	Asia/Kolkata	103330
Chikushino-shi	Chikushino-shi	JP	Asia/Tokyo	103311
Akademicheskoe	Akademicheskoe	RU	Europe/Moscow	103304
Turgutlu	Turgutlu	TR	Europe/Istanbul	103292
Lida	Lida	BY	Europe/Minsk	103262
Taitung	Taitung	TW	Asia/Taipei	103260
Kalynivskyi	Kalynivskyi	UA	Europe/Kyiv	103249
San	San	ML	Africa/Bamako	103227
Jahānābād	Jahanabad	IN	Asia/Kolkata	103202
Lethbridge	Lethbridge	CA	America/Edmonton	103197
Cursino	Cursino	BR	America/Sao_Paulo	103171
Velikiye Luki	Velikiye Luki	RU	Europe/Moscow	103149
Kashipur	Kashipur	IN	Asia/Kolkata	103138
Rialto	Rialto	US	America/Los_Angeles	103132
West Bromwich	West Bromwich	GB	Europe/London	103112
Ghazīpur	Ghazipur	IN	Asia/Kolkata	103095
Tanjung Pandan	Tanjung Pandan	ID	Asia/Jakarta	103062
Ikere-Ekiti	Ikere-Ekiti	NG	Africa/Lagos	103054
Hildesheim	Hildesheim	DE	Europe/Berlin	103052
Kharian	Kharian	PK	Asia/Karachi	103036
Bendigo	Bendigo	AU	Australia/Melbourne	103034
Rantauprapat	Rantauprapat	ID	Asia/Jakarta	103009
Chumakivskyi	Chumakivskyi	UA	Europe/Kyiv	103005
Nkayi	Nkayi	CG	Africa/Brazzaville	103000
Amaravati	Amaravati	IN	Asia/Kolkata	103000
Bogorodskoye	Bogorodskoye	RU	Europe/Moscow	103000
Pārsābād	Parsabad	IR	Asia/Tehran	102996
Lahān	Lahan	NP	Asia/Kathmandu	102955
Liberec	Liberec	CZ	Europe/Prague	102951
Nagapattinam	Nagapattinam	IN	Asia/Kolkata	102905
Qurayyat	Qurayyat	SA	Asia/Riyadh	102903
Buxar	Buxar	IN	Asia/Kolkata	102861
Portmore	Portmore	JM	America/Jamaica	102861
Santa Rosa	Santa Rosa	AR	America/Argentina/Salta	102860
Palma Soriano	Palma Soriano	CU	America/Havana	102826
Pushkino	Pushkino	RU	Europe/Moscow	102816
Khushāb	Khushab	PK	Asia/Karachi	102793
Lafiagi	Lafiagi	NG	Africa/Lagos	102779
Caieiras	Caieiras	BR	America/Sao_Paulo	102775
Xincheng	Xincheng	CN	Asia/Urumqi	102752
Lyon 03	Lyon 03	FR	Europe/Paris	102725
Pasrur	Pasrur	PK	Asia/Karachi	102717
Belawan	Belawan	ID	Asia/Jakarta	102707
Pano Aqil	Pano Aqil	PK	Asia/Karachi	102701
Piatra Neamţ	Piatra Neamt	RO	Europe/Bucharest	102688
Cabudare	Cabudare	VE	America/Caracas	102686
Erlangen	Erlangen	DE	Europe/Berlin	102675
Tepexpan	Tepexpan	MX	America/Mexico_City	102667
Tivaouane	Tivaouane	SN	Africa/Dakar	102658
Entebbe	Entebbe	UG	Africa/Kampala	102600
Davenport	Davenport	US	America/Chicago	102582
Darnah	Darnah	LY	Africa/Tripoli	102581
Dayrūţ	Dayrut	EG	Africa/Cairo	102570
Whalley	Whalley	CA	America/Vancouver	102555
Edison	Edison	US	America/New_York	102548
Skhidni Kvartaly	Skhidni Kvartaly	UA	Europe/Kyiv	102500
Curicó	Curico	CL	America/Santiago	102438
Kangsŏn	Kangson	KP	Asia/Pyongyang	102436
La Vega	La Vega	DO	America/Santo_Domingo	102426
Shāhzādpur	Shahzadpur	BD	Asia/Dhaka	102420
Tulancingo	Tulancingo	MX	America/Mexico_City	102406
Perdizes	Perdizes	BR	America/Sao_Paulo	102391
Yono	Yono	JP	Asia/Tokyo	102364
Apatzingán	Apatzingan	MX	America/Mexico_City	102362
Ciutat Vella	Ciutat Vella	ES	Europe/Madrid	102347
Hillsboro	Hillsboro	US	America/Los_Angeles	102347
Mormugao	Mormugao	IN	Asia/Kolkata	102345
Seoni	Seoni	IN	Asia/Kolkata	102343
Shabqadar	Shabqadar	PK	Asia/Karachi	102340
Mitte	Mitte	DE	Europe/Berlin	102338
Sabanalarga	Sabanalarga	CO	America/Bogota	102334
Jishou	Jishou	CN	Asia/Shanghai	102332
Ngong	Ngong	KE	Africa/Nairobi	102323
Francisco Beltrão	Francisco Beltrao	BR	America/Sao_Paulo	102312
Sebeta	Sebeta	ET	Africa/Addis_Ababa	102300
Artëm	Artem	RU	Asia/Vladivostok	102300
Tsuyama	Tsuyama	JP	Asia/Tokyo	102294
Limerick	Limerick	IE	Europe/Dublin	102287
Aurangābād	Aurangabad	IN	Asia/Kolkata	102244
Lampa	Lampa	CL	America/Santiago	102234
Sungai Penuh	Sungai Penuh	ID	Asia/Jakarta	102224
Ukhta	Ukhta	RU	Europe/Moscow	102187
Japeri	Japeri	BR	America/Sao_Paulo	102171
Nakhon Si Thammarat	Nakhon Si Thammarat	TH	Asia/Bangkok	102152
Putatan	Putatan	PH	Asia/Manila	102146
Shuifu	Shuifu	CN	Asia/Shanghai	102143
Kani	Kani	JP	Asia/Tokyo	102143
Ōnojō	Onojo	JP	Asia/Tokyo	102085
Kot Radha Kishan	Kot Radha Kishan	PK	Asia/Karachi	102057
Al Jumayl	Al Jumayl	LY	Africa/Tripoli	102000
Shchukino	Shchukino	RU	Europe/Moscow	102000
Brateyevo	Brateyevo	RU	Europe/Moscow	102000
Maldonado	Maldonado	UY	America/Montevideo	102000
Venlo	Venlo	NL	Europe/Amsterdam	101988
Mairiporã	Mairipora	BR	America/Sao_Paulo	101937
Novara	Novara	IT	Europe/Rome	101916
Shūshtar	Shushtar	IR	Asia/Tehran	101878
Wilmersdorf	Wilmersdorf	DE	Europe/Berlin	101877
Al-Musayab	Al-Musayab	IQ	Asia/Baghdad	101873
Pôr do Sol	Por do Sol	BR	America/Sao_Paulo	101866
Parintins	Parintins	BR	America/Manaus	101855
Hedong	Hedong	CN	Asia/Shanghai	101825
Hinganghāt	Hinganghat	IN	Asia/Kolkata	101805
Zonguldak	Zonguldak	TR	Europe/Istanbul	101749
Iğdır	Igdir	TR	Europe/Istanbul	101700
Kawachi-Nagano	Kawachi-Nagano	JP	Asia/Tokyo	101692
Eastbourne	Eastbourne	GB	Europe/London	101689
Dhamtari	Dhamtari	IN	Asia/Kolkata	101677
Delta	Delta	CA	America/Vancouver	101668
Orsha	Orsha	BY	Europe/Minsk	101662
Worcester	Worcester	GB	Europe/London	101659
Las Cruces	Las Cruces	US	America/Denver	101643
Székesfehérvár	Szekesfehervar	HU	Europe/Budapest	101600
Lagarto	Lagarto	BR	America/Maceio	101579
Kindrativskyi	Kindrativskyi	UA	Europe/Kyiv	101565
Bath	Bath	GB	Europe/London	101557
Sidi Slimane	Sidi Slimane	MA	Africa/Casablanca	101541
Leme	Leme	BR	America/Sao_Paulo	101537
Iida	Iida	JP	Asia/Tokyo	101536
Los Puertos de Altagracia	Los Puertos de Altagracia	VE	America/Caracas	101527
South Bend	South Bend	US	America/Indiana/Indianapolis	101516
Kansk	Kansk	RU	Asia/Krasnoyarsk	101502
Kalmiuskyi	Kalmiuskyi	UA	Europe/Kyiv	101498
Chilliwack	Chilliwack	CA	America/Vancouver	101491
Queenstown Estate	Queenstown Estate	SG	Asia/Singapore	101480
Argenteuil	Argenteuil	FR	Europe/Paris	101475
Khanty-Mansiysk	Khanty-Mansiysk	RU	Asia/Yekaterinburg	101466
Isulan	Isulan	PH	Asia/Manila	101455
Itaim Bibi	Itaim Bibi	BR	America/Sao_Paulo	101452
Mbaké	Mbake	SN	Africa/Dakar	101451
Pavlohrad	Pavlohrad	UA	Europe/Kyiv	101430
Simmering	Simmering	AT	Europe/Vienna	101420
Mustafakemalpaşa	Mustafakemalpasa	TR	Europe/Istanbul	101412
Burayu	Burayu	ET	Africa/Addis_Ababa	101400
Chilakalūrupet	Chilakalurupet	IN	Asia/Kolkata	101398
Malappuram	Malappuram	IN	Asia/Kolkata	101386
Ébolowa	Ebolowa	CM	Africa/Douala	101363
Dartmouth	Dartmouth	CA	America/Halifax	101343
Orihuela	Orihuela	ES	Europe/Madrid	101321
Kallang	Kallang	SG	Asia/Singapore	101290
Sangju	Sangju	KR	Asia/Seoul	101267
Perling	Perling	MY	Asia/Kuala_Lumpur	101263
Albany	Albany	US	America/New_York	101228
São Cristóvão	Sao Cristovao	BR	America/Maceio	101213
Medina Estates	Medina Estates	GH	Africa/Accra	101207
Chakwal	Chakwal	PK	Asia/Karachi	101200
Ngã Bảy	Nga Bay	VN	Asia/Ho_Chi_Minh	101192
Gillingham	Gillingham	GB	Europe/London	101187
Suruç	Suruc	TR	Europe/Istanbul	101178
Huacheng	Huacheng	CN	Asia/Shanghai	101165
Ocaña	Ocana	CO	America/Bogota	101158
Hồng Ngự	Hong Ngu	VN	Asia/Ho_Chi_Minh	101155
Daoukro	Daoukro	CI	Africa/Abidjan	101136
Tokuyama	Tokuyama	JP	Asia/Tokyo	101133
Ţimā	Tima	EG	Africa/Cairo	101130
Donghae City	Donghae City	KR	Asia/Seoul	101128
Standerton	Standerton	ZA	Africa/Johannesburg	101101
Kanoya	Kanoya	JP	Asia/Tokyo	101096
Mokopane	Mokopane	ZA	Africa/Johannesburg	101090
Dikirnis	Dikirnis	EG	Africa/Cairo	101082
New Bedford	New Bedford	US	America/New_York	101079
Lāhījān	Lahijan	IR	Asia/Tehran	101073
Leuven	Leuven	BE	Europe/Brussels	101032
Mezhdurechensk	Mezhdurechensk	RU	Asia/Novokuznetsk	101026
Bānswāra	Banswara	IN	Asia/Kolkata	101017
Jolo	Jolo	PH	Asia/Manila	101002
Ryazanskiy	Ryazanskiy	RU	Europe/Moscow	101000
Novyye Cherëmushki	Novyye Cheremushki	RU	Europe/Moscow	101000
Elbasan	Elbasan	AL	Europe/Tirane	100903
Pechersk	Pechersk	UA	Europe/Kyiv	100900
Ijok	Ijok	MY	Asia/Kuala_Lumpur	100899
Vista	Vista	US	America/Los_Angeles	100890
Davie	Davie	US	America/New_York	100882
Errachidia	Errachidia	MA	Africa/Casablanca	100870
Twifu Praso	Twifu Praso	GH	Africa/Accra	100851
Red Deer	Red Deer	CA	America/Edmonton	100844
Solikamsk	Solikamsk	RU	Asia/Yekaterinburg	100812
El Progreso	El Progreso	HN	America/Tegucigalpa	100810
Chirmiri	Chirmiri	IN	Asia/Kolkata	100800
Barra do Piraí	Barra do Pirai	BR	America/Sao_Paulo	100764
Chikusei	Chikusei	JP	Asia/Tokyo	100753
Sungailiat	Sungailiat	ID	Asia/Jakarta	100750
Arezzo	Arezzo	IT	Europe/Rome	100734
Újpest	Ujpest	HU	Europe/Budapest	100694
Calasiao	Calasiao	PH	Asia/Manila	100686
Glazov	Glazov	RU	Europe/Samara	100676
Rosarito	Rosarito	MX	America/Tijuana	100660
Kallithéa	Kallithea	GR	Europe/Athens	100641
Ahar	Ahar	IR	Asia/Tehran	100641
Juan Díaz	Juan Diaz	PA	America/Panama	100636
Yên Bái	Yen Bai	VN	Asia/Bangkok	100631
Grogol	Grogol	ID	Asia/Jakarta	100613
Nāḩiyat al Iskandarīyah	Nahiyat al Iskandariyah	IQ	Asia/Baghdad	100600
Puerto Barrios	Puerto Barrios	GT	America/Guatemala	100593
Bakwa	Bakwa	CD	Africa/Lubumbashi	100575
Itārsi	Itarsi	IN	Asia/Kolkata	100574
Chinatown	Chinatown	US	America/Los_Angeles	100574
Votuporanga	Votuporanga	BR	America/Sao_Paulo	100568
Si Maha Phot	Si Maha Phot	TH	Asia/Bangkok	100563
Hà Tiên	Ha Tien	VN	Asia/Ho_Chi_Minh	100560
Oleksiyivka	Oleksiyivka	UA	Europe/Kyiv	100500
Masjed Soleymān	Masjed Soleyman	IR	Asia/Tehran	100497
Los Rastrojos	Los Rastrojos	VE	America/Caracas	100497
Vasco da Gama	Vasco da Gama	IN	Asia/Kolkata	100485
Barakaldo	Barakaldo	ES	Europe/Madrid	100435
Lianjiang	Lianjiang	CN	Asia/Shanghai	100341
Oleksandrivskyi	Oleksandrivskyi	UA	Europe/Kyiv	100330
Ermelo	Ermelo	ZA	Africa/Johannesburg	100324
Klagenfurt am Wörthersee	Klagenfurt am Woerthersee	AT	Europe/Vienna	100316
Linxi	Linxi	CN	Asia/Shanghai	100316
Tiébo	Tiebo	SN	Africa/Dakar	100289
Gangtok	Gangtok	IN	Asia/Kolkata	100286
Datia	Datia	IN	Asia/Kolkata	100284
Sakado	Sakado	JP	Asia/Tokyo	100275
Sakata	Sakata	JP	Asia/Tokyo	100273
Ust’-Ilimsk	Ust'-Ilimsk	RU	Asia/Irkutsk	100271
Girona	Girona	ES	Europe/Madrid	100266
Renton	Renton	US	America/Los_Angeles	100242
Chust	Chust	UZ	Asia/Tashkent	100200
Kalmunai	Kalmunai	LK	Asia/Colombo	100171
Udine	Udine	IT	Europe/Rome	100170
Xinzhai	Xinzhai	CN	Asia/Shanghai	100168
Phagwāra	Phagwara	IN	Asia/Kolkata	100146
Izumisano	Izumisano	JP	Asia/Tokyo	100131
Trier	Trier	DE	Europe/Berlin	100129
Ginowan	Ginowan	JP	Asia/Tokyo	100125
Inda Silasē	Inda Silase	ET	Africa/Addis_Ababa	100100
Negara	Negara	ID	Asia/Makassar	100074
Caçapava	Cacapava	BR	America/Sao_Paulo	100071
Qaşr Bin Ghashīr	Qasr Bin Ghashir	LY	Africa/Tripoli	100069
Renala Khurd	Renala Khurd	PK	Asia/Karachi	100054
Punta Cana	Punta Cana	DO	America/Santo_Domingo	100023
Roanoke	Roanoke	US	America/New_York	100011
Kangding	Kangding	CN	Asia/Shanghai	100000
Alamar	Alamar	CU	America/Havana	100000
Becontree	Becontree	GB	Europe/London	100000
Sumedang Utara	Sumedang Utara	ID	Asia/Jakarta	100000
Jaffa	Jaffa	IL	Asia/Jerusalem	100000
Airoli	Airoli	IN	Asia/Kolkata	100000
Shahrak-e Pardīsān	Shahrak-e Pardisan	IR	Asia/Tehran	100000
P’yŏngsŏng	P'yongsong	KP	Asia/Pyongyang	100000
Tājūrā’	Tajura'	LY	Africa/Tripoli	100000
Colonia Lindavista	Colonia Lindavista	MX	America/Mexico_City	100000
Sentul	Sentul	MY	Asia/Kuala_Lumpur	100000
Seri Manjung	Seri Manjung	MY	Asia/Kuala_Lumpur	100000
Bandar Mahkota Cheras	Bandar Mahkota Cheras	MY	Asia/Kuala_Lumpur	100000
Alasia	Alasia	NG	Africa/Lagos	100000
Raja Jang	Raja Jang	PK	Asia/Karachi	100000
Model Town	Model Town	PK	Asia/Karachi	100000
Subotica	Subotica	RS	Europe/Belgrade	100000
Tekstil’shchiki	Tekstil'shchiki	RU	Europe/Moscow	100000
Nyagatare	Nyagatare	RW	Africa/Kigali	100000
Sabt Alalayah	Sabt Alalayah	SA	Asia/Riyadh	100000
Sakiet ez Zit	Sakiet ez Zit	TN	Africa/Tunis	100000
